titulo_ptbr,titulo_original,tagline,diretor,ano,genero,keywords,poster
A Origem,Inception,Your mind is the scene of the crime.,Christopher Nolan,2010,"Action, Science Fiction, Adventure","rescue, mission, dream, airplane, paris, france, virtual reality, kidnapping, philosophy, spy, allegory, manipulation, car crash, heist, memory, architecture, los angeles, california, dream world, subconscious",https://image.tmdb.org/t/p/w500/oYuLEt3zVCKq57qu2F8dT7NIa6f.jpg
Interestelar,Interstellar,Mankind was born on Earth. It was never meant to die here.,Christopher Nolan,2014,"Adventure, Drama, Science Fiction","rescue, future, spacecraft, race against time, artificial intelligence (a.i.), nasa, time warp, dystopia, expedition, space travel, wormhole, famine, black hole, quantum mechanics, family relationships, space, robot, astronaut, scientist, single father, farmer, space station, curious, space adventure, time paradox, thoughtful, time-manipulation, father daughter relationship, 2060s, cornfield, time manipulation, complicated",https://image.tmdb.org/t/p/w500/gEU2QniE6E77NI6lCU6MxlNBvIx.jpg
Batman: O Cavaleiro das Trevas,The Dark Knight,Welcome to a world without rules.,Christopher Nolan,2008,"Drama, Action, Crime, Thriller","joker, sadism, chaos, secret identity, crime fighter, superhero, anti hero, scarecrow, based on comic, vigilante, organized crime, tragic hero, anti villain, criminal mastermind, district attorney, super power, super villain, neo-noir",https://image.tmdb.org/t/p/w500/qJ2tW6WMUDux911r6m7haRef0WH.jpg
Avatar,Avatar,Enter the world of Pandora.,James Cameron,2009,"Action, Adventure, Fantasy, Science Fiction","future, society, culture clash, space travel, space war, space colony, tribe, romance, alien, futuristic, space, alien planet, marine, soldier, battle, love affair, nature, anti war, power relations, joyful",https://image.tmdb.org/t/p/w500/kyeqWdyUXW608qlYkRqosgbbJyK.jpg
Os Vingadores,The Avengers,Some assembly required.,Joss Whedon,2012,"Science Fiction, Action, Adventure","new york city, superhero, shield, based on comic, alien invasion, superhero team, aftercreditsstinger, duringcreditsstinger, marvel cinematic universe (mcu)",https://image.tmdb.org/t/p/w500/RYMX2wcKCBAr24UyPD7xwmjaTn.jpg
Deadpool,Deadpool,Witness the beginning of a happy ending.,Tim Miller,2016,"Action, Adventure, Comedy","superhero, anti hero, mercenary, based on comic, aftercreditsstinger, duringcreditsstinger",https://image.tmdb.org/t/p/w500/zq8Cl3PNIDGU3iWNRoc5nEZ6pCe.jpg
Vingadores: Guerra Infinita,Avengers: Infinity War,An entire universe. Once and for all.,"Anthony Russo, Joe Russo",2018,"Adventure, Action, Science Fiction","sacrifice, magic, superhero, based on comic, space, battlefield, genocide, magical object, super power, aftercreditsstinger, marvel cinematic universe (mcu), cosmic",https://image.tmdb.org/t/p/w500/7WsyChQLEftFiDOVTGkv3hFpyyt.jpg
Clube da Luta,Fight Club,Mischief. Mayhem. Soap.,David Fincher,1999,Drama,"dual identity, rage and hate, based on novel or book, nihilism, fight, support group, dystopia, insomnia, alter ego, breaking the fourth wall, split personality, quitting a job, dissociative identity disorder, self destructiveness",https://image.tmdb.org/t/p/w500/pB8BM7pdSp6B6Ih7QZ4DrQ3PmJK.jpg
Guardiões da Galáxia,Guardians of the Galaxy,All heroes start somewhere.,James Gunn,2014,"Action, Science Fiction, Adventure","spacecraft, based on comic, space, orphan, adventurer, aftercreditsstinger, duringcreditsstinger, marvel cinematic universe (mcu)",https://image.tmdb.org/t/p/w500/r7vmZjiyZw9rpJMQJdXpjgiCOk9.jpg
Pulp Fiction: Tempo de Violência,Pulp Fiction,Just because you are a character doesn't mean you have character.,Quentin Tarantino,1994,"Thriller, Crime","drug dealer, boxer, massage, stolen money, briefcase, crime boss, redemption, heirloom, dance competition, los angeles, california, theft, nonlinear timeline, multiple storylines, neo-noir, hilarious",https://image.tmdb.org/t/p/w500/d5iIlFn5s0ImszYzBPb8JPIfbXD.jpg
Forrest Gump - O Contador de Histórias,Forrest Gump,The world will never be the same once you've seen it through the eyes of Forrest Gump.,Robert Zemeckis,1994,"Comedy, Drama, Romance","vietnam war, vietnam veteran, mentally disabled, friendship, usa president, washington dc, usa, post-traumatic stress disorder (ptsd), waitress, china, based on novel or book, hippie, single parent, parent child relationship, optimism, 1970s, drug addiction, autism, alabama, black panther party, bus stop, family relationships, single mother, military, anti war protest, 1960s, college american football, mother son relationship, loving, feel-good",https://image.tmdb.org/t/p/w500/arw2vcBveWOVZr6pxd9XTd1TdQa.jpg
Harry Potter e a Pedra Filosofal,Harry Potter and the Philosopher's Stone,Let the magic begin.,Chris Columbus,2001,"Adventure, Fantasy","witch, school friend, friendship, london, england, based on novel or book, magic, boarding school, child hero, school of witchcraft, chosen one, school, shopping, fantasy world, wizard, christmas, based on young adult novel, owl, wizarding world",https://image.tmdb.org/t/p/w500/wuMc08IPKEatf9rnMNXvIDxqP4W.jpg
Homem de Ferro,Iron Man,Heroes aren't born. They're built.,Jon Favreau,2008,"Action, Science Fiction, Adventure","middle east, superhero, arms dealer, malibu, based on comic, aftercreditsstinger, marvel cinematic universe (mcu), counterterrorism",https://image.tmdb.org/t/p/w500/78lPtwv72eTNqFW9COBYI0dWDJa.jpg
Django Livre,Django Unchained,"Life, liberty and the pursuit of vengeance.",Quentin Tarantino,2012,"Drama, Western","rescue, friendship, bounty hunter, texas, slavery, plantation, rivalry, revenge, shootout, racism, kindness, dentist, django, slave trade, aftercreditsstinger, black slave, agreement, 19th century, chattanooga, german, cotton plantation, plantation owner, old west, western, 1850s, mississippi",https://image.tmdb.org/t/p/w500/7oWY8VDWW7thTzWh3OKYRkWUlD5.jpg
Um Sonho de Liberdade,The Shawshank Redemption,Fear can hold you prisoner. Hope can set you free.,Frank Darabont,1994,"Drama, Crime","prison, friendship, police brutality, corruption, based on novel or book, hope, prison cell, delinquent, redemption, parole board, prison escape, wrongful imprisonment, interracial friendship, framed for murder, 1940s, voiceover",https://image.tmdb.org/t/p/w500/lyQBXzOQSuE59IsHyhrp0qIiPAz.jpg
Vingadores: Ultimato,Avengers: Endgame,Avenge the fallen.,"Anthony Russo, Joe Russo",2019,"Adventure, Science Fiction, Action","superhero, time travel, space travel, time machine, based on comic, sequel, alien invasion, superhero team, marvel cinematic universe (mcu), alternate timeline, father daughter relationship, sister sister relationship",https://image.tmdb.org/t/p/w500/or06FN3Dka5tukK1e9sl16pB3iy.jpg
Matrix,The Matrix,Welcome to the Real World.,"Lana Wachowski, Lilly Wachowski",1999,"Action, Science Fiction","man vs machine, martial arts, dream, artificial intelligence (a.i.), saving the world, hacker, self sacrifice, virtual reality, fight, prophecy, truth, philosophy, dystopia, insurgence, simulated reality , cyberpunk, dream world, woman director, messiah, action hero, gnosticism, complex",https://image.tmdb.org/t/p/w500/f89U3ADr1oiB1s9GkdPOEpXUk5H.jpg
Titanic,Titanic,Nothing on Earth could come between them.,James Cameron,1997,"Drama, Romance","epic, ship, drowning, panic, shipwreck, evacuation, iceberg, titanic, forbidden love, ocean liner, based on true story, rich woman poor man, love, tragedy, tragic love, disaster, historical fiction, class differences, love affair, historical event, lifeboat, star crossed lovers, sinking ship, steerage, rich snob, disaster movie, 1910s, sunken ship, absurd, sinister, romantic, tragic",https://image.tmdb.org/t/p/w500/9xjZS2rlVxm8SFx8kPC3aIGCOYQ.jpg
Coringa,Joker,Put on a happy face.,Todd Phillips,2019,"Crime, Thriller, Drama","dream, street gang, society, psychopath, clown, villain, based on comic, murder, psychological thriller, criminal mastermind, mental illness, anarchy, character study, clown makeup, subway train, social realism, supervillain, tv host, 1980s, mother son relationship, origin story, falling into madness, depressing",https://image.tmdb.org/t/p/w500/udDclJoHjfjb8Ekgsd4FDteOkCU.jpg
O Senhor dos Anéis: A Sociedade do Anel,The Lord of the Rings: The Fellowship of the Ring,One ring to rule them all,Peter Jackson,2001,"Adventure, Fantasy, Action","based on novel or book, orcs, elves, dwarf, magic, loss of loved one, river, fireworks, mine, maze, mountain, new zealand, castle, volcano, birthday party, addiction, uncle, fugitive, battle, death, blizzard, wizard, journey, ring, live action and animation, sword and sorcery, nz",https://image.tmdb.org/t/p/w500/6oom5QYQ2yQTMJIbnvbkBL9cHo6.jpg
O Senhor dos Anéis: O Retorno do Rei,The Lord of the Rings: The Return of the King,The eye of the enemy is moving.,Peter Jackson,2003,"Adventure, Fantasy, Action","based on novel or book, orcs, elves, dwarf, bravery, suspicion, volcano, addiction, honor, royalty, troll, brutality, ghost, wizard, quest, live action and animation, sword and sorcery",https://image.tmdb.org/t/p/w500/rCzpDGLbOoPwLjy3OAm5NUPOTrC.jpg
Ilha do Medo,Shutter Island,Some places never let you go.,Martin Scorsese,2010,"Drama, Thriller, Mystery","island, based on novel or book, hurricane, investigation, u.s. marshal, conspiracy theory, psychiatric hospital, psychological thriller, whodunit, neo-noir, 1950s",https://image.tmdb.org/t/p/w500/4GDy0PHYX3VRXUtwK5ysFbg3kEx.jpg
O Lobo de Wall Street,The Wolf of Wall Street,Earn. Spend. Party.,Martin Scorsese,2013,"Crime, Drama, Comedy","corruption, drug addiction, anti hero, con man, fraud, wall street, based on true story, rise and fall, con artist, money, stockbroker, wealthy, drugs, stripping, hedonism, decadence, corrupt, 1980s, sharemarket fraud, financial market, black monday, joyful",https://image.tmdb.org/t/p/w500/34m2tygAYBGqA9MXKhRDtzYd4MR.jpg
Vingadores: Era de Ultron,Avengers: Age of Ultron,A new age has come.,Joss Whedon,2015,"Action, Adventure, Science Fiction","artificial intelligence (a.i.), superhero, based on comic, sequel, superhero team, duringcreditsstinger, marvel cinematic universe (mcu), fictitious country, evil robot",https://image.tmdb.org/t/p/w500/4ssDuvEDkSArWEdyBl2X5EHvYKU.jpg
Capitão América: Guerra Civil,Captain America: Civil War,United we stand. Divided we fall.,"Anthony Russo, Joe Russo",2016,"Adventure, Action, Science Fiction","civil war, superhero, based on comic, sequel, aftercreditsstinger, duringcreditsstinger, marvel cinematic universe (mcu), excited",https://image.tmdb.org/t/p/w500/rAGiXaUfPzY7CDEyNKUofk3Kw2e.jpg
Batman: O Cavaleiro das Trevas Ressurge,The Dark Knight Rises,The Legend Ends,Christopher Nolan,2012,"Action, Crime, Drama, Thriller","fight, burglar, hostage, secret identity, crime fighter, superhero, villainess, time bomb, based on comic, cover-up, vigilante, tragic hero, mobile, terrorism, destruction, fighting, criminal underworld, cat burglar, flood",https://image.tmdb.org/t/p/w500/hr0L2aueqlP2BYUblTTjmtn0hw4.jpg
Homem de Ferro 3,Iron Man 3,Unleash the power behind the armor.,Shane Black,2013,"Action, Adventure, Science Fiction","california, war on terror, superhero, malibu, based on comic, tennessee, billionaire, aftercreditsstinger, marvel cinematic universe (mcu), christmas, america",https://image.tmdb.org/t/p/w500/qhPtAc1TKbMPqNvcdXSOn9Bn7hZ.jpg
Pantera Negra,Black Panther,Long live the king.,Ryan Coogler,2018,"Action, Adventure, Science Fiction","africa, superhero, based on comic, aftercreditsstinger, duringcreditsstinger, marvel cinematic universe (mcu)",https://image.tmdb.org/t/p/w500/uxzzxijgPIY7slzFvMotPv8wjKA.jpg
Doutor Estranho,Doctor Strange,The impossibilities are endless.,Scott Derrickson,2016,"Action, Adventure, Fantasy","magic, superhero, training, time, based on comic, sorcerer, doctor, neurosurgeon, wizard, aftercreditsstinger, duringcreditsstinger, marvel cinematic universe (mcu)",https://image.tmdb.org/t/p/w500/uGBVj3bEbCoZbDjjl9wTxcygko1.jpg
Mad Max: Estrada da Fúria,Mad Max: Fury Road,What a Lovely Day.,George Miller,2015,"Action, Adventure, Science Fiction","rescue, future, australia, chase, dystopia, post-apocalyptic future, survival, on the run, on the road, convoy, peak oil, dark future",https://image.tmdb.org/t/p/w500/8tZYtuWezp8JbcsvHYO0O46tFbo.jpg
Bastardos Inglórios,Inglourious Basterds,Once upon a time in Nazi occupied France...,Quentin Tarantino,2009,"Drama, Thriller, War","guerrilla warfare, swastika, paris, france, nazi, self sacrifice, sadism, dynamite, mexican standoff, world war ii, jew persecution, masochism, anti-semitism, german occupation of france, british politics, revisionist history, adolf hitler",https://image.tmdb.org/t/p/w500/7sfbEnaARXDDhKm0CZ7D7uc2sbo.jpg
Jogos Vorazes,The Hunger Games,May The Odds Be Ever In Your Favor.,Gary Ross,2012,"Science Fiction, Adventure, Fantasy","based on novel or book, revolution, dystopia, female protagonist, bow and arrow, game, archery, death match, forced to kill, based on young adult novel",https://image.tmdb.org/t/p/w500/yXCbOiVDCxO71zI7cuwBRXdftq8.jpg
Homem-Aranha: De Volta ao Lar,Spider-Man: Homecoming,Homework can wait. The city can't.,Jon Watts,2017,"Action, Adventure, Science Fiction, Drama","high school, new york city, washington dc, usa, superhero, based on comic, reboot, aftercreditsstinger, marvel cinematic universe (mcu)",https://image.tmdb.org/t/p/w500/c24sv2weTHPsmDa7jEMN0m2P3RT.jpg
Harry Potter e a Câmara Secreta,Harry Potter and the Chamber of Secrets,Hogwarts is back in session.,Chris Columbus,2002,"Adventure, Fantasy","witch, flying car, elves, magic, sword, diary, child hero, school of witchcraft, giant spider, black magic, giant snake, child driving car, wizard, aftercreditsstinger, christmas, based on young adult novel, wizarding world",https://image.tmdb.org/t/p/w500/sdEOH0992YZ0QSxgXNIGLq1ToUi.jpg
Guardiões da Galáxia Vol. 2,Guardians of the Galaxy Vol. 2,Obviously.,James Gunn,2017,"Science Fiction, Adventure, Action","superhero, based on comic, sequel, misfit, space, aftercreditsstinger, duringcreditsstinger, marvel cinematic universe (mcu)",https://image.tmdb.org/t/p/w500/y4MBh0EjBlMuOzv9axM4qJlmhzz.jpg
O Senhor dos Anéis: As Duas Torres,The Lord of the Rings: The Two Towers,A New Power Is Rising.,Peter Jackson,2002,"Adventure, Fantasy, Action","mission, army, based on novel or book, funeral, orcs, elves, dwarf, explosive, fort, cave, siege, addiction, attack, dragon, guide, death, split personality, wizard, ring, live action and animation, sword and sorcery",https://image.tmdb.org/t/p/w500/5VTN0pR8gcqV3EPUHHfMGnJYN9L.jpg
Capitão América: O Primeiro Vingador,Captain America: The First Avenger,When patriots become heroes,Joe Johnston,2011,"Action, Adventure, Science Fiction","new york city, nazi, superhero, world war ii, heroism, shield, based on comic, super soldier, period drama, brooklyn, new york city, aftercreditsstinger, marvel cinematic universe (mcu), origin story, soldiers, war",https://image.tmdb.org/t/p/w500/vSNxAJTlD0r02V9sPYpOjqDZXUK.jpg
Esquadrão Suicida,Suicide Squad,Worst. Heroes. Ever.,David Ayer,2016,"Action, Adventure, Fantasy","secret mission, superhero, anti hero, villain, supervillain, dc extended universe (dceu)",https://image.tmdb.org/t/p/w500/xFw9RXKZDvevAGocgBK0zteto4U.jpg
Harry Potter e o Prisioneiro de Azkaban,Harry Potter and the Prisoner of Azkaban,Something wicked this way comes.,Alfonso Cuarón,2004,"Adventure, Fantasy","witch, school friend, friendship, flying, magic, bus, traitor, child hero, school of witchcraft, black magic, time travel, school, best friend, werewolf, muggle, wizard, aftercreditsstinger, magical creature, night bus, teenage life, christmas, school class, based on young adult novel, magic spell, wizarding world",https://image.tmdb.org/t/p/w500/aWxwnYoe8p2d2fcxOqtvAtJ72Rw.jpg
Thor,Thor,Two worlds. One hero.,Kenneth Branagh,2011,"Adventure, Fantasy, Action","new mexico, superhero, redemption, banishment, based on comic, brother against brother, norse mythology, aftercreditsstinger, marvel cinematic universe (mcu), worlds collide, god of thunder, fantasy",https://image.tmdb.org/t/p/w500/prSfAi1xGrhLQNxVSUFh61xQ4Qy.jpg
Homem de Ferro 2,Iron Man 2,"It's not the armor that makes the hero, but the man inside.",Jon Favreau,2010,"Adventure, Action, Science Fiction","technology, superhero, malibu, based on comic, revenge, aftercreditsstinger, marvel cinematic universe (mcu), break out",https://image.tmdb.org/t/p/w500/6WBeq4fCfn7AN0o21W9qNcRF2l9.jpg
Batman Begins,Batman Begins,Evil fears the knight.,Christopher Nolan,2005,"Action, Crime, Drama","martial arts, undercover, loss of loved one, secret identity, crime fighter, superhero, based on comic, rivalry, ninja, vigilante, tragic hero, super power, haunted by the past, evil doctor, master villain, unfulfilled love",https://image.tmdb.org/t/p/w500/4MpN4kIEqUjW8OPtOQJXlTdHiJV.jpg
Thor: Ragnarok,Thor: Ragnarok,No hammer. No problem.,Taika Waititi,2017,"Action, Adventure, Science Fiction","superhero, based on comic, sequel, alien planet, female villain, norse mythology, aftercreditsstinger, duringcreditsstinger, marvel cinematic universe (mcu), norse god, loki",https://image.tmdb.org/t/p/w500/rzRwTcFvttcN1ZpX2xv4j3tSdJu.jpg
Divertida Mente,Inside Out,Meet the little voices inside your head.,"Pete Docter, Ronnie Del Carmen",2015,"Animation, Family, Adventure, Drama, Comedy","dream, san francisco, california, minnesota, sadness, cartoon, ice hockey, imaginary friend, elementary school, family relationships, memory, family, unicorn, running away, duringcreditsstinger, emotions",https://image.tmdb.org/t/p/w500/2H1TmgdfNtsKlU9jKdeNyYL5y8T.jpg
Jurassic World - O Mundo dos Dinossauros,Jurassic World,The park is open.,Colin Trevorrow,2015,"Action, Adventure, Science Fiction, Thriller","island, primal fear, escape, velociraptor, dna, tyrannosaurus rex, animal attack, sequel, dinosaur, creature, park, amusement park, theme park, genetic engineering, raptor, animal horror, mosasaurus",https://image.tmdb.org/t/p/w500/A0LZHXUzo5C60Oahvt7VxvwuzHw.jpg
Seven - Os Sete Crimes Capitais,Se7en,Seven deadly sins. Seven ways to die.,David Fincher,1995,"Crime, Mystery, Thriller","drug dealer, rage and hate, police, s.w.a.t., sadism, self-fulfilling prophecy, psychopath, detective, rain, investigation, pension, evisceration, pride and vanity, immoderateness, insomnia, murder, serial killer, religion, seven deadly sins, depravity, neo-noir",https://image.tmdb.org/t/p/w500/6yoghtyTpznpBik8EngEmJskVUO.jpg
Harry Potter e o Cálice de Fogo,Harry Potter and the Goblet of Fire,Dark And Difficult Times Lie Ahead.,Mike Newell,2005,"Adventure, Fantasy","witch, dying and death, based on novel or book, magic, boarding school, world cup, maze, mermaid, school of witchcraft, black magic, chosen one, vision, school, tournament, dragon, wizard, teenage hero, christmas, based on young adult novel, wizarding world",https://image.tmdb.org/t/p/w500/fECBtHlr0RB3foNHDiCBXeg9Bv9.jpg
Piratas do Caribe: A Maldição do Pérola Negra,Pirates of the Caribbean: The Curse of the Black Pearl,Prepare to be blown out of the water.,Gore Verbinski,2003,"Adventure, Fantasy, Action","blacksmith, east india company, gold, exotic island, governor, skeleton, jamaica, british empire, pirate, swashbuckler, 18th century, caribbean sea, aftercreditsstinger, pirate ship, british navy, tortuga, based on theme park ride",https://image.tmdb.org/t/p/w500/z8onk7LV9Mmw6zKz4hT6pzzvmvl.jpg
Harry Potter e as Relíquias da Morte: Parte 2,Harry Potter and the Deathly Hallows: Part 2,It all ends here.,David Yates,2011,"Fantasy, Adventure","witch, dying and death, saving the world, self sacrifice, magic, school of witchcraft, sorcerer, school, battle, wizard, teenage hero, christmas, based on young adult novel, good versus evil, wizarding world",https://image.tmdb.org/t/p/w500/c54HpQmuwXjHq2C9wmoACjxoom3.jpg
Star Wars: Episódio IV - Uma Nova Esperança,Star Wars,"A long time ago in a galaxy far, far away...",George Lucas,1977,"Adventure, Action, Science Fiction","empire, galaxy, rebellion, android, hermit, smuggling (contraband), freedom, rebel, rescue mission, space, planet, desert, super power, oppression, space opera, wizard, totalitarianism",https://image.tmdb.org/t/p/w500/6FfCtAuVAW8XJjZ7eWeLibRLWTw.jpg
Mulher-Maravilha,Wonder Woman,Power. Grace. Wisdom. Wonder.,Patty Jenkins,2017,"Action, Adventure, Fantasy","island, hero, strong woman, world war i, empowerment, superhero, feminism, greek mythology, based on comic, female protagonist, period drama, super power, heroine, woman director, female empowerment, 1910s, dc extended universe (dceu)",https://image.tmdb.org/t/p/w500/imekS7f1OuHyUP2LAiTEM0zBzUz.jpg
Up: Altas Aventuras,Up,The greatest adventure is just getting back home.,"Pete Docter, Bob Peterson",2009,"Animation, Comedy, Family, Adventure","central and south america, age difference, balloon, travel, dog, duringcreditsstinger, pets, exploring, senior",https://image.tmdb.org/t/p/w500/vpbaStTMt8qqXaEgnOR2EE4DNJk.jpg
Homem-Formiga,Ant-Man,Heroes don't get any bigger.,Peyton Reed,2015,"Science Fiction, Action, Adventure","superhero, ant, shrinking, based on comic, heist, miniaturization, miniature people, aftercreditsstinger, duringcreditsstinger, marvel cinematic universe (mcu)",https://image.tmdb.org/t/p/w500/8YxOIPrabqkQCOKKbuxaz9IcqhO.jpg
O Poderoso Chefão,The Godfather,An offer you can't refuse.,Francis Ford Coppola,1972,"Drama, Crime","based on novel or book, loss of loved one, love at first sight, italy, symbolism, patriarch, europe, organized crime, mafia, religion, lawyer, revenge motive, crime family, sicilian mafia, religious hypocrisy, gun violence, rise to power, dead horse, gang violence, 1940s, 1950s, mafia war",https://image.tmdb.org/t/p/w500/3bhkrj58Vtu7enYsRolD1fZdja1.jpg
Perdido em Marte,The Martian,Bring Him Home,Ridley Scott,2015,"Drama, Adventure, Science Fiction","spacecraft, planet mars, based on novel or book, nasa, isolation, botanist, alone, survival, space, engineering, stranded, astronaut, struggle for survival, duringcreditsstinger, deep space, potatoes, 2030s",https://image.tmdb.org/t/p/w500/5BHuvQ6p9kfc091Z8RiFNhCwL4b.jpg
De Volta para o Futuro,Back to the Future,He's the only kid ever to get into trouble before he was born.,Robert Zemeckis,1985,"Adventure, Comedy, Science Fiction","flying car, race against time, clock tower, car race, lightning, guitar, plutonium, inventor, journey in the past, invention, time travel, bullying, mad scientist, fish out of water, terrorism, teenage love, destiny, hidden identity, love and romance, teenage life, changing the past or future, 1950s, tiempo, amused",https://image.tmdb.org/t/p/w500/fNOH9f1aA7XRTzl1sAOx9iF553Q.jpg
Star Wars: O Despertar da Força,Star Wars: The Force Awakens,Every generation has a story.,J.J. Abrams,2015,"Adventure, Action, Science Fiction","android, spacecraft, space opera",https://image.tmdb.org/t/p/w500/wqnLdwVXoBjKibFRR5U3y0aDUhs.jpg
Homem-Aranha: Sem Volta para Casa,Spider-Man: No Way Home,The Multiverse unleashed.,Jon Watts,2021,"Action, Adventure, Science Fiction","new york city, hero, showdown, magic, loss of loved one, secret identity, superhero, villain, portal, sequel, vigilante, superhero team, alternate reality, masked vigilante, spider web, aftercreditsstinger, duringcreditsstinger, marvel cinematic universe (mcu), fight for justice, teen superhero, superhero teamup, returning hero, crossover, teamwork",https://image.tmdb.org/t/p/w500/5weKu49pzJCt06OPpjvT80efnQj.jpg
Harry Potter e a Ordem da Fênix,Harry Potter and the Order of the Phoenix,Evil Must Be Confronted.,David Yates,2007,"Adventure, Fantasy","witch, dying and death, court, magic, prophecy, loss of loved one, professor, supernatural, child hero, school of witchcraft, black magic, sorcery, occult, wizard, christmas, scholar, mystical land, ministry, based on young adult novel, wizarding world",https://image.tmdb.org/t/p/w500/5aOyriWkPec0zUDxmHFP9qMmBaj.jpg
Harry Potter e o Enigma do Príncipe,Harry Potter and the Half-Blood Prince,Dark Secrets Revealed,David Yates,2009,"Adventure, Fantasy","witch, dying and death, london, england, magic, school of witchcraft, apparition, curse, teenage crush, school, werewolf, teenage love, luck, wizard, secret past, christmas, based on young adult novel, wizarding world",https://image.tmdb.org/t/p/w500/z7uo9zmQdQwU5ZJHFpv2Upl30i1.jpg
Logan,Logan,His time has come.,James Mangold,2017,"Action, Drama, Science Fiction","future, experiment, immortality, self-destruction, cyborg, dystopia, superhero, mutant, road trip, based on comic, sequel, super power, neo-western, troubled past, aging superhero, life on the margin",https://image.tmdb.org/t/p/w500/fnbjcRDYn6YviCcePDnGdyAkYsB.jpg
Procurando Nemo,Finding Nemo,There are 3.7 trillion fish in the ocean. They're looking for one.,"Andrew Stanton, Lee Unkrich",2003,"Animation, Family","sydney, australia, parent child relationship, anthropomorphism, harbor, underwater, shark, pelican, fish tank, great barrier reef, sea turtle, missing child, aftercreditsstinger, duringcreditsstinger, short term memory loss, clownfish, father son reunion, protective father",https://image.tmdb.org/t/p/w500/ggQ6o8X5984OCh3kZi2UIJQJY5y.jpg
It: A Coisa,It,You’ll float too,Andy Muschietti,2017,"Horror, Fantasy","small town, based on novel or book, clown, bullying, abandoned house, coming of age, flashback, murder, balloon, maine, school, creature, fear, summer, killer, missing person, death of brother, well, child, demonic, town history, anxious, intense",https://image.tmdb.org/t/p/w500/9E2y5Q7WlCVNEhP5GiVTjhEhx1o.jpg
John Wick: De Volta ao Jogo,John Wick,Don't set him off.,Chad Stahelski,2014,"Action, Thriller","hitman, bratva (russian mafia), gangster, secret organization, revenge, murder, dog, retired, widower",https://image.tmdb.org/t/p/w500/fZPSd91yGE9fCcCe6OoQr6E3Bev.jpg
Animais Fantásticos e Onde Habitam,Fantastic Beasts and Where to Find Them,From J.K. Rowling's wizarding world.,David Yates,2016,"Fantasy, Adventure, Family","witch, new york city, robbery, escape, teleportation, magic, suitcase, mistake, spin off, subway station, central park, wizard, goblin, magical creature, 1920s, wizarding world",https://image.tmdb.org/t/p/w500/h6NYfVUyM6CDURtZSnBpz647Ldd.jpg
Harry Potter e as Relíquias da Morte: Parte 1,Harry Potter and the Deathly Hallows: Part 1,One Way… One Fate… One Hero.,David Yates,2010,"Adventure, Fantasy","witch, friendship, london, england, corruption, escape, teleportation, isolation, magic, bravery, radio, road trip, shelter, tension, attack, werewolf, road movie, wizard, christmas, based on young adult novel, wizarding world",https://image.tmdb.org/t/p/w500/iGoXIpQb7Pot00EEdwpwPajheZ5.jpg
Viva: A Vida é uma Festa,Coco,The celebration of a lifetime,"Lee Unkrich, Adrian Molina",2017,"Family, Animation, Fantasy, Music, Comedy, Adventure","skeleton, mexico, guitar, afterlife, musician, holiday, singer, life after death, child, day of the dead, pixar",https://image.tmdb.org/t/p/w500/gGEsBPAijhVUFoiNpgZXqRVWJt2.jpg
Capitão América: O Soldado Invernal,Captain America: The Winter Soldier,In heroes we trust.,"Anthony Russo, Joe Russo",2014,"Action, Adventure, Science Fiction","future, washington dc, usa, superhero, shield, based on comic, aftercreditsstinger, duringcreditsstinger, marvel cinematic universe (mcu), political thriller",https://image.tmdb.org/t/p/w500/tVFRpFw3xTedgPGqxW0AOI8Qhh0.jpg
Homem-Aranha,Spider-Man,With great power comes great responsibility.,Sam Raimi,2002,"Fantasy, Action","new york city, adolescence, photographer, loss of loved one, photography, secret identity, hostility, superhero, spider, bad boss, villain, based on comic, teenage boy, teenage love, evil, super villain, taking responsibility",https://image.tmdb.org/t/p/w500/gh4cZbhZxyTbgxQPxD0dOudNPTn.jpg
WALL·E,WALL·E,"After 700 years of doing what he was built for, he'll discover what he was meant for.",Andrew Stanton,2008,"Animation, Family, Science Fiction","garbage, dystopia, space travel, distant future, loneliness, robot, aftercreditsstinger, duringcreditsstinger",https://image.tmdb.org/t/p/w500/hbhFnRzzg6ZDmm8YAmxBnQpQIPh.jpg
Garota Exemplar,Gone Girl,You don't know what you've got 'til it's...,David Fincher,2014,"Mystery, Thriller, Drama","infidelity, based on novel or book, wife, marriage crisis, investigation, disappearance, psychological thriller, whodunit, missing person, search party, criminal lawyer, murder suspect, missing wife, perspective, manipulative woman, killed during sex, dramatic, amused",https://image.tmdb.org/t/p/w500/qymaJhucquUwjpb8oiqynMeXnID.jpg
O Hobbit: Uma Jornada Inesperada,The Hobbit: An Unexpected Journey,From the smallest beginnings come the greatest legends.,Peter Jackson,2012,"Adventure, Fantasy, Action","based on novel or book, orcs, elves, dwarf, horseback riding, sword, burglar, legend, riddle, mountain, travel, troll, creature, thunderstorm, fantasy world, wizard, epic battle, lost ring, journey, goblin, tunnel, underground lake, buried treasure, invisibility, quest, frantic, good versus evil, backstory, epic fantasy, fantasy creature, dwarves, epic quest",https://image.tmdb.org/t/p/w500/yHA9Fc37VmpUA5UncTxxo3rTGVA.jpg
Monstros S.A.,"Monsters, Inc.",We Scare Because We Care.,"Pete Docter, David Silverman, Lee Unkrich",2001,"Animation, Comedy, Family","monster, panic, cheating, kidnapping, door, infant, villain, portal, rivalry, energy supply, friends, hijinks, best friend, chameleon, family, parallel world, conveyor belt, invisibility, energy company, conspirators",https://image.tmdb.org/t/p/w500/sgheSKxZkttIe8ONsf2sWXPgip3.jpg
Toy Story,Toy Story,Hang on for the comedy that goes to infinity and beyond!,John Lasseter,1995,"Animation, Adventure, Family, Comedy","rescue, friendship, mission, martial arts, jealousy, bullying, elementary school, rivalry, anthropomorphism, friends, computer animation, buddy, walkie talkie, toy car, boy next door, new toy, neighborhood, toy comes to life, resourcefulness",https://image.tmdb.org/t/p/w500/uXDfjJbdP4ijW5hWSBrPrlKpxab.jpg
O Regresso,The Revenant,"(n. One who has returned, as if from the dead.)",Alejandro G. Iñárritu,2015,"Western, Drama, Adventure","rape, based on novel or book, parent child relationship, winter, child murder, mountain, grizzly bear, wilderness, gore, native american, forest, based on true story, liar, fur trapping, frontier, remake, revenge, survival, murder, bear, snow, scalping, nature, wild west, bear attack, indian attack, dead horse, starvation, 19th century, wolves",https://image.tmdb.org/t/p/w500/ji3ecJphATlVgWNY0B0RVXZizdf.jpg
Batman vs Superman: A Origem da Justiça,Batman v Superman: Dawn of Justice,Who will win?,Zack Snyder,2016,"Action, Adventure, Fantasy","superhero, based on comic, revenge, vigilante, leading man, super power, questioning, philosophical, dc extended universe (dceu), complex, man vs man, leading men, hero vs hero",https://image.tmdb.org/t/p/w500/5UsK3grJvtQrtzEgqNlDljJW96w.jpg
O Rei Leão,The Lion King,Life's greatest adventure is finding your place in the Circle of Life.,"Roger Allers, Rob Minkoff",1994,"Family, Animation, Drama","father murder, loss of loved one, africa, lion, manipulation, redemption, musical, uncle, murder, warthog, shaman, king, scar, family, hyena, meerkat, nature, mandrill, powerful",https://image.tmdb.org/t/p/w500/sKCr78MXSLixwmZ8DyJLrpMsd15.jpg
Gladiador,Gladiator,A hero will rise.,Ridley Scott,2000,"Action, Drama, Adventure","epic, gladiator, rome, italy, arena, senate, roman empire, parent child relationship, emperor, slavery, ancient rome, revenge, battlefield, slave auction, historical fiction, ancient world, combat, chariot, philosopher, barbarian horde, 2nd century, successor, commodus, maximus",https://image.tmdb.org/t/p/w500/ty8TGRuvJLPUmAR1H1nRIsgwvim.jpg
O Show de Truman: O Show da Vida,The Truman Show,On the air. Unaware.,Peter Weir,1998,"Comedy, Drama","paranoia, dystopia, suspicion, video surveillance, deception, hidden camera, simulated reality , television producer, tv show in film, make believe",https://image.tmdb.org/t/p/w500/vuza0WqY239yBXOadKlGwJsZJFE.jpg
Os Incríveis,The Incredibles,"No gut, no glory",Brad Bird,2004,"Action, Adventure, Animation, Family","island, hero, secret identity, superhero, wretch, cartoon, lawsuit, family relationships, super power, 1950s, 1960s, superhero family",https://image.tmdb.org/t/p/w500/2LqaLgk4Z226KkgPJuiOQ58wvrm.jpg
A Chegada,Arrival,Why are they here?,Denis Villeneuve,2016,"Drama, Science Fiction, Mystery","spacecraft, loss, time, alien, language, female protagonist, scientist, heartbreak, based on short story, military, alien language, linguist, first contact, communication, linguistics, time-manipulation, time manipulation",https://image.tmdb.org/t/p/w500/x2FJsf1ElAgr63Y3PNPtJrcmpoe.jpg
Parasita,기생충,Act like you own the place.,Bong Joon Ho,2019,"Comedy, Thriller, Drama","dark comedy, private lessons, birthday party, con artist, working class, psychological thriller, class differences, housekeeper, tutor, family, crime family, unemployed, satirical, desperate, wealthy family, complex, south korea, seoul, south korea, critical, egotistical, hilarious, intense, baffled, callous, dubious, farcical, mean spirited, straightforward, urgent",https://image.tmdb.org/t/p/w500/7IiTTgloJzvGI1TAYymCfbfl3vT.jpg
Thor: O Mundo Sombrio,Thor: The Dark World,Delve into the darkness,Alan Taylor,2013,"Action, Adventure, Fantasy","superhero, based on comic, hostile takeover, norse mythology, aftercreditsstinger, duringcreditsstinger, marvel cinematic universe (mcu), mythological place",https://image.tmdb.org/t/p/w500/wp6OxE4poJ4G7c0U2ZIXasTSMR7.jpg
O Espetacular Homem-Aranha,The Amazing Spider-Man,The untold story begins.,Marc Webb,2012,"Action, Adventure, Fantasy","experiment, loss of loved one, superhero, based on comic, vigilante, teenage girl, violent death, teenage boy, super power, spider bite, masked vigilante, reboot, genetic engineering, social outcast, death of husband, duringcreditsstinger, virus, teen superhero, teenage angst, vigilante justice",https://image.tmdb.org/t/p/w500/jIfkQNARYyERqRAq1p1c8xgePp4.jpg
Fragmentado,Split,Kevin has 23 distinct personalities. The 24th is about to be unleashed.,M. Night Shyamalan,2017,"Horror, Thriller","child abuse, kidnapping, gore, sequel, stalking, teenage girl, super power, mental illness, split personality, multiple personality, traumatic childhood, dissociative identity disorder",https://image.tmdb.org/t/p/w500/lli31lYTFpvxVBeFHWoe5PMfW5s.jpg
Deadpool 2,Deadpool 2,Prepare for the Second Coming.,David Leitch,2018,"Action, Comedy, Adventure","hero, superhero, mutant, mercenary, based on comic, sequel, aftercreditsstinger, duringcreditsstinger",https://image.tmdb.org/t/p/w500/to0spRl1CMDvyUbOnbb4fTk3VAd.jpg
O Iluminado,The Shining,"He came as the caretaker, but this hotel had its own guardians - who'd been there a long time",Stanley Kubrick,1980,"Horror, Thriller","hotel, child abuse, based on novel or book, isolation, telepathy, delusion, grave, snowstorm, colorado, seclusion, surrealism, alcoholism, premonition, psychic power, caretaker, loneliness, vision, domestic violence, postmodern, psychological thriller, writer, electronic music score, twins, labyrinth, cynical, alcoholic, blizzard, mutilation, bloody body of child, extrasensory perception, uxoricide, motherhood, filicide, snowed in, burial ground, hypothermia, haunted hotel, psychological disintegration, detached, paranoid, vexed, afi, frantic, pediatrician, repetition, mother son relationship, malicious, supernatural power, anxious, supernatural horror, ghost child, psychotronic film, writers-block, cabin fever, psychological horror, negative, deal with the devil, nuclear family, avant garde, yosemite national park, egotistical, twin sisters, identical twins, arrogant, assertive, demeaning, enraged, frustrated, harsh, mean spirited, sardonic",https://image.tmdb.org/t/p/w500/xazWoLealQwEgqZ89MLZklLZD3k.jpg
Kill Bill: Volume 1,Kill Bill: Vol. 1,A roaring rampage of revenge.,Quentin Tarantino,2003,"Action, Crime","martial arts, japan, kung fu, showdown, coma, sword, asia, yakuza, bride, sword fight, revenge, vigilante, female yakuza, animated scene, wedding, samurai sword, eye patch, retribution",https://image.tmdb.org/t/p/w500/v7TaX8kXMXs5yFFGR41guUDNcnB.jpg
Jogos Vorazes: Em Chamas,The Hunger Games: Catching Fire,Every revolution begins with a spark.,Francis Lawrence,2013,"Adventure, Action, Science Fiction","rebellion, based on novel or book, propaganda, dystopia, games, uprising, sequel, president, survival, murder, conspiracy, female protagonist, tournament, based on young adult novel",https://image.tmdb.org/t/p/w500/vrQHDXjVmbYzadOXQ0UaObunoy2.jpg
Intocáveis,Intouchables,Sometimes you have to reach into someone else's world to find out what's missing in your own.,"Olivier Nakache, Éric Toledano",2011,"Drama, Comedy","friendship, male friendship, based on true story, masseuse, aristocrat, paragliding, interracial friendship, unlikely friendship, duringcreditsstinger, quadriplegic, quadriplegia, loving, feel good, intouchables",https://image.tmdb.org/t/p/w500/323BP0itpxTsO0skTwdnVmf7YC9.jpg
Corra!,Get Out,"Just because you're invited, doesn't mean you're welcome.",Jordan Peele,2017,"Mystery, Thriller, Horror","kidnapping, externally controlled action, manipulation, dark comedy, hypnosis, parents-in-law, satire, racist, revenge, interracial relationship, disappearance, racism, psychological thriller, neurosurgeon, missing person, stereotype, brain surgery, race-conscious, pretentious",https://image.tmdb.org/t/p/w500/mE24wUCfjK8AoBBjaMjho7Rczr7.jpg
O Jogo da Imitação,The Imitation Game,The true enigma was the man who cracked the code.,Morten Tyldum,2014,"History, Drama, Thriller, War","england, homophobia, world war ii, mathematician, genius, biography, male homosexuality, code breaking, lgbt, logician, cryptography, math genius, gay theme, codes",https://image.tmdb.org/t/p/w500/zSqJ1qFq8NXFfi7JeIYMlzyR0dx.jpg
Bohemian Rhapsody,Bohemian Rhapsody,Fearless lives forever,Bryan Singer,2018,"Music, Drama, History","london, england, aids, musician, 1970s, queen, biography, based on true story, singer, hiv, male homosexuality, fame, rock band, lgbt, 1980s, gay theme, music movie",https://image.tmdb.org/t/p/w500/lHu1wtNaczFPGFDTrjCSzeLPTKN.jpg
À Espera de um Milagre,The Green Mile,Miracles do happen.,Frank Darabont,1999,"Fantasy, Drama, Crime","mentally disabled, based on novel or book, southern usa, psychopath, death row, jail guard, supernatural, great depression, prison guard, jail, electric chair, torture, magic realism, healing, 1930s, abuse of power",https://image.tmdb.org/t/p/w500/8VG8fDNiy50H4FedGwdSVUPoaJe.jpg
Maze Runner: Correr ou Morrer,The Maze Runner,Remember. Survive. Run.,Wes Ball,2014,"Action, Mystery, Science Fiction, Thriller","based on novel or book, escape, dystopia, maze, post-apocalyptic future, memory loss, erased memory, trapped, runner, based on young adult novel",https://image.tmdb.org/t/p/w500/ode14q7WtDugFDp78fo9lCsmay9.jpg
"Se Beber, Não Case!",The Hangover,Some guys just can't handle Vegas.,Todd Phillips,2009,Comedy,"blackjack, stag night, lost weekend, chapel, hit with tire iron, memory loss, las vegas, drugs",https://image.tmdb.org/t/p/w500/uluhlXubGu1VxU63X9VHCLWDAYP.jpg
Star Wars: Episódio V - O Império Contra-Ataca,The Empire Strikes Back,The Adventure Continues...,Irvin Kershner,1980,"Adventure, Action, Science Fiction","rebellion, android, spacecraft, asteroid, rebel, space battle, snowstorm, space colony, swamp, space opera, artic",https://image.tmdb.org/t/p/w500/nNAeTmF4CtdSgMDplXTDPOpYzsX.jpg
Shrek,Shrek,The greatest fairy tale never told.,"Andrew Adamson, Vicky Jenson",2001,"Animation, Comedy, Fantasy, Adventure, Family","princess, magic, fairy tale, donkey, liberation, lordship, prince, castle, robin hood, enchantment, swamp, parody, anthropomorphism, dragon, woman director, ogre, cartoon donkey, shrek cinematic universe",https://image.tmdb.org/t/p/w500/dyhaB19AICF7TO7CK2aD6KfymnQ.jpg
Ratatouille,Ratatouille,He's dying to become a chef.,"Brad Bird, Jan Pinkava",2007,"Animation, Comedy, Family, Fantasy","work, sibling relationship, paris, france, expensive restaurant, river, confidence, evacuation, mouse, leaving one's family, restaurant critic, spice, cookbook, food, chef, sewer, unlikely friendship, rat, french cuisine",https://image.tmdb.org/t/p/w500/t3vaWRPSf6WjDSamIkKDs1iQWna.jpg
Kingsman: Serviço Secreto,Kingsman: The Secret Service,Manners maketh man.,Matthew Vaughn,2014,"Crime, Comedy, Action, Adventure","great britain, spy, secret organization, secret agent, based on comic, united kingdom, duringcreditsstinger, spy universe",https://image.tmdb.org/t/p/w500/ay7xwXn1G9fzX9TUBlkGA584rGi.jpg
La La Land - Cantando Estações,La La Land,Here's to the fools who dream.,Damien Chazelle,2016,"Comedy, Drama, Romance, Music","dancing, dance, jazz, musical, ambition, casting, coffee shop, jazz club, traffic jam, hollywood, los angeles, california, pianist, pier, audition, planetarium, aspiring actor, movie set, sunset, one woman show, pool party, griffith observatory",https://image.tmdb.org/t/p/w500/uDO8zWDhfWwoFdKS4fzkUJt0Rf0.jpg
Frozen: Uma Aventura Congelante,Frozen,Only the act of true love will thaw a frozen heart.,"Chris Buck, Jennifer Lee",2013,"Animation, Family, Adventure, Fantasy","princess, magic, mistake in person, queen, cartoon, musical, betrayal, snowman, reindeer, curse, snow, troll, based on children's book, mountain climbing, evil prince, based on fairy tale, aftercreditsstinger, frozen, woman director, sister sister relationship, relaxed, magic land, joyful",https://image.tmdb.org/t/p/w500/kgwjIb2JDHRhNk13lmSxiClFjVk.jpg
Dunkirk,Dunkirk,"When 400,000 men couldn't get home, home came for them.",Christopher Nolan,2017,"War, Action, Drama","army, beach, france, allies, military officer, world war ii, evacuation, pilot, british army, rescue mission, europe, based on true story, royal navy, survival, historical fiction, soldier, private, military, dunkirk, 1940s, royal air force, raf",https://image.tmdb.org/t/p/w500/b4Oe15CGLL61Ped0RAS9JpqdmCt.jpg
Zootopia - Essa Cidade é o Bicho,Zootopia,Welcome to the urban jungle.,"Byron Howard, Rich Moore, Jared Bush",2016,"Animation, Adventure, Family, Comedy","sheep, allegory, lion, hippopotamus, cartoon, bullying, polar bear, con artist, anthropomorphism, revenge, conspiracy, urban, female protagonist, rookie cop, missing person, racial prejudice, injustice, reconciliation, buddy cop, stereotype, cartoon rabbit, discrimination, cartoon bear, cartoon animal, cartoon fox, cartoon elephant",https://image.tmdb.org/t/p/w500/hlK0e0wAQ3VLuJcsfIYPvb4JVud.jpg
Lucy,Lucy,The average person uses 10% of their brain capacity. Imagine what she could do with 100%.,Luc Besson,2014,"Action, Science Fiction","artificial intelligence (a.i.), telepathy, intelligence, drug mule, telekinesis, futuristic, drugs, super power, tough girl, surgery, brain capacity, synthetic drug, human brain, amused",https://image.tmdb.org/t/p/w500/dhjyfcwEoW6jJ4Q7DpZTp6E58GA.jpg
Jurassic Park,Jurassic Park,An adventure 65 million years in the making.,Steven Spielberg,1993,"Adventure, Science Fiction","exotic island, island, triceratops, brontosaurus, electric fence, dna, tyrannosaurus rex, paleontology, dinosaur, amusement park, theme park",https://image.tmdb.org/t/p/w500/oU7Oq2kFAAlGqbU4VoAE36g4hoI.jpg
O Silêncio dos Inocentes,The Silence of the Lambs,To enter the mind of a killer she must challenge the mind of a madman.,Jonathan Demme,1991,"Crime, Drama, Thriller","based on novel or book, kidnapping, psychopath, fbi, murder, serial killer, psychological thriller, brutality, cannibal, moth, virginia, neo-noir",https://image.tmdb.org/t/p/w500/uS9m8OBk1A8eM9I042bx8XXpqAq.jpg
A Viagem de Chihiro,千と千尋の神隠し,,Hayao Miyazaki,2001,"Animation, Family, Fantasy","witch, parent child relationship, darkness, bath house, magic, spirit, parallel world, amusement park, youkai, japanese mythology, anime",https://image.tmdb.org/t/p/w500/39wmItIWsg5sZMyRUHLkWBcuVCM.jpg
A Bela e a Fera,Beauty and the Beast,Be our guest.,Bill Condon,2017,"Family, Fantasy, Romance","france, magic, fairy tale, transformation, cartoon, castle, musical, remake, curse, creature, 18th century, beast, live action and animation, live action remake",https://image.tmdb.org/t/p/w500/hKegSKIDep2ewJWPUQD7u0KqFIp.jpg
Piratas do Caribe: O Baú da Morte,Pirates of the Caribbean: Dead Man's Chest,Captain Jack is back!,Gore Verbinski,2006,"Adventure, Fantasy, Action","witch, daughter, ship, east india company, exotic island, bondage, monster, captain, fortune teller, compass, sword fight, pirate, cannibal, swashbuckler, kraken, aftercreditsstinger, based on theme park ride",https://image.tmdb.org/t/p/w500/uXEqmloGyP7UXAiphJUu2v2pcuE.jpg
Operação Big Hero,Big Hero 6,,"Don Hall, Chris Williams",2014,"Adventure, Family, Animation, Action, Comedy","friendship, martial arts, hero, sibling relationship, san francisco, california, superhero, talent, cartoon, based on comic, revenge, tokyo, japan, best friend, another dimension, robot, east asian lead, boy genius, aftercreditsstinger, moral dilemma, teen superhero, dead brother",https://image.tmdb.org/t/p/w500/2mxS4wUimwlLmI1xp6QW6NSU361.jpg
Truque de Mestre,Now You See Me,4 amazing magicians. 3 impossible heists. 1 billion dollars. This is no illusion.,Louis Leterrier,2013,"Thriller, Crime","new york city, paris, france, escape, magic, bank, fbi, vault, new orleans, louisiana, investigation, heist, money, conspiracy, las vegas, magician",https://image.tmdb.org/t/p/w500/tWsNYbrqy1p1w6K9zRk0mSchztT.jpg
Jogos Vorazes: A Esperança - Parte 1,The Hunger Games: Mockingjay - Part 1,Fire burns brighter in the darkness,Francis Lawrence,2014,"Science Fiction, Adventure, Thriller","based on novel or book, resistance, dystopia, post-apocalyptic future, sequel, female protagonist, bow and arrow, game, future war, revolt, class prejudice, human subjugation, based on young adult novel",https://image.tmdb.org/t/p/w500/4FAA18ZIja70d1Tu5hr5cj2q1sB.jpg
Venom,Venom,The world has enough Superheroes.,Ruben Fleischer,2018,"Science Fiction, Action","spacecraft, san francisco, california, superhero, anti hero, alien life-form, based on comic, aftercreditsstinger, duringcreditsstinger, business tycoon, symbiote, genetic experiment",https://image.tmdb.org/t/p/w500/2uNW4WbgBXL25BAbXGLnLqX71Sw.jpg
O Grande Truque,The Prestige,Are You Watching Closely?,Christopher Nolan,2006,"Drama, Mystery, Science Fiction","dying and death, suicide, class society, magic, competition, obsession, hostility, class, diary, twist, tricks, illusion, rivalry, partner, steampunk, cruelty, hanging, jail cell, 19th century, nikola tesla, magician, tesla coil, bittersweet, secret, london, mind-blowing, depressing",https://image.tmdb.org/t/p/w500/Ag2B2KHKQPukjH7WutmgnnSNurZ.jpg
Eu Sou a Lenda,I Am Legend,The last man on Earth is not alone,Francis Lawrence,2007,"Drama, Science Fiction, Thriller","new york city, saving the world, based on novel or book, dystopia, post-apocalyptic future, lost civilisation, infection, matter of life and death, alone, helplessness, loneliness, zombie, virus, pandemic, pets",https://image.tmdb.org/t/p/w500/iPDkaSdKk2jRLTM65UOEoKtsIZ8.jpg
O Resgate do Soldado Ryan,Saving Private Ryan,The mission is a man.,Steven Spielberg,1998,"Drama, History, War","epic, army, airplane, self sacrifice, war veteran, war crimes, war ship, bravery, world war ii, normandy, france, parachute, troops, waffen ss, omaha beach, rescue mission, war memorial, cowardice, deserted town, based on true story, d-day, soldier, death, military, military operation, 1940s",https://image.tmdb.org/t/p/w500/uqx37cS8cpHg8U35f9U5IBlrCV3.jpg
Capitã Marvel,Captain Marvel,Higher. Further. Faster.,"Anna Boden, Ryan Fleck",2019,"Action, Adventure, Science Fiction","superhero, based on comic, alien invasion, super power, female hero, aftercreditsstinger, duringcreditsstinger, marvel cinematic universe (mcu), woman director, hero's journey, 1990s, alien technology",https://image.tmdb.org/t/p/w500/AtsgWhDnHTq68L0lLsUrCnM7TjG.jpg
Em Ritmo de Fuga,Baby Driver,All you need is one killer track.,Edgar Wright,2017,"Action, Crime","robbery, waitress, atlanta, crime boss, romance, heist, getaway car, on the run, shootout, bank robbery, getaway driver, sign languages, armed robbery, hearing impaired",https://image.tmdb.org/t/p/w500/rmnQ9jKW72bHu8uKlMjPIb2VLMI.jpg
A Lista de Schindler,Schindler's List,"Whoever saves one life, saves the world entire.",Steven Spielberg,1993,"Drama, History, War","factory, hero, based on novel or book, nazi, concentration camp, ss (nazi schutzstaffel), holocaust (shoah), world war ii, ghetto, jew persecution, kraków, poland, defense industry, auschwitz-birkenau concentration camp, biography, based on true story, industrialist, historical fiction, black and white, train, poland, weapons manufacturer, absurd",https://image.tmdb.org/t/p/w500/sF1U4EUQS8YHUYjNl3pMGNIQyr0.jpg
Star Wars: Episódio VI - O Retorno de Jedi,Return of the Jedi,The Empire Falls...,Richard Marquand,1983,"Adventure, Action, Science Fiction","spacecraft, sibling relationship, rebel, emperor, space battle, matter of life and death, forest, desert, space opera",https://image.tmdb.org/t/p/w500/jQYlydvHm3kUix1f8prMucrplhm.jpg
Homem-Aranha: Longe de Casa,Spider-Man: Far From Home,It’s time to step up.,Jon Watts,2019,"Action, Adventure, Science Fiction","venice, italy, superhero, school trip, europe, based on comic, sequel, destruction, aftercreditsstinger, duringcreditsstinger, marvel cinematic universe (mcu), tower of london",https://image.tmdb.org/t/p/w500/4q2NNj4S5dG2RLF9CpXsej7yXl.jpg
007 - Operação Skyfall,Skyfall,Think on your sins.,Sam Mendes,2012,"Action, Adventure, Thriller","spy, secret agent, sociopath, mi6, killer, art gallery, british secret service, uzi, booby trap, impersonating a police officer, macao, komodo dragon",https://image.tmdb.org/t/p/w500/d0IVecFQvsGdSbnMAHqiYsNYaJT.jpg
Gravidade,Gravity,Don't Let Go,Alfonso Cuarón,2013,"Science Fiction, Thriller, Drama","space mission, loss, space, astronaut, space station, trapped in space",https://image.tmdb.org/t/p/w500/kZ2nZw8D681aphje8NJi8EfbL1U.jpg
X-Men: Dias de um Futuro Esquecido,X-Men: Days of Future Past,"To save the future, they must alter the past.",Bryan Singer,2014,"Action, Adventure, Science Fiction","1970s, mutant, time travel, based on comic, superhuman, storm, political intrigue , extinction, beast, claws, aftercreditsstinger, changing the past or future",https://image.tmdb.org/t/p/w500/tYfijzolzgoMOtegh1Y7j2Enorg.jpg
Jogador Nº 1,Ready Player One,A better reality awaits.,Steven Spielberg,2018,"Adventure, Action, Science Fiction","future, based on novel or book, video game, virtual reality, dystopia, nostalgia, love, film in film, evil corporation, quest, 1980s, 2040s, based on young adult novel, columbus, ohio",https://image.tmdb.org/t/p/w500/pU1ULUq8D3iRxl1fdX2lZIzdHuI.jpg
Guerra Mundial Z,World War Z,Remember Philly!,Marc Forster,2013,"Action, Drama, Horror, Science Fiction, Thriller","philadelphia, pennsylvania, new jersey, based on novel or book, dystopia, jerusalem, israel, apocalypse, zombie, epidemic, nuclear weapons, multiple perspectives, zombie apocalypse, virus",https://image.tmdb.org/t/p/w500/1SWBSYJsnyhdNRfLI1T6RsCxAQ4.jpg
Prenda-Me Se for Capaz,Catch Me If You Can,The true story of a real fake.,Steven Spielberg,2002,"Drama, Crime","fbi, con man, biography, based on true story, attempted jailbreak, engagement party, mislaid trust, christmas, bank fraud",https://image.tmdb.org/t/p/w500/ctjEj2xM32OvBXCq8zAdK3ZrsAj.jpg
Rogue One: Uma História Star Wars,Rogue One: A Star Wars Story,A Rebellion Built on Hope,Gareth Edwards,2016,"Action, Adventure, Science Fiction","rebellion, spacecraft, rebel, space battle, space travel, prequel, female protagonist, space western, suicide mission, robot, spin off, space opera, alien language, against the odds, blind man",https://image.tmdb.org/t/p/w500/i0yw1mFbB7sNGHCs7EXZPzFkdA1.jpg
Star Wars: Os Últimos Jedi,Star Wars: The Last Jedi,Darkness rises... and light to meet it,Rian Johnson,2017,"Adventure, Action, Science Fiction","bunker, space battle, defeat, failure, sequel, space opera, military operation",https://image.tmdb.org/t/p/w500/kOVEVeg59E0wsnXmF9nrh6OmWII.jpg
O Homem de Aço,Man of Steel,You will believe that a man can fly.,Zack Snyder,2013,"Action, Adventure, Science Fiction","saving the world, flying, hope, superhero, based on comic, alien planet, superhuman, alien invasion, super power, mysterious force, reboot, save the day, dc extended universe (dceu), save the planet, origin story, alien spaceship",https://image.tmdb.org/t/p/w500/dksTL9NXc3GqPBRHYHcy1aIwjS.jpg
Meu Malvado Favorito,Despicable Me,Superbad. Superdad.,"Pierre Coffin, Chris Renaud",2010,"Family, Animation, Comedy","parent child relationship, orphanage, adoptive father, life's dream, rivalry, ballet, stealing, little girl, orphan, tomboy, intelligent, evil doctor, duringcreditsstinger, supervillain, despicable, illumination, minions",https://image.tmdb.org/t/p/w500/b1BT309QWjtFUlJPLmXmrcHOWEL.jpg
Homem-Aranha 2,Spider-Man 2,There's a hero in all of us.,Sam Raimi,2004,"Action, Adventure, Fantasy","new york city, dual identity, love of one's life, secret identity, superhero, pizza boy, based on comic, sequel, doctor, scientist, tentacle, death, super villain, young adult",https://image.tmdb.org/t/p/w500/olxpyq9kJAZ2NU1siLshhhXEPR7.jpg
Homem-Aranha: No Aranhaverso,Spider-Man: Into the Spider-Verse,More than one wears the mask.,"Bob Persichetti, Peter Ramsey, Rodney Rothman",2018,"Action, Adventure, Animation, Science Fiction","superhero, based on comic, aftercreditsstinger, alternate universe",https://image.tmdb.org/t/p/w500/iiZZdoQBEYBv6id8su7ImL0oCbD.jpg
A Fantástica Fábrica de Chocolate,Charlie and the Chocolate Factory,Prepare for a taste of adventure.,Tim Burton,2005,"Adventure, Comedy, Family, Fantasy","factory worker, london, england, based on novel or book, chocolate, candy, overweight child, parent child relationship, grandparent grandchild relationship, teacher, candy bar",https://image.tmdb.org/t/p/w500/wfGfxtBkhBzQfOZw4S8IQZgrH0a.jpg
Whiplash: Em Busca da Perfeição,Whiplash,The road to greatness can take you to the edge.,Damien Chazelle,2014,"Drama, Music","new york city, concert, jazz, obsession, music teacher, conservatory, montage, public humiliation, jazz band, young adult, music school, based on short film",https://image.tmdb.org/t/p/w500/7fn624j5lj3xTme2SgiLCeuedmO.jpg
Os Infiltrados,The Departed,Lies. Betrayal. Sacrifice. How far will you take it?,Martin Scorsese,2006,"Drama, Thriller, Crime","police, undercover, boston, massachusetts, gangster, irish-american, crime boss, friends, remake, mobster, organized crime, mafia, undercover cop, mole, state police, police training, realtor",https://image.tmdb.org/t/p/w500/nT97ifVT2J1yMQmeq20Qblg61T.jpg
O Grande Hotel Budapeste,The Grand Budapest Hotel,A murder case of Madam D. With enormous wealth and the most outrageous events surrounding her sudden death!,Wes Anderson,2014,"Comedy, Drama","hotel, painting, wartime, eastern europe, author, gunfight, theft, bellboy, mentor protégé relationship, european, hotel lobby, renaissance painting, 1960s, 1930s",https://image.tmdb.org/t/p/w500/eWdyYQreja6JGCzqHWXpWHDrrPo.jpg
Toy Story 3,Toy Story 3,No toy gets left behind.,Lee Unkrich,2010,"Animation, Family, Comedy","escape, hostage, college, sequel, buddy, daycare, teddy bear, duringcreditsstinger, toy comes to life, personification, inanimate objects come to life",https://image.tmdb.org/t/p/w500/AbbXspMOwdvwWZgVN0nabZq03Ec.jpg
Amnésia,Memento,Some memories are best forgotten.,Christopher Nolan,2000,"Mystery, Thriller","drug dealer, amnesia, insulin, tattoo, waitress, insurance salesman, motel, manipulation, flashback, confusion, revenge, murder, memory loss, psychological thriller, whodunit, los angeles, california, polaroid, based on short story, nonlinear timeline, individuality, phone call, neo-noir, reverse chronology",https://image.tmdb.org/t/p/w500/yuNs09hvpHVU1cBTCAk9zxsL2oW.jpg
Brilho Eterno de uma Mente sem Lembranças,Eternal Sunshine of the Spotless Mind,You can erase someone from your mind. Getting them out of your heart is another story.,Michel Gondry,2004,"Science Fiction, Drama, Romance","new york city, regret, jealousy, deja vu, amnesia, dream, operation, relationship problems, love, memory, brainwashing, relationship, heartbreak, nonlinear timeline, 2000s",https://image.tmdb.org/t/p/w500/5MwkWH9tYHv3mV9OdYTMR5qreIz.jpg
O Profissional,Léon: The Professional,"If you want a job done well, hire a professional.",Luc Besson,1994,"Crime, Drama, Action","hotel room, new york city, immigrant, assassin, police brutality, corruption, s.w.a.t., hitman, loss of loved one, training, revenge, murder, loneliness, neighbor, tragic love, city life, neo-noir, complex relationship",https://image.tmdb.org/t/p/w500/yI6X2cCM5YPJtxMhUd3dPGqDAhw.jpg
Cisne Negro,Black Swan,,Darren Aronofsky,2010,"Drama, Thriller, Horror","new york city, dancing, dancer, nightmare, competition, obsession, insanity, paranoia, hallucination, ballet dancer, ballet, female protagonist, psychological thriller, fear, heartbreak, mental illness, madness, reality vs fantasy, swan lake, ballerina, stage performance, aggressive, self-harm, mother daughter relationship, self destructiveness, theater, pointe shoes, adoring, melodramatic",https://image.tmdb.org/t/p/w500/rH19vkjAzCZ0HIUvrgB3rowm68h.jpg
V de Vingança,V for Vendetta,People should not be afraid of their governments. Governments should be afraid of their people.,James McTeigue,2006,"Action, Thriller, Science Fiction","government, detective, revolution, dystopia, fascism, fascist, chancellor, based on comic, revenge, torture, hatred, masked vigilante, vengeful spirit, activist, vengeful",https://image.tmdb.org/t/p/w500/1avD1JeaRiJX5M4ahPdZPypGoGN.jpg
Star Wars: Episódio I - A Ameaça Fantasma,Star Wars: Episode I - The Phantom Menace,Every generation has a legend. Every journey has a first step. Every saga has a beginning.,George Lucas,1999,"Adventure, Action, Science Fiction","galaxy, senate, taskmaster, prophecy, queen, apprentice, taxes, space opera",https://image.tmdb.org/t/p/w500/6wkfovpn7Eq8dYNKaG5PY3q2oq6.jpg
Ela,Her,A Spike Jonze love story.,Spike Jonze,2013,"Romance, Science Fiction, Drama","future, artificial intelligence (a.i.), computer, satire, love, loneliness, transhumanism, los angeles, california, heartbreak, singularity",https://image.tmdb.org/t/p/w500/eCOtqtfvn7mxGl6nfmq4b1exJRc.jpg
Piratas do Caribe: No Fim do Mundo,Pirates of the Caribbean: At World's End,"At the end of the world, the adventure begins.",Gore Verbinski,2007,"Adventure, Fantasy, Action","east india company, exotic island, strong woman, love of one's life, afterlife, traitor, singapore, shipwreck, sword fight, pirate, monkey, swashbuckler, flying dutchman, rum, sailing ship, aftercreditsstinger, british navy, mass hanging",https://image.tmdb.org/t/p/w500/jGWpG4YhpQwVmjyHEGkxEkeRf0S.jpg
O Hobbit: A Batalha dos Cinco Exércitos,The Hobbit: The Battle of the Five Armies,Witness the defining chapter of the Middle-Earth saga,Peter Jackson,2014,"Action, Adventure, Fantasy","corruption, based on novel or book, orcs, elves, dwarf, dragon, battle, unlikely friendship, epic battle, sword and sorcery",https://image.tmdb.org/t/p/w500/xT98tLqatZPQApyRmlPL12LtiWp.jpg
Cães de Aluguel,Reservoir Dogs,Every dog has his day.,Quentin Tarantino,1992,"Crime, Thriller","escape, jewelry, psychopath, traitor, heist, thief, betrayal, plan gone wrong, gang, nonlinear timeline, warehouse, told in flashback, heist gone wrong, botched robbery, foreshadowing, rendezvous, iconic, set in one room, uneasy alliance, rag tag group, based on short film",https://image.tmdb.org/t/p/w500/xi8Iu6qyTfyZVDVy60raIOYJJmk.jpg
Os Oito Odiados,The Hateful Eight,No one comes up here without a damn good reason.,Quentin Tarantino,2015,"Drama, Mystery, Western","bounty hunter, wyoming, usa, narration, mountain, hangman, whodunit, stagecoach, blizzard, post civil war, 19th century",https://image.tmdb.org/t/p/w500/jIywvdPjia2t3eKYbjVTcwBQlG8.jpg
Alien - O 8º Passageiro,Alien,In space no one can hear you scream.,Ridley Scott,1979,"Horror, Science Fiction","android, spacecraft, space marine, biology, dystopia, countdown, space suit, beheading, space travel, cowardice, alien, space, female protagonist, parasite, space opera, cosmos, xenomorph",https://image.tmdb.org/t/p/w500/vfrQk5IPloGg1v9Rzbh2Eg3VGyM.jpg
Sherlock Holmes,Sherlock Holmes,Nothing escapes him.,Guy Ritchie,2009,"Action, Adventure, Crime, Mystery","london, england, based on novel or book, detective, scotland yard, coffin, pentagram, black magic, arrest, partner, murder, serial killer, steampunk, whodunit, buddy, clue, observation, 19th century, sherlock, victorian era, sherlock holmes, sherlock films, mystery",https://image.tmdb.org/t/p/w500/momkKuWburNTqKBF6ez7rvhYVhE.jpg
Alice no País das Maravilhas,Alice in Wonderland,You're invited to a very important date.,Tim Burton,2010,"Family, Fantasy, Adventure","based on novel or book, queen, psychotic, fantasy world, disturbed, insecure, live action remake, based on young adult novel, mischievous, absurd, demeaning, derogatory, disdainful, disgusted, disheartening",https://image.tmdb.org/t/p/w500/o0kre9wRCZz3jjSjaru7QU0UtFz.jpg
Piratas do Caribe: Navegando em Águas Misteriosas,Pirates of the Caribbean: On Stranger Tides,Live Forever Or Die Trying.,Rob Marshall,2011,"Adventure, Action, Fantasy","sea, ship, mutiny, captain, spain, england, sword, prime minister, sailing, mermaid, duke, silver, pirate, soldier, battle, swashbuckler, 18th century, aftercreditsstinger, blackbeard, 1750s",https://image.tmdb.org/t/p/w500/keGfSvCmYj7CvdRx36OdVrAEibE.jpg
Homem-Aranha 3,Spider-Man 3,The battle within.,Sam Raimi,2007,"Fantasy, Action, Adventure","amnesia, dual identity, love of one's life, loss of loved one, forgiveness, hostility, superhero, sandstorm, spider, wretch, sand, narcissism, egomania, based on comic, sequel, revenge, symbiote",https://image.tmdb.org/t/p/w500/qFmwhVUoUSXjkKRmca5yGDEXBIj.jpg
Um Lugar Silencioso,A Quiet Place,"If they hear you, they hunt you.",John Krasinski,2018,"Horror, Drama, Science Fiction","pregnancy, fireworks, deaf, post-apocalyptic future, alien life-form, child in peril, creature, alien invasion, parenting, survival horror, human vs alien, sign languages, anxious",https://image.tmdb.org/t/p/w500/nAU74GmpUk7t5iklEp3bufwDq4n.jpg
Aquaman,Aquaman,Home Is Calling,James Wan,2018,"Action, Adventure, Fantasy","hero, chase, atlantis, superhero, half-brother, based on comic, royalty, underwater, duringcreditsstinger, quest, dc extended universe (dceu), advanced civilization, two worlds",https://image.tmdb.org/t/p/w500/xLPffWMhMj1l50ND3KchMjYoKmE.jpg
Kill Bill: Volume 2,Kill Bill: Vol. 2,The bride is back for the final cut.,Quentin Tarantino,2004,"Action, Crime, Thriller","daughter, martial arts, kung fu, showdown, right and justice, rage and hate, sibling relationship, swordplay, katana, mother role, single, sword fight, revenge, vigilante, retribution, aftercreditsstinger, duringcreditsstinger, kill bill",https://image.tmdb.org/t/p/w500/2yhg0mZQMhDyvUQ4rG1IZ4oIA8L.jpg
Carros,Cars,Ahhh... it's got that new movie smell.,"John Lasseter, Joe Ranft",2006,"Animation, Adventure, Comedy, Family","friendship, car race, success, route 66, porsche, retirement, road trip, anthropomorphism, rural area, los angeles, california, aftercreditsstinger, duringcreditsstinger",https://image.tmdb.org/t/p/w500/abW5AzHDaIK1n9C36VdAeOwORRA.jpg
Toy Story 2,Toy Story 2,The toys are back!,"John Lasseter, Ash Brannon, Lee Unkrich",1999,"Animation, Comedy, Family","friendship, airplane, museum, prosecution, identity crisis, flea market, collector, sequel, buddy, rescue team, garage sale, duringcreditsstinger, toy comes to life, personification, inanimate objects come to life",https://image.tmdb.org/t/p/w500/2MFIhZAW0CVlEQrFyqwa4U6zqJP.jpg
MIB: Homens de Preto,Men in Black,Protecting the Earth from the scum of the universe.,Barry Sonnenfeld,1997,"Action, Adventure, Comedy, Science Fiction","new york city, cannon, space marine, flying saucer, undercover, secret identity, superhero, deportation, illegal immigration, new identity, stay permit, giant cockroach, based on comic, alien, buddy cop, fictional government agency",https://image.tmdb.org/t/p/w500/uLOmOF5IzWoyrgIF5MfUnh5pa1X.jpg
No Limite do Amanhã,Edge of Tomorrow,Live. Die. Repeat.,Doug Liman,2014,"Action, Science Fiction","deja vu, based on novel or book, restart, military officer, dystopia, training, alien, time loop, soldier, based on manga, alien invasion, war hero, exoskeleton, soldiers, war",https://image.tmdb.org/t/p/w500/xjw5trHV7Mwo61P0kCTy8paEkgO.jpg
300,300,"Spartans, prepare for glory!",Zack Snyder,2007,"Action, Adventure, War","epic, army, narration, blood splatter, gore, based on comic, sword fight, massacre, ancient world, based on graphic novel, ancient greece, warrior, ancient warfare, sparta greece, 5th century bc, war, bloody death, sparta, spartans, battle of thermopylae, god king, battle axe",https://image.tmdb.org/t/p/w500/h7Lcio0c9ohxPhSZg42eTlKIVVY.jpg
Jumanji: Bem-Vindo à Selva,Jumanji: Welcome to the Jungle,The game has evolved.,Jake Kasdan,2017,"Adventure, Action, Comedy, Fantasy","video game, fighter, sequel, detention, explorer, based on movie, gaming, quest, cartographer, action hero, zoologist, based on young adult novel",https://image.tmdb.org/t/p/w500/pSgXKPU5h6U89ipF7HBYajvYt7j.jpg
Blade Runner: O Caçador de Andróides,Blade Runner,Man has made his match... now it's his problem.,Ridley Scott,1982,"Science Fiction, Drama, Thriller","android, flying car, bounty hunter, artificial intelligence (a.i.), genetics, based on novel or book, dystopia, futuristic, fugitive, cyberpunk, los angeles, california, electronic music score, alcoholic, tech noir, neo-noir, philosophical, blade runner, 2010s",https://image.tmdb.org/t/p/w500/fwhLegA6z40W0DIy6EGXhzDzlOP.jpg
Star Wars: Episódio III - A Vingança dos Sith,Star Wars: Episode III - Revenge of the Sith,The saga is complete.,George Lucas,2005,"Adventure, Action, Science Fiction","showdown, cult figure, vision, hatred, dream sequence, expectant mother, space opera, chancel",https://image.tmdb.org/t/p/w500/xfSAoBEm9MNBjmlNcDYLvLSMlnq.jpg
Até o Último Homem,Hacksaw Ridge,One of the greatest heroes in American history never fired a bullet.,Mel Gibson,2016,"Drama, History, War","japan, world war ii, violent father, pacifism, bible, gore, biography, based on true story, okinawa, conscientious objector, religion, soldier, alcoholic, war hero, medic, us military, battle of okinawa, congressional medal of honor",https://image.tmdb.org/t/p/w500/jcStBvbQt78tPeId5hC7a9jcDOK.jpg
Crepúsculo,Twilight,"When you can live forever, what do you live for?",Catherine Hardwicke,2008,"Fantasy, Drama, Romance","high school, soulmates, based on novel or book, immortality, vampire, forbidden love, teen movie, trust, desire, washington state, duringcreditsstinger, woman director, interspecies romance, based on young adult novel, supernatural power, good versus evil, high school romance, vampire human love",https://image.tmdb.org/t/p/w500/3Gkb6jm6962ADUPaCBqzz9CTbn9.jpg
Valente,Brave,Change your fate.,"Mark Andrews, Brenda Chapman, Steve Purcell",2012,"Animation, Adventure, Comedy, Family, Action, Fantasy","kingdom, scotland, rebel, bravery, wish, archer, bear, scot, rebellious daughter, turns into animal, archery, ruins, aftercreditsstinger, peace offering, woman director, insecure, quest, grim, mischievous, irreverent, absurd, derogatory, disdainful, disgusted, disheartening, disrespectful, frustrated, ridiculous",https://image.tmdb.org/t/p/w500/1XAuDtMWpL0sYSFK0R6EZate2Ux.jpg
Homem-Formiga e a Vespa,Ant-Man and the Wasp,Real heroes. Not actual size.,Peyton Reed,2018,"Action, Adventure, Science Fiction","van, dream, insect, flying, chase, fight, superhero, ant, nuclear missile, shrinking, based on comic, giant insect, sequel, flashback, house arrest, alternate dimension, tragic villain, laboratory, fugitive, school, miniaturization, montage, toy car, giant man, female villain, aftercreditsstinger, duringcreditsstinger, marvel cinematic universe (mcu), giant, action hero, father daughter relationship, mother daughter relationship",https://image.tmdb.org/t/p/w500/vzqq2KOoyI30zH7eaDU4rrCbSVP.jpg
Malévola,Maleficent,Don't believe the fairy tale.,Robert Stromberg,2014,"Fantasy, Adventure, Action, Family, Romance","friendship, magic, kingdom, fairy tale, fairy, prince, villain, enchantment, betrayal, curse, kindness, protector, childhood friends, good becoming evil, raven, dark fantasy, based on fairy tale, retelling, literary adaptation, true love, wings, sleeping spell, dark forest, live action remake, creatures, cursed princess, fairies",https://image.tmdb.org/t/p/w500/bDG3yei6AJlEAK3A5wN7RwFXQ7V.jpg
Passageiros,Passengers,There is a reason they woke up.,Morten Tyldum,2016,"Drama, Romance, Science Fiction","android, spacecraft, asteroid, isolation, shower, hibernation, swimming pool, automation, space, robot, space station, lying, gravity, trapped in space, malfunction, proprietary, fusion reactor",https://image.tmdb.org/t/p/w500/jK9S6HANSf2no64v1x1HxfcpmcA.jpg
As Aventuras de Pi,Life of Pi,Believe The Unbelievable,Ang Lee,2012,"Adventure, Drama","sea, faith, loss of loved one, 1970s, zebra, survival, young boy, zookeeper, orangutan, teenage boy, hyena, meerkat, magic realism, cargo ship, lifeboat, injured animal, storm at sea, told in flashback, wreckage, loss of family, teenage protagonist, family loss, flying fish",https://image.tmdb.org/t/p/w500/iLgRu4hhSr6V1uManX6ukDriiSc.jpg
Ex Machina: Instinto Artificial,Ex Machina,There is nothing more human than the will to survive,Alex Garland,2015,"Drama, Science Fiction","android, dancing, friendship, distrust, artificial intelligence (a.i.), isolation, technology, manipulation, deception, norway, laboratory, robot, power outage, surveillance camera, consciousness, existentialism, lockdown, philosophical, turing test, cybernetics, gynoid, female cyborg, human android relationship",https://image.tmdb.org/t/p/w500/dmJW8IAKHKxFNiUnoDR7JfsK7Rp.jpg
O Espetacular Homem-Aranha 2: A Ameaça de Electro,The Amazing Spider-Man 2,No more secrets.,Marc Webb,2014,"Action, Adventure, Fantasy","experiment, obsession, superhero, based on comic, sequel, electrocution, super power",https://image.tmdb.org/t/p/w500/c3e9e18SSlvFd1cQaGmUj5tqL5P.jpg
Blade Runner 2049,Blade Runner 2049,The key to the future is finally unearthed.,Denis Villeneuve,2017,"Science Fiction, Drama","future, android, bounty hunter, artificial intelligence (a.i.), genetics, dystopia, sequel, cyberpunk, los angeles, california, las vegas, tech noir, blade runner, 2040s, incredulous",https://image.tmdb.org/t/p/w500/gajva2L0rPYkEWjzgFlBXCAVBE5.jpg
A Era do Gelo,Ice Age,They came. They thawed. They conquered.,"Chris Wedge, Carlos Saldanha",2002,"Animation, Comedy, Family, Adventure","dying and death, human evolution, parent child relationship, squirrel, loss of loved one, mammoth, sloth, stone age, prehistory, prehistoric creature, saber-toothed tiger, cavemen, road movie, neanderthal, prehistoric man, ground sloth, hilarious, cheerful",https://image.tmdb.org/t/p/w500/gLhHHZUzeseRXShoDyC4VqLgsNv.jpg
Star Wars: Episódio II - Ataque dos Clones,Star Wars: Episode II - Attack of the Clones,A Jedi Shall Not Know Anger. Nor Hatred. Nor Love.,George Lucas,2002,"Adventure, Action, Science Fiction","army, laser gun, senate, investigation, cult figure, wedding, kendo, space opera, spaceport, teenage rebellion, good becoming evil, alien race, mechanical hand",https://image.tmdb.org/t/p/w500/oZNPzxqM2s5DyVWab09NTQScDQt.jpg
Liga da Justiça,Justice League,You can't save the world alone,Zack Snyder,2017,"Action, Adventure, Science Fiction","superhero, based on comic, super power, superhero team, aftercreditsstinger, duringcreditsstinger, dc extended universe (dceu)",https://image.tmdb.org/t/p/w500/eifGNCSDuxJeS1loAXil5bIGgvC.jpg
O Hobbit: A Desolação de Smaug,The Hobbit: The Desolation of Smaug,Beyond darkness... beyond desolation... lies the greatest danger of all.,Peter Jackson,2013,"Fantasy, Adventure, Action","based on novel or book, orcs, elves, dwarf, giant spider, forest, bear, dragon, turns into animal, wizard, sword and sorcery",https://image.tmdb.org/t/p/w500/70Ux6sHFIqu0bVFp8xzBZCOQFXM.jpg
Era Uma Vez em... Hollywood,Once Upon a Time… in Hollywood,"In this town, it can all change… like that",Quentin Tarantino,2019,"Comedy, Drama, Thriller","movie business, male friendship, based on true story, celebrity, fame, hollywood, los angeles, california, historical fiction, buddy, filmmaking, struggling actor, satanic cult, revisionist history, duringcreditsstinger, western filmmaking, manson family murders, 1960s, stunt double, old hollywood, sharon tate, charles manson",https://image.tmdb.org/t/p/w500/8j58iEBw9pOXFD2L0nt0ZXeHviB.jpg
A Vida é Bela,La vita è bella,"An unforgettable fable that proves love, family and imagination conquer all.",Roberto Benigni,1997,"Comedy, Drama","dying and death, bookshop, love of one's life, nazi, self sacrifice, loss of loved one, italy, riddle, mass murder, concentration camp, fascism, holocaust (shoah), world war ii, deportation, jew persecution, story teller, riding a bicycle, national socialism, dark comedy, charade, concentration camp prisoner, romantic comedy, dark, war, nazi germany, oscar-nominated",https://image.tmdb.org/t/p/w500/mfnkSeeVOBVheuyn2lo4tfmOPQb.jpg
X-Men: Apocalipse,X-Men: Apocalypse,Only the strong will survive.,Bryan Singer,2016,"Action, Adventure, Science Fiction, Fantasy","hero, superhero, mutant, based on comic, superhuman, super power, superhero team, world domination, aftercreditsstinger, 1980s",https://image.tmdb.org/t/p/w500/2mtQwJKVKQrZgTz49Dizb25eOQQ.jpg
Birdman ou (A Inesperada Virtude da Ignorância),Birdman or (The Unexpected Virtue of Ignorance),,Alejandro G. Iñárritu,2014,"Drama, Comedy","new york city, midlife crisis, superhero, dark comedy, times square, marijuana, broadway, magic realism, meditative, city life, father daughter relationship",https://image.tmdb.org/t/p/w500/rHUg2AuIuLSIYMYFgavVwqt1jtc.jpg
Divergente,Divergent,What makes you different makes you dangerous.,Neil Burger,2014,"Action, Adventure, Science Fiction","future, based on novel or book, dystopia, futuristic, alternate reality, individuality, caste system, based on young adult novel",https://image.tmdb.org/t/p/w500/aNh4Q3iuPKDMPi2SL7GgOpiLukX.jpg
Sniper Americano,American Sniper,The most lethal sniper in U.S. history.,Clint Eastwood,2014,"War, Action","sniper, based on novel or book, biography, iraq, u.s. navy seal, iraq war, u.s. soldier, u.s. marine, 9/11, pack, guns",https://image.tmdb.org/t/p/w500/i1U46OwMc6vlm7OoSUKfqUH615e.jpg
Como Treinar o Seu Dragão,How to Train Your Dragon,One adventure will change two worlds,"Dean DeBlois, Chris Sanders",2010,"Fantasy, Adventure, Animation, Family","friendship, ship, blacksmith, island, based on novel or book, flying, arena, village, training, ignorance, viking, forest, flight, nest, dragon, battle, combat, well, warrior, pets",https://image.tmdb.org/t/p/w500/ygGmAO60t8GyqUo9xYeYxSZAR3b.jpg
Os Incríveis 2,Incredibles 2,It's time to get back to being incredible.,Brad Bird,2018,"Action, Adventure, Animation, Family","married couple, superhero, cartoon, sequel, parenting, family, super power",https://image.tmdb.org/t/p/w500/9lFKBtaVIhP7E2Pk0IY1CwTKTMZ.jpg
Edward Mãos de Tesoura,Edward Scissorhands,His scars run deep.,Tim Burton,1990,"Fantasy, Drama, Romance","underdog, small town, unsociability, inventor, hairdresser, isolation, scissors, burglar, love at first sight, fairy tale, sadness, symbolism, castle, alone, flashback, tragic love, snow, gothic, told in flashback, christmas horror, christmas, artificial, hair salon, signs & wonders, love story, goth, frankenstein, topiary",https://image.tmdb.org/t/p/w500/1RFIbuW9Z3eN9Oxw2KaQG5DfLmD.jpg
John Wick: Um Novo Dia para Matar,John Wick: Chapter 2,Never stab the devil in the back.,Chad Stahelski,2017,"Action, Thriller, Crime","martial arts, assassin, hitman, gun, italy, roof, secret organization, sequel, revenge, shootout, handshake, neo-noir, dark, dogs, intense",https://image.tmdb.org/t/p/w500/hXWBc0ioZP3cN4zCu6SN3YHXZVO.jpg
X-Men: Primeira Classe,X-Men: First Class,Witness the moment that will change our world.,Matthew Vaughn,2011,"Action, Science Fiction, Adventure","cia, nuclear war, superhero, mutant, mine, based on comic, superhuman, historical fiction, cuban missile crisis, world war iii, 1960s",https://image.tmdb.org/t/p/w500/vUvlOY575rztBuJV3a0dbHW5MQR.jpg
Laranja Mecânica,A Clockwork Orange,"Being the adventures of a young man whose principal interests are rape, ultra-violence and Beethoven.",Stanley Kubrick,1971,"Science Fiction, Drama","london, england, robbery, street gang, great britain, based on novel or book, nihilism, parent child relationship, society, sexuality, social worker, psychopath, dystopia, dark comedy, satire, electronic music score, juvenile delinquent, sex crime, futuristic society",https://image.tmdb.org/t/p/w500/4sHeTAp65WrSSuc05nRBKddhBxO.jpg
O Curioso Caso de Benjamin Button,The Curious Case of Benjamin Button,"Life isn't measured in minutes, but in moments.",David Fincher,2008,"Drama, Fantasy, Romance","navy, funeral, diary, tea, travel, hospital, based on short story, reverse aging, wistful, factual, ambivalent, empathetic",https://image.tmdb.org/t/p/w500/26wEWZYt6yJkwRVkjcbwJEFh9IS.jpg
O Exterminador do Futuro,The Terminator,Your future is in its hands.,James Cameron,1984,"Action, Thriller, Science Fiction","artificial intelligence (a.i.), saving the world, laser gun, cyborg, killer robot, shotgun, rebel, dystopia, villain, time travel, slasher, los angeles, california, electronic music score, urban setting, future war, savior, tech noir, aggressive, time paradox, action hero, griffith observatory, good versus evil, terminator",https://image.tmdb.org/t/p/w500/hzXSE66v6KthZ8nPoLZmsi2G05j.jpg
De Volta para o Futuro: Parte II,Back to the Future Part II,"Roads? Where we're going, we don't need roads!",Robert Zemeckis,1989,"Adventure, Comedy, Science Fiction","flying car, skateboarding, car race, lightning, guitar, inventor, time travel, diner, car crash, sequel, alternate history, thunderstorm, tunnel, high school dance, hoverboard, 2010s, hilarious",https://image.tmdb.org/t/p/w500/hQq8xZe5uLjFzSBt4LanNP7SQjl.jpg
O Exterminador do Futuro 2: O Julgamento Final,Terminator 2: Judgment Day,It's nothing personal.,James Cameron,1991,"Action, Thriller, Science Fiction","cyborg, shotgun, dystopia, moral ambiguity, post-apocalyptic future, villain, time travel, mental institution, juvenile delinquent, fictional war, urban setting, troubled teen, morphing, nuclear weapons, shape shifter, savior, catch phrase, aggressive, action hero, good versus evil, terminator",https://image.tmdb.org/t/p/w500/5M0j0B18abtBI5gi2RhfjjurTqb.jpg
Os Bons Companheiros,GoodFellas,Three decades of life in the mafia.,Martin Scorsese,1990,"Drama, Crime","prison, florida, new york city, based on novel or book, gangster, mass murder, drug trafficking, 1970s, irish-american, gore, biography, based on true story, murder, organized crime, mafia, brooklyn, new york city, crime epic, tampa, florida",https://image.tmdb.org/t/p/w500/aKuFiU82s5ISJpGZp7YkIr3kCUd.jpg
Drive,Drive,There are no clean getaways.,Nicolas Winding Refn,2011,"Drama, Thriller, Crime","robbery, car mechanic, stuntman, beaten to death, revenge, organized crime, neighbor, police chase, los angeles, california, brutality, jacket, scorpion, toothpick, getaway driver, crime lord, stunt driver, existentialism, neo-noir, hammer, neighbors, brutal violence",https://image.tmdb.org/t/p/w500/602vevIURmpDfzbnv5Ubi6wIkQm.jpg
Círculo de Fogo,Pacific Rim,Go Big or Go Extinct.,Guillermo del Toro,2013,"Action, Science Fiction, Adventure","monster, dystopia, giant monster, pacific, alaska, giant robot, apocalypse, hong kong, robot, alien invasion, kaiju, duringcreditsstinger, monster movie",https://image.tmdb.org/t/p/w500/8wo4eN8dWKaKlxhSvBz19uvj8gA.jpg
Jogos Vorazes: A Esperança - O Final,The Hunger Games: Mockingjay - Part 2,The fire will burn forever.,Francis Lawrence,2015,"Action, Adventure, Science Fiction","strong woman, based on novel or book, revolution, dystopia, death match, based on young adult novel",https://image.tmdb.org/t/p/w500/lImKHDfExAulp16grYm8zD5eONE.jpg
Detona Ralph,Wreck-It Ralph,The story of a regular guy just looking for a little wreck-ognition.,Rich Moore,2012,"Family, Animation, Comedy, Adventure","video game, support group, bullying, medal, product placement, jail, racing, arcade, self esteem, curiosity, precocious child, aftercreditsstinger, duringcreditsstinger, first person shooter, glitch, carefree, interrupted wedding, social reject, escape from jail, hoverboard",https://image.tmdb.org/t/p/w500/zWoIgZ7mgmPkaZjG0102BSKFIqQ.jpg
Donnie Darko,Donnie Darko,"28 days, 6 hours, 42 minutes, 12 seconds... that is when the world will end.",Richard Kelly,2001,"Fantasy, Drama, Mystery","airplane, parent child relationship, presidential election, therapist, school performance, halloween, time travel, vandalism, surrealism, loss, imaginary friend, suburbia, arson, vision, school, mental illness, virginia, sleepwalking, 1980s, parallel universe",https://image.tmdb.org/t/p/w500/j73zf3TjWR9j8pHLndaHWh0YWvN.jpg
Ted,Ted,Ted is coming.,Seth MacFarlane,2012,"Comedy, Fantasy","friendship, dream, love, buddy, teddy bear, toy comes to life, wishes come true",https://image.tmdb.org/t/p/w500/1QVZXQQHCEIj8lyUhdBYd2qOYtq.jpg
O Grande Gatsby,The Great Gatsby,Reserving judgments is a matter of infinite hope... I come to the admission that it has a limit.,Baz Luhrmann,2013,"Drama, Romance","infidelity, based on novel or book, obsession, hope, long island, new york, 1920s, voiceover",https://image.tmdb.org/t/p/w500/nimh1rrDDLhgpG8XAYoUZXHYwb6.jpg
Moana: Um Mar de Aventuras,Moana,The ocean is calling.,"Ron Clements, John Musker, Don Hall, Chris Williams",2016,"Adventure, Comedy, Family, Animation","sailboat, sea, island, saving the world, ocean, cartoon, mythology, musical, curse, sailor, aftercreditsstinger, demigod, polynesia, voyage, pacific  ocean, quest, island life, animal sidekick",https://image.tmdb.org/t/p/w500/vNJFiwtsl7Twww7C0uM4qPnygNw.jpg
A Forma da Água,The Shape of Water,A Fairy Tale for Troubled Times,Guillermo del Toro,2017,"Drama, Fantasy, Romance","government, fairy tale, cold war, supernatural, baltimore, usa, laboratory, orphan, bathtub, scientist, magic realism, capture, sign languages, 1960s, fishman, amphibious creature",https://image.tmdb.org/t/p/w500/9zfwPffUXpBrEP26yp0q1ckXDcj.jpg
Os Caçadores da Arca Perdida,Raiders of the Lost Ark,Indiana Jones - the new hero from the creators of JAWS and STAR WARS.,Steven Spielberg,1981,"Adventure, Action","egypt, treasure, medallion, swastika, saving the world, nepal, himalaya mountain range, cairo, moses, hat, whip, leather jacket, mediterranean, ark of the covenant, ten commandments, nazi, excavation, riddle, treasure hunt, archaeologist, adventurer, archeology, religious history, 1930s",https://image.tmdb.org/t/p/w500/ceG9VzoRAVGwivFU403Wc3AHRys.jpg
Zumbilândia,Zombieland,Nut up or shut up.,Ruben Fleischer,2009,"Comedy, Horror","washington dc, usa, sibling relationship, circus, post-apocalyptic future, blood splatter, gore, parody, road trip, zombie, survival horror, amusement park, twinkie, body count, zombification, disposing of a dead body, loner, aftercreditsstinger, zombie apocalypse, fear of clowns, actor playing themself",https://image.tmdb.org/t/p/w500/dUkAmAyPVqubSBNRjRqCgHggZcK.jpg
Procurando Dory,Finding Dory,An unforgettable journey she probably won't remember.,"Andrew Stanton, Angus MacLane",2016,"Adventure, Animation, Comedy, Family","fish, amnesia, octopus, sequel, anthropomorphism, underwater, aftercreditsstinger, clownfish",https://image.tmdb.org/t/p/w500/3UVe8NL1E2ZdUZ9EDlKGJY5UzE.jpg
Como Eu Era Antes de Você,Me Before You,Live boldly.,Thea Sharrock,2016,"Drama, Romance","depression, small town, based on novel or book, england, artist, wheelchair, romance, love, caretaker, caregiver, disabled, valentine's day, twenty something, woman director, accident",https://image.tmdb.org/t/p/w500/Ia3dzj5LnCj1ZBdlVeJrbKJQxG.jpg
1917,1917,Time is the enemy,Sam Mendes,2019,"War, History, Thriller","race against time, world war i, british army, soldier, trenches, 1910s, trench warfare, no man's land",https://image.tmdb.org/t/p/w500/iZf0KyrE25z1sage4SYFLCCrMi9.jpg
Me Chame pelo Seu Nome,Call Me by Your Name,Is it better to speak or die?,Luca Guadagnino,2017,"Romance, Drama","based on novel or book, upper class, italy, swimming pool, coming of age, love, breaking the fourth wall, summer, teenage boy, masturbation, first love, lgbt, jewish family, 1980s, peach, gay theme",https://image.tmdb.org/t/p/w500/mZ4gBdfkhP9tvLH1DO4m4HYtiyi.jpg
O Lado Bom da Vida,Silver Linings Playbook,Watch For The Signs,David O. Russell,2012,"Drama, Comedy, Romance","depression, infidelity, dancing, friendship, philadelphia, pennsylvania, based on novel or book, widow, letter, neighbor, mental illness, ex-wife, institutionalization, death of husband, bipolar, restraining order, father son relationship, male mental health",https://image.tmdb.org/t/p/w500/y7iOVneBvITlBdhy6tVqXVOa1Js.jpg
Shrek 2,Shrek 2,Once upon another time...,"Andrew Adamson, Kelly Asbury, Conrad Vernon",2004,"Animation, Family, Comedy, Fantasy, Adventure","prison, princess, magic, kingdom, fairy tale, liberation, transformation, honeymoon, prince, parents-in-law, enchantment, sequel, anthropomorphism, dragon, ogre, cartoon donkey, shrek cinematic universe",https://image.tmdb.org/t/p/w500/2yYP0PQjG8zVqturh1BAqu2Tixl.jpg
2012,2012,We Were Warned.,Roland Emmerich,2009,"Action, Adventure, Science Fiction","race against time, maya civilization, civilization, natural disaster, earthquake, end of the world, disaster, apocalypse, destruction, volcanic eruption, flood, disaster movie, ark, solar, anxious, 2010s, cautionary, dramatic",https://image.tmdb.org/t/p/w500/zaqam2RNscH5ooYFWInV6hjx6y5.jpg
O Poderoso Chefão: Parte II,The Godfather Part II,"I don't feel I have to wipe everybody out, Tom. Just my enemies.",Francis Ford Coppola,1974,"Drama, Crime","italian american, cuba, italy, gangster, praise, symbolism, melancholy, revenge, organized crime, mafia, lawyer, suburb, corrupt politician",https://image.tmdb.org/t/p/w500/hek3koDUyRQk7FIhPXsa6mT2Zc3.jpg
Beleza Americana,American Beauty,Look closer.,Sam Mendes,1999,Drama,"estate agent, adultery, coming out, first time, virgin, cheating, parent child relationship, age difference, midlife crisis, cheerleader, dark comedy, rose, satire, dysfunctional family, suburbia, coming of age, sexual fantasy, dysfunctional marriage, marijuana, loneliness, love affair, exercise, extramarital affair, realtor, quitting a job, voyeur, neighborhood, retired army man, closeted homosexual, singing in a car, gay theme, teenager, camcorder",https://image.tmdb.org/t/p/w500/wby9315QzVKdW9BonAefg8jGTTb.jpg
Prometheus,Prometheus,The Search for Our Beginning Could Lead to Our End,Ridley Scott,2012,"Science Fiction, Adventure, Mystery","android, alien, space, creature, spin off, creation, emergency surgery, stasis, archeological dig, god complex, cave drawing, prometheus, genetic mutation, origins of life, 2090s",https://image.tmdb.org/t/p/w500/m7nZCtHJyDLncBUarfM5h5mrppx.jpg
A Rede Social,The Social Network,You don't get to 500 million friends without making a few enemies.,David Fincher,2010,Drama,"hacker, based on novel or book, boston, massachusetts, ex-girlfriend, harvard university, narcissism, based on true story, hacking, historical fiction, twins, double cross, misogyny, creator, frat party, social network, deposition, intellectual property, entrepreneur, arrogance, social media, young entrepreneur, facebook, legal drama, boat racing",https://image.tmdb.org/t/p/w500/n0ybibhJtQ5icDqTp8eRytcIHJx.jpg
Piratas do Caribe: A Vingança de Salazar,Pirates of the Caribbean: Dead Men Tell No Tales,All pirates must die.,"Joachim Rønning, Espen Sandberg",2017,"Adventure, Action, Fantasy","sea, ship, treasure map, sequel, artifact, pirate, period drama, monkey, swashbuckler, ghost, caribbean sea, trident",https://image.tmdb.org/t/p/w500/qwoGfcg6YUS55nUweKGujHE54Wy.jpg
Entre Facas e Segredos,Knives Out,"Hell, any of them could have done it.",Rian Johnson,2019,"Comedy, Crime, Mystery","immigrant, detective, massachusetts, investigation, big family, mansion, whodunit, family home, murder mystery, neo-noir, privilege",https://image.tmdb.org/t/p/w500/pThyQovXQrw2m0s9x82twj48Jq4.jpg
Gênio Indomável,Good Will Hunting,"Some people can never believe in themselves, until someone believes in them.",Gus Van Sant,1997,Drama,"boston, massachusetts, professor, baseball, mathematics, genius, harvard university, male friendship, ambition, flashback, love, friends, psychologist, janitor, university, courtroom, prodigy, math genius",https://image.tmdb.org/t/p/w500/bABCBKYBK7A5G1x0FzoeoNfuj2.jpg
Cinquenta Tons de Cinza,Fifty Shades of Grey,Are you curious?,Sam Taylor-Johnson,2015,"Drama, Romance, Thriller","bad smell, based on novel or book, eroticism, perversion, spanking, billionaire, rich, bdsm, woman director",https://image.tmdb.org/t/p/w500/63kGofUkt1Mx0SIL4XI4Z5AoSgt.jpg
O Diabo Veste Prada,The Devil Wears Prada,Meet Andy Sachs. A million girls would kill to have her job. She's not one of them.,David Frankel,2006,"Comedy, Drama, Romance","new york city, journalist, paris, france, based on novel or book, journalism, fashion journal, assistant, job entrant, job interview, editor-in-chief, fashion, fashion magazine, bullied, city life, fashion industry",https://image.tmdb.org/t/p/w500/u6QBDGUCOEMRekna95ip2MxplbQ.jpg
Taxi Driver,Taxi Driver,"On every street in every city, there's a nobody who dreams of being a somebody.",Martin Scorsese,1976,"Crime, Drama","drug dealer, vietnam veteran, new york city, taxi, pornography, obsession, taxi driver, pimp, firearm, politician, alienation, junk food, misanthrophy, vigilante, illegal prostitution, character study, loner, manhattan, new york city, neo-noir, child prostitution, new hollywood, drives",https://image.tmdb.org/t/p/w500/ekstpH614fwDX8DUln1a2Opz0N8.jpg
Nasce uma Estrela,A Star Is Born,,Bradley Cooper,2018,"Music, Drama, Romance","concert, country music, waitress, pop star, self-destruction, talent, addiction, death of father, alcoholism, remake, aspiring singer, singer, fame, tinnitus, falling in love, insecurity, alcoholic, death of mother, aspiration, death of parent, showbiz, emotional vulnerability, hearing impaired, brother brother relationship",https://image.tmdb.org/t/p/w500/wrFpXMNBRj2PBiN4Z5kix51XaIZ.jpg
Corações de Ferro,Fury,War never ends quietly.,David Ayer,2014,"War, Drama, Action","hero, nazi, ambush, bravery, world war ii, heroism, tank, europe, execution, battle, brutality, hatred, tank battle, 1940s, enclosed space, beating the odds, european theatre, tanks",https://image.tmdb.org/t/p/w500/pfte7wdMobMF4CVHuOxyu6oqeeA.jpg
O Incrível Hulk,The Incredible Hulk,You'll like him when he's angry.,Louis Leterrier,2008,"Science Fiction, Action, Adventure","new york city, rio de janeiro, superhero, based on comic, fugitive, on the run, super soldier, scientist, virginia, military, super villain, marvel cinematic universe (mcu), angry, radical transformation, good versus evil",https://image.tmdb.org/t/p/w500/gKzYx79y0AQTL4UAk1cBQJ3nvrm.jpg
Kick-Ass: Quebrando Tudo,Kick-Ass,Shut up. Kick-Ass.,Matthew Vaughn,2010,"Action, Crime","hero, secret identity, crime fighter, superhero, dark comedy, comic book, based on comic, murder, mafia, family, realism, mist, adventurer, rookie, young heroes, young adult, criminal heroes, unlikely heroes, heroes, pretending to be gay",https://image.tmdb.org/t/p/w500/8citjdBmjddZjlPsAHEyCKwGVvD.jpg
"Eu, Robô","I, Robot",Laws are made to be broken.,Alex Proyas,2004,"Action, Science Fiction","chicago, illinois, future, man vs machine, hero, artificial intelligence (a.i.), based on novel or book, grandparent grandchild relationship, homicide, detective, dystopia, hologram, murder, robot as menace, car accident, robot, grandmother, robotics, humanoid robot, talking robot, self-driving car, homicide investigation, 2030s, robot companion, old robot, new robot",https://image.tmdb.org/t/p/w500/dlb6JKYv25rJSk2n2hwhOeJ7Dk.jpg
Onde os Fracos Não Têm Vez,No Country for Old Men,There are no clean getaways.,"Ethan Coen, Joel Coen",2007,"Crime, Drama, Thriller","vietnam veteran, sheriff, trailer park, based on novel or book, hitman, psychopath, drug trafficking, texas, motel, usa–mexico border, drug cartel, fate, desert, modern-day western, neo-western, tracking device, cold blooded killer, motel room, cartel, neo-noir, 1980s, mexican cartel, anxious, drug deal, coin toss, human nature, captive bolt gun, western noir, horror western, faithful adaptation, intense",https://image.tmdb.org/t/p/w500/bj1v6YKF8yHqA489VFfnQvOJpnc.jpg
Planeta dos Macacos: A Origem,Rise of the Planet of the Apes,Evolution Becomes Revolution.,Rupert Wyatt,2011,"Thriller, Action, Drama, Science Fiction","intelligence, dystopia, zoo, alzheimer's disease, cage, golden gate bridge, ape, monkey, medical research",https://image.tmdb.org/t/p/w500/cjLsuP75UDlRdJVMXzXg3TJ4umX.jpg
Onze Homens e um Segredo,Ocean's Eleven,Are you in or out?,Steven Soderbergh,2001,"Thriller, Crime","prison, casino, pickpocket, strip club, heist, con artist, thief, caper, atlantic city, salt lake city, utah, las vegas, card dealer, explosives expert",https://image.tmdb.org/t/p/w500/hQQCdZrsHtZyR6NbKH2YyCqd2fR.jpg
O Sexto Sentido,The Sixth Sense,Not every gift is a blessing.,M. Night Shyamalan,1999,"Mystery, Thriller, Drama","dying and death, child abuse, philadelphia, pennsylvania, sense of guilt, afterlife, marriage crisis, loss of loved one, confidence, psychology, paranormal phenomena, single, psychological thriller, cowardliness, single mother, school play, ghost, child, spiritism, ghost child",https://image.tmdb.org/t/p/w500/4AfSDjjCy6T5LA1TMz0Lh2HlpRh.jpg
O Fabuloso Destino de Amélie Poulain,Le Fabuleux Destin d'Amélie Poulain,One person can change your life forever.,Jean-Pierre Jeunet,2001,"Comedy, Romance","daughter, paris, france, love triangle, photography, ghost train, sex shop, shyness, journey around the world, postcard, romantic comedy, hypochondriac, romance, cafe, kindness, magic realism, child's point of view, montmartre, paris, neighbor neighbor relationship, father daughter relationship, happy ending, childhood memory, euphoric",https://image.tmdb.org/t/p/w500/nSxDa3M9aMvGVLoItzWTepQ5h5d.jpg
Scarface,Scarface,The world is yours...,Brian De Palma,1983,"Action, Crime, Drama","corruption, sibling relationship, miami, florida, cuba, loss of loved one, gangster, cocaine, rise and fall, remake, drug cartel, mafia, drug lord, bitterness, rise to power, miami beach, cuban refugees, drug war, inflammatory",https://image.tmdb.org/t/p/w500/iQ5ztdjvteGeboxtmRdXEChJOHh.jpg
Os Suspeitos,Prisoners,Every moment matters.,Denis Villeneuve,2013,"Drama, Thriller, Crime","pennsylvania, usa, kidnapping, hostage, detective, maze, symbolism, investigation, georgia, beating, revenge, vigilante, rural area, crime scene, brutality, candlelight vigil, animal cruelty, neo-noir, sex offender, child abduction",https://image.tmdb.org/t/p/w500/tuZhZ6biFMr5n9YSVuHOJnNL1uU.jpg
A Outra História Americana,American History X,Some Legacies Must End.,Tony Kaye,1998,Drama,"prison, neo-nazism, rape, skinhead, sibling relationship, swastika, brother, fascism, jail, school, los angeles, california, family, xenophobia, interracial friendship, nazism",https://image.tmdb.org/t/p/w500/euypWkaYFOLW3e5rLIcTAjWnhhT.jpg
Invocação do Mal,The Conjuring,Based on the true case files of the Warrens,James Wan,2013,"Horror, Thriller","sibling relationship, 1970s, cellar, exorcism, haunted house, possession, satanism, rhode island, based on true story, paranormal investigation, crucifix, ghost, shocking, demonic, demonology, psychic vision, the conjuring universe",https://image.tmdb.org/t/p/w500/wVYREutTvI2tmxr6ujrHT704wGF.jpg
A Culpa é das Estrelas,The Fault in Our Stars,,Josh Boone,2014,"Romance, Drama","based on novel or book, support group, amsterdam, netherlands, cancer, valentine's day, star crossed lovers, teen drama, oxygen tank, based on young adult novel",https://image.tmdb.org/t/p/w500/ep7dF4QR4Mm39LI958V0XbwE0hK.jpg
Diário de uma Paixão,The Notebook,Behind every great love is a great story.,Nick Cassavetes,2004,"Romance, Drama","secret love, based on novel or book, love of one's life, fight, poem, river, sadness, class, dementia, tears, candle, mailbox, valentine's day",https://image.tmdb.org/t/p/w500/rNzQyW4f8B8cQeg7Dgj3n6eT5k9.jpg
12 Anos de Escravidão,12 Years a Slave,The extraordinary true story of Solomon Northup,Steve McQueen,2013,"Drama, History","slavery, plantation, based on memoir or autobiography, violin player, physical abuse, black slave, usa history, slave owner, 19th century, sold into slavery, abolitionist, landowner, abuse of power, african american history",https://image.tmdb.org/t/p/w500/xdANQijuNrJaw1HA61rDccME4Tm.jpg
2001: Uma Odisséia no Espaço,2001: A Space Odyssey,The Ultimate Trip.,Stanley Kubrick,1968,"Science Fiction, Mystery, Adventure","man vs machine, moon, jupiter, artificial intelligence (a.i.), based on novel or book, technology, super computer, space travel, space mission, moon base, astronaut, evolution, monolith, space station, space opera, 2000s",https://image.tmdb.org/t/p/w500/ve72VxNqjGM69Uky4WTo2bK6rfq.jpg
O Preço do Amanhã,In Time,Time Is Power,Andrew Niccol,2011,"Action, Thriller, Science Fiction","future, race against time, immortality, bank, dystopia, time, love, on the run, class differences, cops and robbers , rich vs poor, in time",https://image.tmdb.org/t/p/w500/3Mwj2sIONQckOZP3YwsUXF7U5I4.jpg
Aladdin,Aladdin,Wish granted!,"Ron Clements, John Musker",1992,"Animation, Family, Adventure, Fantasy, Romance","princess, magic, tiger, cartoon, parrot, sultan, flying carpet, wish, musical, love, monkey, arab, aftercreditsstinger, genie, arabian nights, animal sidekick, magic lamp",https://image.tmdb.org/t/p/w500/fhyun1mja3WwQsYr1a3x1x9BttP.jpg
Green Book: O Guia,Green Book,Inspired by a True Friendship,Peter Farrelly,2018,"Drama, Comedy","friendship, southern usa, road trip, racism, pianist, driver, lgbt, road movie, music tour, 1960s, roadtrip, feel good",https://image.tmdb.org/t/p/w500/7BsvSuDQuoqhWmU2fL7W2GOcZHU.jpg
Enrolados,Tangled,They're taking adventure to new lengths.,"Nathan Greno, Byron Howard",2010,"Animation, Family","princess, magic, hostage, fairy tale, horse, musical, blonde, tower, selfishness, healing power, adventurer, based on fairy tale, duringcreditsstinger, healing gift, animal sidekick, magic land",https://image.tmdb.org/t/p/w500/ym7Kst6a4uodryxqbGOxmewF235.jpg
Náufrago,Cast Away,"At the edge of the world, his journey begins.",Robert Zemeckis,2000,"Adventure, Drama","exotic island, suicide attempt, volleyball, survival, loneliness, airplane crash, deserted island, tropical island",https://image.tmdb.org/t/p/w500/7lLJgKnAicAcR5UEuo8xhSMj18w.jpg
X-Men 1.5,X-Men,Trust a few. Fear the rest.,Bryan Singer,2000,"Adventure, Action, Science Fiction","superhero, mutant, based on comic, superhuman",https://image.tmdb.org/t/p/w500/bRDAc4GogyS9ci3ow7UnInOcriN.jpg
Meu Malvado Favorito 2,Despicable Me 2,Back 2 Work,"Pierre Coffin, Chris Renaud",2013,"Animation, Comedy, Family","parent child relationship, adoptive father, secret agent, bakery, sequel, falling in love, family, single father, audition, female agent, duringcreditsstinger, first date, supervillain, despicable, masked supervillain, illumination, minions",https://image.tmdb.org/t/p/w500/5Fh4NdoEnCjCK9wLjdJ9DJNFl2b.jpg
Kung Fu Panda,Kung Fu Panda,Prepare for awesomeness.,"Mark Osborne, John Stevenson",2008,"Action, Adventure, Animation, Family, Comedy","martial arts, kung fu, strong woman, china, tiger, bravery, restaurant, shop, panda, sensei, anthropomorphism, fighting, master, destiny, crane, aftercreditsstinger, wuxia, monkey warrior, viper, lighthearted, dramatic, intense, awestruck, earnest",https://image.tmdb.org/t/p/w500/wWt4JYXTg5Wr3xBW2phBrMKgp3x.jpg
Transformers,Transformers,Their war. Our world.,Michael Bay,2007,"Adventure, Science Fiction, Action","transformation, destroy, alien, based on toy, robot, duringcreditsstinger, teenage hero, griffith observatory, transformers",https://image.tmdb.org/t/p/w500/phAFhKOEhOGLIuH0brr5EenAckY.jpg
E.T.: O Extraterrestre,E.T. the Extra-Terrestrial,He is afraid. He is alone. He is three million light years from home.,Steven Spielberg,1982,"Science Fiction, Adventure, Family, Fantasy","farewell, space marine, operation, flying saucer, nasa, homesickness, loss of loved one, extraterrestrial technology, prosecution, riding a bicycle, halloween, finger, flowerpot, alien, single, single mother",https://image.tmdb.org/t/p/w500/an0nD6uq6byfxXCfk6lQBzdL2J1.jpg
Busca Implacável,Taken,They took his daughter.  He'll take their lives.,Pierre Morel,2008,"Action, Thriller","rescue, paris, france, kidnapping, prostitution, sex trafficking, albanian, missing daughter, ex special forces, ex-cia agent, abduction, search for daughter, army veteran",https://image.tmdb.org/t/p/w500/y5Va1WXDX6nZElVirPrGxf6w99B.jpg
Jurassic World: Reino Ameaçado,Jurassic World: Fallen Kingdom,The park is gone.,J.A. Bayona,2018,"Action, Adventure, Science Fiction, Thriller","tyrannosaurus rex, volcano, rescue mission, sequel, wild animal, prehistoric creature, dinosaur, genetic engineering, aftercreditsstinger, monster island",https://image.tmdb.org/t/p/w500/2CQ53CuWD1KdlOkEWhJcEVjqKn4.jpg
O Grande Lebowski,The Big Lebowski,Times like these call for a Big Lebowski.,"Joel Coen, Ethan Coen",1998,"Comedy, Crime","vietnam veteran, white russian, bowling, carpet, nihilism, heart attack, kidnapping, lsd, marijuana, los angeles, california, millionaire, cowboy, ashes, impregnation, bowling team, unemployed, bowling ball, neo-noir, weeds",https://image.tmdb.org/t/p/w500/3bv6WAp6BSxxYvB5ozKFUYuRA8C.jpg
Planeta dos Macacos: O Confronto,Dawn of the Planet of the Apes,One last chance for peace.,Matt Reeves,2014,"Science Fiction, Action, Drama, Thriller","dystopia, post-apocalyptic future, animal attack, leader, colony, forest, sequel, woods, ape, scientist, monkey, medical research, plague, 2030s",https://image.tmdb.org/t/p/w500/kScdQEwS9jPEdnO23XjGAtaoRcT.jpg
Sociedade dos Poetas Mortos,Dead Poets Society,He was their inspiration. He made their lives extraordinary.,Peter Weir,1989,Drama,"individual, friendship, philosophy, poetry, literature, professor, coming of age, teacher, school play, vermont, schoolteacher, preparatory school, 1950s, teenager",https://image.tmdb.org/t/p/w500/ai40gM7SUaGA6fthvsd87o8IQq4.jpg
Your Name,君の名は。,"It was almost like seeing something out of a dream, nothing more or less than a breathtaking view.",Makoto Shinkai,2016,"Romance, Animation, Drama","race against time, afterlife, natural disaster, supernatural, time travel, comet, romance, tragedy, school, body-swap, nonlinear timeline, star crossed lovers, anime, dreams",https://image.tmdb.org/t/p/w500/q719jXXEzOoYaps6babgKnONONX.jpg
Animais Fantásticos: Os Crimes de Grindelwald,Fantastic Beasts: The Crimes of Grindelwald,Fate of one. Future of all.,David Yates,2018,"Fantasy, Adventure, Family","witch, new york city, paris, france, magic, school of witchcraft, sequel, prison escape, old flame, wizard, magical creature, 1920s, good versus evil, dark magic, follower, wizarding world",https://image.tmdb.org/t/p/w500/fMMrl8fD9gRCFJvsx0SuFwkEOop.jpg
Duro de Matar,Die Hard,Twelve terrorists. One cop. The odds are against John McClane... That's just the way he likes it.,John McTiernan,1988,"Action, Thriller","based on novel or book, s.w.a.t., hostage, fbi, christmas party, vault, heist, murder, shootout, los angeles, california, terrorism, one man army, hostage negotiator, one night, 1980s, action hero, german",https://image.tmdb.org/t/p/w500/yFihWxQcmqcaBR31QM6Y8gT6aYV.jpg
Truque de Mestre: O 2º Ato,Now You See Me 2,You haven't seen anything yet.,Jon M. Chu,2016,"Crime, Thriller, Action, Mystery","prison, new york city, magic, kidnapping, fbi, card trick, secret society, hypnosis, illusion, twin brother, heist, revenge, vigilante, on the run, fake death, perception, illusionist, secrecy, illusionism, debunker, sleight of hand, fbi agent, twists, magic shop, magicians, in hiding, macau, china, exposed, best of the best",https://image.tmdb.org/t/p/w500/A81kDB6a1K86YLlcOtZB27jriJh.jpg
Esqueceram de Mim,Home Alone,A family comedy without the family.,Chris Columbus,1990,"Comedy, Family","burglar, holiday, family relationships, slapstick comedy, little boy, home invasion, precocious child, booby trap, home alone, suburban chicago, mischievous child, christmas, kids on their own, child rescue",https://image.tmdb.org/t/p/w500/9wSbe4CwObACCQvaUVhWQyLR5Vz.jpg
Matrix Reloaded,The Matrix Reloaded,Free your mind.,"Lana Wachowski, Lilly Wachowski",2003,"Adventure, Action, Thriller, Science Fiction","dying and death, future, mission, man vs machine, underground world, martial arts, kung fu, hero, dream, artificial intelligence (a.i.), computer, saving the world, computer virus, virtual reality, fight, prophecy, faith, truth, key, dystopia, plato, precognition, rave, car crash, cyberpunk, woman director, action hero, gnosticism, oracle",https://image.tmdb.org/t/p/w500/9TGHDvWrqKBzwDxDodHYXEmOE6J.jpg
Madagascar,Madagascar,Someone’s got a zoo loose.,"Eric Darnell, Tom McGrath",2005,"Family, Animation, Adventure, Comedy","friendship, island, escape, africa, lion, zoo, hippopotamus, giraffe, penguin, cartoon, zebra, slapstick comedy, madagascar, animal, lemur, escaped animal, talking animal",https://image.tmdb.org/t/p/w500/zMpJY5CJKUufG9OTw0In4eAFqPX.jpg
A Teoria de Tudo,The Theory of Everything,His Mind Changed Our World. Her Love Changed His.,James Marsh,2014,"Drama, Romance","husband wife relationship, biography, based on true story, physicist, based on memoir or autobiography, fictional biography, motor neuron disease, als, cambridge university",https://image.tmdb.org/t/p/w500/wucOQrqihOtHToP7UAPKMFRJ9LL.jpg
O Abutre,Nightcrawler,The city shines brightest at night,Dan Gilroy,2014,"Crime, Drama, Thriller","underground, psychopath, journalism, job interview, cynicism, sociopath, crime scene, psychological thriller, los angeles, california, home invasion, stakeout, newsreel footage, character study, neo-noir, ethics, stringer, police scanner, news business",https://image.tmdb.org/t/p/w500/j9HrX8f7GbZQm1BrBiR40uFQZSb.jpg
Velozes & Furiosos 6,Fast & Furious 6,All roads lead to this,Justin Lin,2013,"Action, Thriller, Crime","car race, sequel, street race, car theft",https://image.tmdb.org/t/p/w500/thSmnRdrzPBBospIOJjLZBReqzo.jpg
Oblivion,Oblivion,Earth is a memory worth fighting for,Joseph Kosinski,2013,"Action, Science Fiction, Adventure, Mystery","spacecraft, dystopia, post-apocalyptic future, based on comic, space, drone, surveillance, human vs alien, 2070s",https://image.tmdb.org/t/p/w500/eO3r38fwnhb58M1YgcjQBd3VNcp.jpg
Todo Poderoso,Bruce Almighty,In Bruce we trust?,Tom Shadyac,2003,"Fantasy, Comedy","new love, lovesickness, moon, street gang, moses, faith, prayer, christianity, journalism, car crash, god, religion, relationship, news reporter, female journalist, religious conflict, responsibility, praying, almighty",https://image.tmdb.org/t/p/w500/f0QqG14SZYYZcV4VWykVc5w13dz.jpg
Gran Torino,Gran Torino,Ever come across somebody you shouldn't have f#cked with?,Clint Eastwood,2008,Drama,"rape, war veteran, gangster, immigration, old man, priest, gang, detroit, michigan, widower, hmong",https://image.tmdb.org/t/p/w500/zUybYvxWdAJy5hhYovsXtHSWI1l.jpg
Velozes & Furiosos 7,Furious 7,Vengeance hits home,James Wan,2015,"Action, Thriller, Crime","car race, speed, street race, revenge, race, muscle car",https://image.tmdb.org/t/p/w500/ktofZ9Htrjiy0P6LEowsDaxd3Ri.jpg
Minions,Minions,"Before Gru, they had a history of bad bosses","Kyle Balda, Pierre Coffin",2015,"Family, Animation, Adventure, Comedy","assistant, aftercreditsstinger, duringcreditsstinger, evil mastermind, illumination, minions",https://image.tmdb.org/t/p/w500/vlOgaxUiMOA8sPDG9n3VhQabnEi.jpg
007 - Cassino Royale,Casino Royale,Everyone has a past. Every legend has a beginning.,Martin Campbell,2006,"Adventure, Action, Thriller","banker, casino, based on novel or book, poker, italy, money, torture, terrorism, mi6, british secret service, montenegro",https://image.tmdb.org/t/p/w500/lMrxYKKhd4lqRzwUHAy5gcx9PSO.jpg
O Quinto Elemento,The Fifth Element,There is no future without it.,Luc Besson,1997,"Adventure, Fantasy, Action, Thriller, Science Fiction","new york city, flying car, taxi, egypt, race against time, saving the world, cyborg, dystopia, anti hero, stowaway, space travel, arms dealer, alien life-form, end of the world, priest, shootout, police chase, cab driver, cyberpunk, archaeologist, space opera, military, opera singer, futuristic city, ancient evil, cruise liner, elemental, hieroglyphics, spaceship, good versus evil, alien robot",https://image.tmdb.org/t/p/w500/fPtlCO1yQtnoLHOwKtWz7db6RGU.jpg
Quem Quer Ser um Milionário?,Slumdog Millionaire,What does it take to find a lost love?,"Danny Boyle, Loveleen Tandan",2008,"Drama, Romance","based on novel or book, slum, cheating, suspicion, mumbai (bombay), india, game show, quiz, orphan, duringcreditsstinger, taj mahal, india",https://image.tmdb.org/t/p/w500/5leCCi7ZF0CawAfM5Qo2ECKPprc.jpg
Universidade Monstros,Monsters University,School never looked this scary.,Dan Scanlon,2013,"Animation, Family","friendship, monster, door, games, training camp, dormitory, feud, bully, prequel, best friend, university, fraternity, aftercreditsstinger, college student, personification",https://image.tmdb.org/t/p/w500/y7thwJ7z5Bplv6vwl6RI0yteaDD.jpg
Sem Limites,Limitless,What if a pill could make you rich and powerful?,Neil Burger,2011,"Thriller, Mystery, Science Fiction","new york city, medicine, politician, iq, pill, stalking, superhuman, writer, drugs, threat, knowledge, nootropics, mind booster",https://image.tmdb.org/t/p/w500/hv5JMCrMVLvV6HKPf9FcBuyk2MG.jpg
007 Contra Spectre,Spectre,A Plan No One Escapes,Sam Mendes,2015,"Action, Adventure, Thriller","based on novel or book, spy, secret agent, sequel, mi6, british secret service, united kingdom",https://image.tmdb.org/t/p/w500/672kUEMtTHcaVYSVY4eiHEliHFa.jpg
As Vantagens de Ser Invisível,The Perks of Being a Wallflower,We are infinite.,Stephen Chbosky,2012,Drama,"school friend, depression, high school, friendship, based on novel or book, trauma, coming of age, freshman, school, teenage boy, high school student, first love, aunt nephew relationship, lgbt, mental health, lgbt teen, pittsburgh, pennsylvania, 1990s, based on young adult novel, gay theme, boys' love (bl), teenager",https://image.tmdb.org/t/p/w500/aKCvdFFF5n80P2VdS7d8YBwbCjh.jpg
O Labirinto do Fauno,El laberinto del fauno,What happens when make-believe believes it's real?,Guillermo del Toro,2006,"Fantasy, Drama, War","princess, army, spain, fairy tale, resistance, servant, anti hero, franco regime (francoism), woods, love, cruelty, hiding, labyrinth, magic realism, mythological, dark fairy tale, children in wartime, post spanish civil war, faun",https://image.tmdb.org/t/p/w500/2VVhikIxoztAXEDQZLOdtBsu6vf.jpg
Jumanji,Jumanji,Roll the dice and unleash the excitement!,Joe Johnston,1995,"Adventure, Fantasy, Family","giant insect, board game, disappearance, jungle, recluse, stampede, based on young adult novel",https://image.tmdb.org/t/p/w500/vgpXmVaVyUL7GGiDeiK1mKEKzcX.jpg
Avatar: O Caminho da Água,Avatar: The Way of Water,Return to Pandora.,James Cameron,2022,"Science Fiction, Adventure, Action","dying and death, loss of loved one, alien life-form, resurrection, dysfunctional family, sequel, alien planet, distant future, adopted child, rebirth, family dynamics, adopted son, stronger villain, war",https://image.tmdb.org/t/p/w500/t6HIqrRAclMCA60NsSmeqe9RmNV.jpg
"As Crônicas de Nárnia: O Leão, a Feiticeira e o Guarda-Roupa","The Chronicles of Narnia: The Lion, the Witch and the Wardrobe",Evil Has Reigned For 100 Years...,Andrew Adamson,2005,"Adventure, Family, Fantasy","witch, epic, sibling relationship, saving the world, based on novel or book, self sacrifice, winter, fairy tale, cupboard, beaver, lion, surrealism, battle, based on children's book, fantasy world, duringcreditsstinger, 1940s, high fantasy, isekai, based on young adult novel, faun, good versus evil",https://image.tmdb.org/t/p/w500/iREd0rNCjYdf5Ar0vfaW32yrkm.jpg
Psicopata Americano,American Psycho,I think my mask of sanity is about to slip.,Mary Harron,2000,"Thriller, Drama, Crime","new york city, based on novel or book, businessman, psychopath, grave, dark comedy, satire, wall street, serial killer, chainsaw, big city, psychological thriller, macabre, character study, white collar, harvard business school, voice imitation, shocking, aggressive, insecure, 1980s, american businessman, bloody, ambiguity, horror, callous",https://image.tmdb.org/t/p/w500/9uGHEgsiUXjCNq8wdq4r49YL8A1.jpg
X-Men Origens: Wolverine,X-Men Origins: Wolverine,Witness the origin.,Gavin Hood,2009,"Adventure, Action, Thriller, Science Fiction","army, corruption, superhero, mutant, boxer, based on comic, prequel, spin off, aftercreditsstinger, duringcreditsstinger",https://image.tmdb.org/t/p/w500/yj8LbTju1p7CUJg7US2unSBk33s.jpg
"Se Beber, Não Case! Parte II",The Hangover Part II,The Wolfpack Is Back,Todd Phillips,2011,Comedy,"stag night, memory loss, undercover cop, drugs",https://image.tmdb.org/t/p/w500/jrP9zmdSUpOzzUXpEqPqg3dryUr.jpg
Sherlock Holmes: O Jogo de Sombras,Sherlock Holmes: A Game of Shadows,The game is afoot.,Guy Ritchie,2011,"Adventure, Action, Crime, Mystery","london, england, paris, france, detective inspector, steampunk, buddy, criminal mastermind, 19th century, sherlock holmes",https://image.tmdb.org/t/p/w500/y1MYZkwhZK6L0Jy4YMuPktzDOfn.jpg
Velozes & Furiosos 8,The Fate of the Furious,Family no more.,F. Gary Gray,2017,"Action, Crime, Thriller","new york city, submarine, rescue mission, sequel, street race, betrayal, criminal mastermind, mysterious woman",https://image.tmdb.org/t/p/w500/dImWM7GJqryWJO9LHa3XQ8DD5NH.jpg
John Wick 3: Parabellum,John Wick: Chapter 3 - Parabellum,Every action has consequences.,Chad Stahelski,2019,"Action, Thriller, Crime","new york city, martial arts, bratva (russian mafia), casablanca, morocco, secret society, morocco, secret organization, black humor, sahara desert, sequel, organized crime, one man army, consequences, aggressive, professional assassin, baba yaga, dog man friendship, defiant",https://image.tmdb.org/t/p/w500/ziEuG1essDuWuC5lpWUaw1uXY2O.jpg
Kong: A Ilha da Caveira,Kong: Skull Island,All hail the king,Jordan Vogt-Roberts,2017,"Action, Adventure, Fantasy","vietnam veteran, island, monster, 1970s, expedition, giant monster, giant spider, creature, spin off, u.s. soldier, giant animal, kaiju, aftercreditsstinger, giant ape, monster island, water buffalo, uncharted, monsterverse",https://image.tmdb.org/t/p/w500/r2517Vz9EhDhj88qwbDVj8DCRZN.jpg
De Volta para o Futuro: Parte III,Back to the Future Part III,They've saved the best trip for last... But this time they may have gone too far.,Robert Zemeckis,1990,"Adventure, Comedy, Science Fiction","california, saloon, sports car, inventor, horseback riding, indian territory, locomotive, time travel, native american, mad scientist, sequel, outlaw, shootout, gunfight, train, wild west, cavalry, 1950s, hoverboard, playful, relaxed, sarcastic",https://image.tmdb.org/t/p/w500/crzoVQnMzIrRfHtQw0tLBirNfVg.jpg
MIB: Homens de Preto III,Men in Black 3,Back in time.,Barry Sonnenfeld,2012,"Action, Comedy, Science Fiction","time travel, time machine, based on comic, alien, buddy cop, fictional government agency, seeing the future, changing history",https://image.tmdb.org/t/p/w500/90DdoEStzeObs96fsYf4GG544iN.jpg
Maze Runner: Prova de Fogo,Maze Runner: The Scorch Trials,The Maze Was Just the Beginning.,Wes Ball,2015,"Science Fiction, Action, Thriller, Adventure","based on novel or book, escape, resistance, dystopia, maze, post-apocalyptic future, infection, on the run, zombie, storm, disease, desert, sewer, antidote, corporation, virus, runner, city ruin, immunity, based on young adult novel",https://image.tmdb.org/t/p/w500/2TZJ7sZd0thhXHvkPJGoPTtM8Bq.jpg
Nascido para Matar,Full Metal Jacket,In Vietnam The Wind Doesn't Blow It Sucks,Stanley Kubrick,1987,"Drama, War","rescue, sniper, vietnam war, suicide, vietnam, helicopter, prostitute, based on novel or book, propaganda, war correspondent, journalism, recruit, infantry, war photographer, boot camp, jungle, sergeant, racism, genocide, fighting, platoon, combat, discipline, u.s. marine, obstacle course, military, anti war, mass grave, blanket party",https://image.tmdb.org/t/p/w500/kMKyx1k8hWWscYFnPbnxxN4Eqo4.jpg
Aves de Rapina: Arlequina e sua Emancipação Fantabulosa,Birds of Prey (and the Fantabulous Emancipation of One Harley Quinn),Mind Over Mayhem,Cathy Yan,2020,"Action, Crime","police, pickpocket, chase, joker, psychopath, superhero, nightclub, gang leader, based on comic, breaking the fourth wall, betrayal, vigilante, mobster, organized crime, shootout, female protagonist, orphan, criminal, police officer, police detective, spin off, hyena, held at gunpoint, henchman, exploding body, death of family, crime family, female police officer, nightclub owner, crime lord, woman director, hand to hand combat, vigilantism, suspended cop, murder of family, dc extended universe (dceu), dumped by boyfriend, loss of family, supernatural power, female antihero, vigilantes, betrayal of trust, gotham city, vigilante justice, jailbreak, suspended from job",https://image.tmdb.org/t/p/w500/h4VB6m0RwcicVEZvzftYZyKXs6K.jpg
Um Estranho no Ninho,One Flew Over the Cuckoo's Nest,"If he's crazy, what does that make you?",Milos Forman,1975,Drama,"mentally disabled, friendship, based on novel or book, nurse, lunatic asylum, insane asylum, oregon, usa, hospital, medication, female villain, shock treatment",https://image.tmdb.org/t/p/w500/3jcbDmRFiQ83drXNOvRDeKHxS0C.jpg
Anjos da Lei,21 Jump Street,The only thing getting blown tonight is their cover.,"Phil Lord, Christopher Miller",2012,"Action, Comedy, Crime","drug dealer, high school, investigation, nerd, male friendship, parody, jock, crude humor, undercover cop, high school student, police academy, buddy cop, buddy comedy, duringcreditsstinger, high school rivalry, bicycle cop, based on tv series, backstory, cops, party drugs, high school classmates",https://image.tmdb.org/t/p/w500/8v3Sqv9UcIUC4ebmpKWROqPBINZ.jpg
Looper: Assassinos do Futuro,Looper,"Hunted by your future, haunted by your past.",Rian Johnson,2012,"Action, Thriller, Science Fiction","future, suicide, assassin, dystopia, drug addiction, time travel, retirement, tragedy, murder, organized crime, execution, criminal, contract killer, neo-noir, 2040s",https://image.tmdb.org/t/p/w500/sNjL6SqErDBE8OUZlrDLkexfsCj.jpg
Os Suspeitos,The Usual Suspects,Five criminals. One line up. No coincidence.,Bryan Singer,1995,"Drama, Crime, Thriller","new york city, relatives, heist, gay interest, flashback, police corruption, whodunit, theft, criminal, criminal mastermind, cargo ship, mind game, neo-noir, mystery villain",https://image.tmdb.org/t/p/w500/bUPmtQzrRhzqYySeiMpv7GurAfm.jpg
Zodíaco,Zodiac,There's more than one way to lose your life to a killer.,David Fincher,2007,"Crime, Drama, Mystery, Thriller","newspaper, journalist, california, based on novel or book, police, san francisco, california, killing, detective, 1970s, investigation, victim, code, murder, serial killer, crime scene, reporter, whodunit, alcoholic, young man, fourth of july, newspaper article, cartoonist, 1960s, zodiac killer, bar",https://image.tmdb.org/t/p/w500/6YmeO4pB7XTh8P8F960O1uA14JO.jpg
Sr. & Sra. Smith,Mr. & Mrs. Smith,Smart and sexy,Doug Liman,2005,"Action, Comedy, Drama, Thriller","assassin, bomb, hitman, marriage crisis, gun, secret identity, married couple, assault rifle, marriage, decoy, secret agent, dysfunctional marriage, gunfight, bullet wound",https://image.tmdb.org/t/p/w500/wzIO3ytxeSNt1wRpXLIdkNbGoDm.jpg
Kingsman: O Círculo Dourado,Kingsman: The Golden Circle,Reports of my death have been greatly exaggerated.,Matthew Vaughn,2017,"Action, Adventure, Comedy","saving the world, spy, europe, sequel, secret government organization, agent, statesman, spy universe",https://image.tmdb.org/t/p/w500/34xBL6BXNYFqtHO9zhcgoakS4aP.jpg
Tubarão,Jaws,The terrifying motion picture from the terrifying No.1 best seller.,Steven Spielberg,1975,"Horror, Thriller, Adventure","dying and death, beach, based on novel or book, bathing, shipwreck, fishing, atlantic ocean, shark attack, police chief, ferry boat, animal attack, long island, new york, dead child, creature, skinny dipping, shark, great white shark, dead dog, child killed by animal, fourth of july, severed leg, fishing boat, animal horror, shark cage",https://image.tmdb.org/t/p/w500/lxM6kqilAdpdhqUl2biYp5frUxE.jpg
Uma Noite no Museu,Night at the Museum,Where History Comes To Life,Shawn Levy,2006,"Action, Adventure, Comedy, Family, Fantasy","night shift, skeleton, chaos, maya civilization, museum, genghis khan, natural history, dinosaur, based on children's book, magical object, security guard, duringcreditsstinger, pharaoh, inanimate objects come to life",https://image.tmdb.org/t/p/w500/uY9k8t2FQkMj60obnAnsPKLxHCE.jpg
A Série Divergente: Insurgente,Insurgent,One Choice Can Destroy You,Robert Schwentke,2015,"Action, Adventure, Science Fiction, Thriller","based on novel or book, revolution, dystopia, sequel, based on young adult novel",https://image.tmdb.org/t/p/w500/dP5Fb6YRfzmCQtRbHOr2kO7tJW9.jpg
Uma Mente Brilhante,A Beautiful Mind,He saw the world in a way no one could have imagined.,Ron Howard,2001,"Drama, Romance","individual, schizophrenia, love of one's life, intelligence, mathematics, massachusetts, mathematician, market economy, economic theory, princeton university, nobel prize, mathematical theorem, delusion, genius, biography, math genius, savant",https://image.tmdb.org/t/p/w500/zwzWCmH72OSC9NA0ipoqw5Zjya8.jpg
Soul,Soul,Is all this living really worth dying for?,"Pete Docter, Kemp Powers",2020,"Animation, Family, Comedy, Fantasy, Drama","new york city, jazz, musician, cat, self-discovery, jazz singer or musician, teacher, life after death",https://image.tmdb.org/t/p/w500/hm58Jw4Lw8OIeECIq5qyPYhAeRJ.jpg
Aladdin,Aladdin,Choose Wisely.,Guy Ritchie,2019,"Adventure, Fantasy, Romance, Family","hero, hustler, palace, sultan, flying carpet, musical, rags to riches, romance, monkey, family, first love, based on myths, legends or folklore, genie, arabian nights, live action and animation, live action remake, hilarious, familiar",https://image.tmdb.org/t/p/w500/ykUEbfpkf8d0w49pHh0AD2KrT52.jpg
Duna,Dune,It begins.,Denis Villeneuve,2021,"Science Fiction, Adventure","empire, future, epic, army, based on novel or book, prophecy, dystopia, emperor, sand, spice, hallucinogen, treason, baron, revenge, premonition, betrayal, space, water shortage, creature, desert, knife fight, destiny, giant worm, space opera, sand dune, messiah, mother son relationship, giant creature",https://image.tmdb.org/t/p/w500/d5NXSklXo0qyIYkgV94XAgMIckC.jpg
Três Anúncios para um Crime,"Three Billboards Outside Ebbing, Missouri",,Martin McDonagh,2017,"Crime, Drama","small town, suicide, police brutality, rape, missouri, dark comedy, alcoholism, murder, arson, cancer, teenage girl, police corruption, racism, anger, billboard, guilty conscience, molotov cocktail, pool hall",https://image.tmdb.org/t/p/w500/pZRhqJj0DBy4ghB7g6pU7MGHsWJ.jpg
X-Men 2,X2,The time has come for those who are different to stand united.,Bryan Singer,2003,"Adventure, Action, Science Fiction","superhero, mutant, based on comic, superhuman, bigotry, discrimination",https://image.tmdb.org/t/p/w500/mM5qSVdWlGkvALHhNIb6kW6D42Y.jpg
O Lar das Crianças Peculiares,Miss Peregrine's Home for Peculiar Children,Stay peculiar.,Tim Burton,2016,"Fantasy, Adventure","wales, children's home, shapeshifting, falcon, time travel, orphan, super power, 1940s, based on young adult novel",https://image.tmdb.org/t/p/w500/CIlbMFOfYDj0MP23hsIYhFGrL6.jpg
O Máskara,The Mask,From zero to hero.,Chuck Russell,1994,"Romance, Comedy, Crime, Fantasy","dual identity, bank, superhero, mockery, transformation, villain, surrealism, based on comic, slapstick comedy, balloon, dog, urban setting, jail cell, wisecrack humor, super villain, norse mythology, supernatural power, the mask",https://image.tmdb.org/t/p/w500/xbbXp9px4o8Oe7IbGd0yIbla8mZ.jpg
Troia,Troy,For passion. For honor. For destiny. For victory. For love.,Wolfgang Petersen,2004,"Adventure, History, War, Action","epic, adultery, sibling relationship, hostility, bravery, mythology, beauty, trojan war, wall, fraud, sword fight, battlefield, historical fiction, ancient world, based on song, poem or rhyme, pyre, ancient greece, peplum, trojan horse, bronze age, sparta greece, helen of troy, homer's iliad, muscular men, ships, sword and sandal, helmet",https://image.tmdb.org/t/p/w500/a07wLy4ONfpsjnBqMwhlWTJTcm.jpg
(500) Dias com Ela,(500) Days of Summer,This is not a love story. This is a story about love.,Marc Webb,2009,"Comedy, Drama, Romance","jealousy, gallery, fight, date, architect, interview, sister, love, friends, fate, los angeles, california, summer, year, heartache",https://image.tmdb.org/t/p/w500/f9mbM0YMLpYemcWx6o2WeiYQLDP.jpg
Coração Valente,Braveheart,Every man dies. Not every man truly lives.,Mel Gibson,1995,"Action, Drama, History, War","勇敢的心, braveheart",https://image.tmdb.org/t/p/w500/or1gBugydmjToAEq7OZY0owwFk.jpg
O Rei Leão,The Lion King,The King has Returned.,Jon Favreau,2019,"Adventure, Drama, Family","africa, lion, prince, redemption, musical, uncle, remake, grief, king, family, sidekick, live action and animation, father son relationship, live action remake",https://image.tmdb.org/t/p/w500/dzBtMocZuJbjLOXvrl4zGYigDzh.jpg
Star Trek,Star Trek,The future begins.,J.J. Abrams,2009,"Science Fiction, Action, Adventure","spacecraft, teleportation, san francisco, california, time travel, space mission, parachute, black hole, supernova, prequel, futuristic, warp speed, warp engine, space, romulans, alternate reality, space opera, reboot, unlikely friendship, child driving car, 23rd century, based on tv series, 24th century",https://image.tmdb.org/t/p/w500/9vaRPXj44Q2meHgt3VVfQufiHOJ.jpg
Indiana Jones e a Última Cruzada,Indiana Jones and the Last Crusade,"The man with the hat is back. And this time, he's bringing his Dad.",Steven Spielberg,1989,"Adventure, Action","saving the world, nazi, holy grail, venice, italy, entrapment, crusader, germany, riddle, brotherhood, zeppelin, tank, book burning, nazi officer, boat chase, gestapo, single father, traveling circus, archaeologist, bible quote, medieval, boy scouts, german soldier, motorcycle chase, hindenburg, german agent, 1930s, biblical archaeology, father son relationship, adolf hitler, german language, knights templar, nazi germany, the crusades",https://image.tmdb.org/t/p/w500/npUCnxl1fqgt3aQiMQq0iJdZMZp.jpg
Viúva Negra,Black Widow,Her world. Her secrets. Her legacy.,Cate Shortland,2021,"Action, Adventure, Science Fiction","assassin, hero, spy, kgb, based on comic, female assassin, female spy, female hero, aftercreditsstinger, marvel cinematic universe (mcu), woman director",https://image.tmdb.org/t/p/w500/kwB7d51AIcyzPOBOHLCEZJkmPhQ.jpg
Psicose,Psycho,A new—and altogether different—screen excitement!,Alfred Hitchcock,1960,"Horror, Drama, Thriller","hotel, clerk, shower, arizona, motel, stolen money, taxidermy, money, secretary, corpse, murderer, theft, mental illness, private detective, missing person, psycho, voyeurism, voyeur, oedipus complex, double identity, proto-slasher, mother son relationship, birds, whodunnit, woman on the run, corruptibility, confused identities, human vulnerabilities",https://image.tmdb.org/t/p/w500/yz4QVqPx3h1hD1DfqqQkCq3rmxW.jpg
A Bela e a Fera,Beauty and the Beast,The most beautiful love story ever told.,"Gary Trousdale, Kirk Wise",1991,"Romance, Family, Animation, Fantasy","princess, france, prince, castle, rose, musical, insane asylum, beast, based on fairy tale, eccentric man, toxic masculinity",https://image.tmdb.org/t/p/w500/hUJ0UvQ5tgE2Z9WpfuduVSdiCiU.jpg
Assassinato no Expresso do Oriente,Murder on the Orient Express,Everyone is a suspect.,Kenneth Branagh,2017,"Mystery, Drama, Crime","princess, based on novel or book, venice, italy, professor, detective, investigation, orient express, knife, europe, remake, murder, snow, whodunit, train, stabbing, alps mountains, murder mystery, 1930s, steam train",https://image.tmdb.org/t/p/w500/kc2gJjebceoFgOQbukzPzP8SXVZ.jpg
MIB: Homens de Preto II,Men in Black II,Back in black.,Barry Sonnenfeld,2002,"Action, Adventure, Comedy, Science Fiction","new york city, space marine, saving the world, flying saucer, undercover, secret identity, superhero, deportation, illegal immigration, new identity, firearm, light, based on comic, alien, buddy cop, fictional government agency",https://image.tmdb.org/t/p/w500/enA22EPyzc2WQ1VVyY7zxresQQr.jpg
Caixa de Pássaros,Bird Box,Never lose sight of survival,Susanne Bier,2018,"Horror, Thriller, Drama","based on novel or book, post-apocalyptic future, blindfold, doomsday, survival horror, woman director, white water rafting",https://image.tmdb.org/t/p/w500/rGfGfgL2pEPCfhIvqHXieXFn7gp.jpg
Missão: Impossível - Protocolo Fantasma,Mission: Impossible - Ghost Protocol,No plan. No backup. No choice.,Brad Bird,2011,"Action, Thriller, Adventure","assassin, budapest, hungary, skyscraper, secret intelligence service, sandstorm, seattle, washington, satellite, mumbai (bombay), india, secret agent, car crash, sequel, prison escape, dubai, billionaire, terrorism, disguise, bombing, jet, nuclear threat, moscow, russia, field agent, analyst, nuclear submarine, kremlin, disavowed, based on tv series, nuclear launch codes, burj khalifa, scaling a building",https://image.tmdb.org/t/p/w500/psiWp3VTjznfokmGQG9uqiiknQQ.jpg
Velozes & Furiosos,The Fast and the Furious,Live life 1/4 mile at a time.,Rob Cohen,2001,"Action, Crime, Thriller","street gang, undercover, car race, auto-tuning, street race, los angeles, california, aftercreditsstinger, duringcreditsstinger, based on magazine, newspaper or article",https://image.tmdb.org/t/p/w500/gqY0ITBgT7A82poL9jv851qdnIb.jpg
Liga da Justiça de Zack Snyder,Zack Snyder's Justice League,Us united.,Zack Snyder,2021,"Action, Adventure, Fantasy","saving the world, superhero, resurrection, based on comic, superhero team, planet invasion, action hero, dc extended universe (dceu), superhero teamup, director's cut",https://image.tmdb.org/t/p/w500/tnAuB8q5vv7Ax9UAEje5Xi4BXik.jpg
Venom: Tempo de Carnificina,Venom: Let There Be Carnage,The universe needs Venom.,Andy Serkis,2021,"Science Fiction, Action, Adventure","hero, psychopath, superhero, anti hero, villain, based on comic, sequel, creature, fear, aftercreditsstinger, symbiote, carnage, venom character",https://image.tmdb.org/t/p/w500/rjkmN1dniUHVYAtwuV3Tji7FsDO.jpg
Réquiem para um Sonho,Requiem for a Dream,,Darren Aronofsky,2000,"Crime, Drama","drug dealer, corruption, drug abuse, unsociability, degradation, insanity, heroin, drug addiction, junkie, hallucination, speed, diet, orderly, surrealism, illusion, fondling, drug use, grief, drug pusher, marijuana, chain gang, postmodern, drug trade, psychiatrist, drugged, illegal prostitution, gay parent, subculture, bitterness, hatred, industrial music, force feeding, decadence, marijuana joint, boyfriend girlfriend relationship, heroin addict, prescription drug abuse, eating disorder, heroin addiction, voyeurism, brunette, sign languages, shock, narcotics, hospitalization, incarceration, gay theme, lesbian, cautionary tale, methamphetamine, drug addict, moral corruption, psychological drama, split screen",https://image.tmdb.org/t/p/w500/nOd6vjEmzCT0k4VYqsA2hwyi87C.jpg
À Procura da Felicidade,The Pursuit of Happyness,,Gabriele Muccino,2006,Drama,"work, worker, homeless person, single parent, san francisco, california, bus, homelessness, church service, bad luck, biography, based on true story, salesman, stockbroker, poor",https://image.tmdb.org/t/p/w500/kTdG9wKnREyjK6nlFDNmpe7wlIK.jpg
Matrix Revolutions,The Matrix Revolutions,Everything that has a beginning has an end.,"Lana Wachowski, Lilly Wachowski",2003,"Adventure, Action, Thriller, Science Fiction","dying and death, rescue, future, mission, man vs machine, underground world, machine town, martial arts, kung fu, hero, dream, fortune teller, artificial intelligence (a.i.), computer, saving the world, flying, temple, computer virus, virtual reality, fight, faith, truth, philosophy, key, killer robot, subway, dystopia, sun, sunlight, precognition, super computer, ying yang, cyberpunk, woman director, action hero, gnosticism",https://image.tmdb.org/t/p/w500/qEWiBXJGXK28jGBAm8oFKKTB0WD.jpg
Toy Story 4,Toy Story 4,Get Ready to Hit the Road,Josh Cooley,2019,"Family, Adventure, Animation, Comedy, Fantasy","friendship, cartoon, rescue mission, sequel, buddy, cowboy, duringcreditsstinger, toy comes to life",https://image.tmdb.org/t/p/w500/w9kR8qbmQ01HwnvK4alvnQ2ca0L.jpg
A Era do Gelo 2,Ice Age: The Meltdown,Kiss Your Nuts Goodbye,Carlos Saldanha,2006,"Animation, Family, Comedy, Adventure","mammoth, sloth, ice age, barrier ice, ice melting, iceberg, flooding, deluge, lovers, sequel, saber-toothed tiger",https://image.tmdb.org/t/p/w500/vdluBXie4qDvh0dFX2Fpq8v16it.jpg
Godzilla vs. Kong,Godzilla vs. Kong,One Will Fall,Adam Wingard,2021,"Action, Science Fiction, Thriller","giant monster, dinosaur, creature feature, kaiju, sign languages, giant ape, godzilla, monsterverse, robot dinosaur, king kong",https://image.tmdb.org/t/p/w500/pgqgaUx1cJb5oZQQ5v0tNARCeBp.jpg
Frozen II,Frozen II,The past is not what it seems.,"Chris Buck, Jennifer Lee",2019,"Family, Animation, Adventure, Comedy, Fantasy","princess, magic, kingdom, winter, queen, castle, musical, sequel, dam, spirit, frozen, personification, thoughtful, mother daughter relationship, compassionate",https://image.tmdb.org/t/p/w500/mINJaa34MtknCYl5AjtNJzWj8cD.jpg
Star Wars: A Ascensão Skywalker,Star Wars: The Rise of Skywalker,Every generation has a legend,J.J. Abrams,2019,"Adventure, Action, Science Fiction",space opera,https://image.tmdb.org/t/p/w500/db32LaOibwEliAmSL2jjDF6oDdj.jpg
Na Natureza Selvagem,Into the Wild,Into the heart. Into the soul.,Sean Penn,2007,"Adventure, Drama","parent child relationship, self-discovery, camping, wilderness, biography, based on true story, road trip, alaska, journey",https://image.tmdb.org/t/p/w500/2MSGZEE6XZd2r4ODNziwAw7Hpw0.jpg
Trainspotting: Sem Limites,Trainspotting,Choose life.,Danny Boyle,1996,"Drama, Crime","drug dealer, friendship, london, england, based on novel or book, scotland, heroin, drug addiction, anti hero, junkie, nightclub, cold turkey, dark comedy, edinburgh, scotland, modern society, hallucination, surrealism, monologue, stealing, drug rehabilitation, drug dealing, drugs, schoolgirl, recovering addict, illegal drugs, social realism, drug culture",https://image.tmdb.org/t/p/w500/bhY62Dw8iW54DIhxPQerbuB9DOP.jpg
X-Men: O Confronto Final,X-Men: The Last Stand,Take a stand.,Brett Ratner,2006,"Adventure, Action, Science Fiction, Thriller","mutant, based on comic, superhuman, beast, cyclops, aftercreditsstinger",https://image.tmdb.org/t/p/w500/sNSvwqiNXjEvDSeQFsJAGPEP7Gl.jpg
Wolverine: Imortal,The Wolverine,"When he's most vulnerable, he's most dangerous.",James Mangold,2013,"Action, Science Fiction, Adventure, Fantasy","japan, samurai, world war i, superhero, mutant, based on comic, superhuman, duringcreditsstinger",https://image.tmdb.org/t/p/w500/xNi8daRmN4XY8rXHd4rwLbJf1cU.jpg
Estrelas Além do Tempo,Hidden Figures,"Meet the women you don't know, behind the mission you do.",Theodore Melfi,2016,"Drama, History","nasa, mathematics, sexism, biography, racial segregation, racism, historical fiction, scientist, space race, discrimination, 1960s, space program, african american history",https://image.tmdb.org/t/p/w500/9lfz2W2uGjyow3am00rsPJ8iOyq.jpg
Hancock,Hancock,Bad behavior. Bad attitude. Real hero.,Peter Berg,2008,"Fantasy, Action","love of one's life, flying, alcohol, advertising expert, superhero, pokies, forbidden love, lovers, invulnerability, affection, alcoholism, los angeles, california, duringcreditsstinger",https://image.tmdb.org/t/p/w500/7DyuV2G0hLEqHeueDfOqhZ2DVut.jpg
Como Treinar o Seu Dragão 2,How to Train Your Dragon 2,The training is over.,Dean DeBlois,2014,"Fantasy, Action, Adventure, Animation, Comedy, Family","rescue, husband wife relationship, sacrifice, parent child relationship, loss of loved one, viking, death of father, sequel, dragon, death of husband, warrior, mother son relationship",https://image.tmdb.org/t/p/w500/d13Uj86LdbDLrfDoHR5aDOFYyJC.jpg
Mulan,Mulan,Courage. Family. Honor.,"Tony Bancroft, Barry Cook",1998,"Animation, Family, Adventure","princess, daughter, china, homeland, villain, musical, sexism, training, cricket, based on true story, female protagonist, dragon, east asian lead, war hero, based on song, poem or rhyme, luck, great wall of china, gender disguise, based on fairy tale, female warrior, hand drawn animation, father daughter relationship, action comedy, woman disguised as man",https://image.tmdb.org/t/p/w500/5TYgKxYhnhRNNwqnRAKHkgfqi2G.jpg
Expresso do Amanhã,Snowpiercer,"AD 2031, the passengers in the train are the only survivors on Earth.",Bong Joon Ho,2013,"Action, Science Fiction, Drama","parent child relationship, winter, brothel, child labour, pregnancy, dystopia, allegory, post-apocalyptic future, bridge, hijacking of train, rifle, based on comic, dam, train, based on graphic novel, guilt, revolt, duplicity, tunnel, social class, population control, perpetual winter, city ruin, 2030s",https://image.tmdb.org/t/p/w500/9JPx09Rr0Txq2eSQfjq1DEBR5cx.jpg
Sonic: O Filme,Sonic the Hedgehog,A whole new speed of hero.,Jeff Fowler,2020,"Action, Science Fiction, Comedy, Family","friendship, video game, san francisco, california, road trip, cop, based on video game, duringcreditsstinger, bar fight, hedgehog, live action and animation, live action remake, flossing",https://image.tmdb.org/t/p/w500/aQvJ5WPzZgYVDrxLX4R6cLJCEaQ.jpg
Independence Day,Independence Day,Don't make plans for August.,Roland Emmerich,1996,"Action, Adventure, Science Fiction","spacecraft, showdown, independence, patriotism, countdown, invasion, alien, ufo, extraterrestrial, creature, battle, alien invasion, world domination, area 51, human vs alien, good versus evil",https://image.tmdb.org/t/p/w500/p0BPQGSPoSa8Ml0DAf2mB2kCU0R.jpg
Menina de Ouro,Million Dollar Baby,"Beyond his silence, there is a past. Beyond her dreams, there is a feeling. Beyond hope, there is a memory. Beyond their journey, there is a love.",Clint Eastwood,2004,Drama,"dying and death, transporter, strong woman, stroke of fate, advancement, fight, suicide attempt, boxer, training, tragedy, female protagonist, brutality, boxing trainer, unlikely friendship, female boxing, knockout, euthanasia, determination",https://image.tmdb.org/t/p/w500/2ti3l1OeB8G94yyqfAI7nmMZUbA.jpg
O Rei do Show,The Greatest Showman,The impossible comes true.,Michael Gracey,2017,Drama,"adultery, circus, musical, biography, rags to riches, based on true story, outcast, singing, dreamer, freak show, grand",https://image.tmdb.org/t/p/w500/b9CeobiihCx1uG1tpw8hXmpi7nm.jpg
Shazam!,Shazam!,Just say the word.,David F. Sandberg,2019,"Action, Comedy, Fantasy","philadelphia, pennsylvania, magic, secret identity, superhero, based on comic, wizard, superhuman strength, aftercreditsstinger, duringcreditsstinger, christmas, dc extended universe (dceu), flossing",https://image.tmdb.org/t/p/w500/xnopI5Xtky18MPhK40cZAGAOVeV.jpg
Quarteto Fantástico,Fantastic Four,4 times the action. 4 times the adventure. 4 times the fantastic.,Tim Story,2005,"Action, Adventure, Fantasy, Science Fiction","mask, friendship, marriage proposal, fire, sibling relationship, flying, radiation, missile, superhero, dna, transformation, based on comic, space, laboratory, explosion, scientist, super power, space station, brooklyn bridge, fantastic four, superhuman strength, invisibility, elasticity",https://image.tmdb.org/t/p/w500/8HLQLILZLhDQWO6JDpvY6XJLH75.jpg
Aliens: O Resgate,Aliens,This time it's war.,James Cameron,1986,"Action, Thriller, Science Fiction","android, space marine, extraterrestrial technology, spaceman, space travel, settler, colony, cryogenics, vacuum, space colony, warrior woman, alien, space, female protagonist, creature, desolate, female hero, xenomorph, desolate planet, strong female protagonist",https://image.tmdb.org/t/p/w500/r1x5JGpyqZU8PYhbs4UcrO1Xb6x.jpg
Tenet,Tenet,Time runs out.,Christopher Nolan,2020,"Action, Thriller, Science Fiction","assassin, espionage, spy, time travel, mumbai (bombay), india, arms dealer, terrorism, terrorist attack, nuclear weapons, terrorist plot, backwards, alternate timeline, oslo, norway, time paradox, kyiv (kiev), ukraine",https://image.tmdb.org/t/p/w500/aCIFMriQh8rvhxpN1IWGgvH0Tlg.jpg
Jojo Rabbit,Jojo Rabbit,An anti-hate satire.,Taika Waititi,2019,"Comedy, War, Drama","based on novel or book, world war ii, jew persecution, satire, imaginary friend, hitler youth, gay interest, single mother, nazism, 1940s, child protagonist, adolf hitler, children in wartime",https://image.tmdb.org/t/p/w500/7GsM4mtM0worCtIVeiQt28HieeN.jpg
Distrito 9,District 9,You are not welcome here.,Neill Blomkamp,2009,Science Fiction,"street gang, government, genetics, slum, mutation, dystopia, transformation, south africa, johannesburg south africa, satire, mockumentary, alien, prawn, alternate history, racism, metamorphosis, xenophobia, internment camp, alien technology, segregation, private military company, based on short film",https://image.tmdb.org/t/p/w500/tuGlQkqLxnodDSk6mp5c2wvxUEd.jpg
O Castelo Animado,ハウルの動く城,The two lived there.,Hayao Miyazaki,2004,"Fantasy, Animation, Adventure","witch, flying, rain, castle, scarecrow, body exchange, hatter, bakery, curse, steampunk, demon, anime, based on young adult novel",https://image.tmdb.org/t/p/w500/6pZgH10jhpToPcf0uvyTCPFhWpI.jpg
O Quarto de Jack,Room,Love knows no boundaries,Lenny Abrahamson,2015,"Drama, Thriller","based on novel or book, escape, isolation, carpet, kidnapping, imprisonment, grandparents, hospital, dog, captive, children's perspectives, skylight, mother son relationship",https://image.tmdb.org/t/p/w500/dIxoYFcj6EqD5KScuU8lWCftnvH.jpg
Esqueceram de Mim 2: Perdido em Nova York,Home Alone 2: Lost in New York,Guess who's alone in New York this Christmas!,Chris Columbus,1992,"Comedy, Family, Adventure","new york city, burglar, holiday, family relationships, sequel, slapstick comedy, little boy, home invasion, family, precocious child, home alone, mischievous child, christmas, kids on their own, child rescue",https://image.tmdb.org/t/p/w500/uuitWHpJwxD1wruFl2nZHIb4UGN.jpg
O Código Da Vinci,The Da Vinci Code,Seek the truth,Ron Howard,2006,"Thriller, Mystery","paris, france, based on novel or book, holy grail, christianity, monk, secret society, louvre museum, heresy, mona lisa (la gioconda), freemason, pentagram, conspiracy, tomb, catholicism, cryptologist, iconography, albino, sect",https://image.tmdb.org/t/p/w500/tYXOOkDxJ7jSvUX5j1Hbks1GjBZ.jpg
A Identidade Bourne,The Bourne Identity,He was the perfect weapon until he became the target.,Doug Liman,2002,"Action, Drama, Mystery, Thriller","sniper, assassin, amnesia, paris, france, based on novel or book, escape, barcelona, spain, secret identity, passport, mission of murder, lovers, flashback, shootout, foot chase, cell phone, multiple identities, surveillance camera, hamburg, germany, fishing boat, langley virginia, safe deposit box, hand to hand combat, action hero, bourne, jason bourne",https://image.tmdb.org/t/p/w500/aP8swke3gmowbkfZ6lmNidu0y9p.jpg
A Saga Crepúsculo: Lua Nova,The Twilight Saga: New Moon,The Next Chapter Begins.,Chris Weitz,2009,"Adventure, Fantasy, Drama, Romance","moon, based on novel or book, vampire, teen movie, werewolf, interspecies romance, based on young adult novel, supernatural power, good versus evil, vampire human love",https://image.tmdb.org/t/p/w500/j5jM5pq78ObAXX1WhTsb115EkLl.jpg
Encanto,Encanto,There's a little magic in all of us...almost all of us.,"Jared Bush, Byron Howard, Charise Castro Smith",2021,"Animation, Comedy, Family, Fantasy","strong woman, magic, sadness, immigration, supernatural, beauty, musical, big family, forest, family secrets, family relationships, flamenco, joy of life, teenage girl, female protagonist, family conflict, helping children, matriarch, colombia",https://image.tmdb.org/t/p/w500/4j0PNHkMr5ax3IA8tjtxcmPU3QT.jpg
Corpo Fechado,Unbreakable,Some things are only revealed by accident.,M. Night Shyamalan,2000,"Thriller, Drama, Mystery","philadelphia, pennsylvania, parent child relationship, marriage crisis, superhero, train accident, invulnerability, super power",https://image.tmdb.org/t/p/w500/mLuehrGLiK5zFCyRmDDOH6gbfPf.jpg
Além da Escuridão: Star Trek,Star Trek Into Darkness,Earth Will Fall,J.J. Abrams,2013,"Action, Adventure, Science Fiction","spacecraft, friendship, sequel, alien, futuristic, space, mysterious force, space opera, terrorist bombing, new beginning",https://image.tmdb.org/t/p/w500/7XrRkhMa9lQ71RszzSyVrJVvhyS.jpg
Batman,The Batman,Unmask the truth.,Matt Reeves,2022,"Crime, Mystery, Thriller","police, psychopath, secret identity, crime fighter, superhero, nightclub, politician, based on comic, vigilante, organized crime, serial killer, millionaire, social injustice, murder investigation, aftercreditsstinger, masked superhero, political corruption, neo-noir, vengeance, mayoral election, the batman saga",https://image.tmdb.org/t/p/w500/74xTEgt7R36Fpooo50r9T25onhq.jpg
Vida de Inseto,A Bug's Life,An epic presentation of miniature proportions.,"John Lasseter, Andrew Stanton",1998,"Adventure, Animation, Comedy, Family","fight, winter, ant-hill, ant, invention, collector, anthropomorphism, grass, duringcreditsstinger",https://image.tmdb.org/t/p/w500/Ah3J9OJVc2CNCuH2zMydXy9fmIC.jpg
xXx: Reativado,xXx: Return of Xander Cage,"There are no more patriots, just rebels and tyrants.",D.J. Caruso,2017,"Action, Adventure, Crime","airplane, tattoo, spy, extreme sports, parachute, secret agent, swimming pool, sequel, back from the dead, dominican republic, free fall",https://image.tmdb.org/t/p/w500/hba8zREJpP1AYhaXgb2oJLQeO0K.jpg
Cruella,Cruella,Hello Cruel World,Craig Gillespie,2021,"Comedy, Crime","1970s, anti hero, villain, punk rock, fashion designer, fashion, origin story, live action remake",https://image.tmdb.org/t/p/w500/wToO8opxkGwKgSfJ1JK8tGvkG6U.jpg
Indiana Jones e o Templo da Perdição,Indiana Jones and the Temple of Doom,If adventure has a name... it must be Indiana Jones.,Steven Spielberg,1984,"Adventure, Action","treasure, skeleton, wind, elephant, heart, riddle, crocodile, bridge, treasure hunt, torture, india, monkey, archaeologist, conveyor belt, child driving car, mine car, rope bridge, splits, adventurer, archeology, 1930s",https://image.tmdb.org/t/p/w500/n9WlJCilqSZ3m1ROSzv31v7KVOf.jpg
Watchmen: O Filme,Watchmen,Justice is coming to all of us.  No matter what we do.,Zack Snyder,2009,"Action, Mystery, Science Fiction","usa president, nuclear war, mass murder, secret identity, narration, soviet union, retirement, based on comic, conspiracy, animated scene, doomsday, masked vigilante, doomsday clock, red square, 1980s",https://image.tmdb.org/t/p/w500/aZvOkdo203bm1kpcY0A0Tn074ER.jpg
O Estranho Mundo de Jack,The Nightmare Before Christmas,"This is Halloween, everybody make a scene!",Henry Selick,1993,"Fantasy, Animation, Family","skeleton, fire, magic, holiday, santa claus, halloween, musical, christmas tree, saving christmas, pumpkin, woods, stop motion, christmas",https://image.tmdb.org/t/p/w500/oQffRNjK8e19rF7xVYEN8ew0j7b.jpg
Shang-Chi e a Lenda dos Dez Anéis,Shang-Chi and the Legend of the Ten Rings,You can't outrun your destiny.,Destin Daniel Cretton,2021,"Action, Adventure, Fantasy","martial arts, superhero, based on comic, mixed martial arts, east asian lead, aftercreditsstinger, duringcreditsstinger, marvel cinematic universe (mcu), father son relationship",https://image.tmdb.org/t/p/w500/9f2Q0U3IOsLgrI2HkvldwSABZy5.jpg
Alita: Anjo de Combate,Alita: Battle Angel,An angel falls. A warrior rises.,Robert Rodriguez,2019,"Action, Science Fiction, Adventure","martial arts, bounty hunter, dystopia, extreme sports, superhero, cyberpunk, based on manga, female cyborg, live action remake, floating city, gunnm",https://image.tmdb.org/t/p/w500/xRWht48C2V8XNfzvPehyClOvDni.jpg
365 Dias,365 dni,,"Barbara Bialowas, Tomasz Mandes",2020,"Romance, Drama","kidnapping, gangster, yacht, nightclub, mansion, prostitution, relationship, softcore, mature, bdsm, rich man poor woman, disturbed, aggressive, abduction, sex, antagonistic, arrogant, disgusted, disrespectful",https://image.tmdb.org/t/p/w500/6KwrHucIE3CvNT7kTm2MAlZ4fYF.jpg
Godzilla,Godzilla,"The world ends, Godzilla begins.",Gareth Edwards,2014,"Action, Drama, Science Fiction","japan, monster, san francisco, california, hawaii, giant monster, tsunami, remake, prehistoric creature, golden gate bridge, dinosaur, kaiju, honolulu, hawaii, disaster movie, global threat, animal horror, godzilla, monsterverse, cliché, excited",https://image.tmdb.org/t/p/w500/zokD6uxR2iWfYM3Y84yGJvnNTK7.jpg
A Saga Crepúsculo: Amanhecer - Parte 2,The Twilight Saga: Breaking Dawn - Part 2,The epic finale that will live forever,Bill Condon,2012,"Adventure, Fantasy, Drama, Romance","based on novel or book, vampire, villainess, romance, teen movie, werewolf, supernatural creature, super strength, imprinting, cross breed, bloodsucker, grudge, chief of police, wolf pack, misinformation, seeing the future, based on young adult novel",https://image.tmdb.org/t/p/w500/7IGdPaKujv0BjI0Zd0m0a4CzEjJ.jpg
O Pianista,The Pianist,Music was his passion. Survival was his masterpiece.,Roman Polanski,2002,"Drama, War","concert, nazi, resistance, warsaw ghetto, polish resistance, homeland, holocaust (shoah), hunger, world war ii, prisoner of war, ghetto, deportation, jew persecution, liberation, biography, survival, based on memoir or autobiography, pianist, poland",https://image.tmdb.org/t/p/w500/2hFvxCCWrTmCYwfy7yum0GKRi3Y.jpg
Jogos Mortais,Saw,Live or die. Make your choice.,James Wan,2004,"Horror, Mystery, Crime","sadism, shotgun, detective, flashback, hospital, doctor, torture, sadist, survival horror, chained, bludgeoning, death match, booby trap, mind game, extreme violence, death game",https://image.tmdb.org/t/p/w500/4da0TS3iQ1IzuyhDS8elgkmOfrN.jpg
A Múmia,The Mummy,The legend you know. The adventure you have yet to imagine.,Stephen Sommers,1999,"Adventure, Action, Fantasy","egypt, cairo, library, secret passage, pastor, pyramid, sandstorm, solar eclipse, mummy, foreign legion, nile, secret society, treasure hunt, remake, archaeologist, tomb, book of the dead, ancient egypt, opposites attract, 1920s, pharoah, good versus evil",https://image.tmdb.org/t/p/w500/yhIsVvcUm7QxzLfT6HW2wLf5ajY.jpg
A Grande Aposta,The Big Short,This is a true story.,Adam McKay,2015,"Comedy, Drama","based on novel or book, bank, fraud, wall street, biography, based on true story, finances, animated scene, historical fiction, loan, financial crisis, real estate, mortgage",https://image.tmdb.org/t/p/w500/isuQWbJPbjybBEWdcCaBUPmU0XO.jpg
Shrek Terceiro,Shrek the Third,He’s in for the Royal Treatment.,"Chris Miller, Raman Hui",2007,"Fantasy, Adventure, Animation, Comedy, Family","ship, island, ambush, kingdom, boarding school, liberation of prisoners, pregnancy, traitor, shipwreck, stage, sadness, transformation, assault, prince, theater play, tricks, heir to the throne, conciliation, sequel, teacher, best friend, dragon, cowardliness, capture, duringcreditsstinger, ogre, cartoon donkey, shrek cinematic universe",https://image.tmdb.org/t/p/w500/n4SexGGQzI26E269tfpa80MZaGV.jpg
Snatch - Porcos e Diamantes,Snatch,Stealin' stones and breakin' bones.,Guy Ritchie,2000,"Crime, Comedy","robbery, trailer park, england, gypsy, gambling, bare knuckle boxing, slang, antwerp, pig, gangster, boxer, underground fighting, diamond heist, pikey",https://image.tmdb.org/t/p/w500/56mOJth6DJ6JhgoE2jtpilVqJO.jpg
Família do Bagulho,We're the Millers,If anyone asks.,Rawson Marshall Thurber,2013,"Comedy, Crime","drug dealer, mexico, drug smuggling, fireworks, camping, denver, colorado, carnival, witness protection, stripper, road trip, breaking the fourth wall, marijuana, drug stealing, man child, drugs, drug lord, first kiss, strip tease, dea, homeless girl, drug syndicate, drug gang, 4th of july, drug money, pretend family, rv",https://image.tmdb.org/t/p/w500/qF2LJ0jwWrtXSuT4AFD5OS2IqaT.jpg
A Saga Crepúsculo: Amanhecer - Parte 1,The Twilight Saga: Breaking Dawn - Part 1,Forever is just the beginning,Bill Condon,2011,"Adventure, Fantasy, Romance","based on novel or book, vampire, hybrid, teen movie, werewolf, supernatural creature, dead, duringcreditsstinger, based on young adult novel",https://image.tmdb.org/t/p/w500/qs8LsHKYlVRmJbFUiSUhhRAygwj.jpg
A Saga Crepúsculo: Eclipse,The Twilight Saga: Eclipse,It all begins... with a choice.,David Slade,2010,"Adventure, Fantasy, Drama, Romance","based on novel or book, immortality, vampire, bite, graduation, teen movie, werewolf, based on young adult novel, supernatural power, vampire human love",https://image.tmdb.org/t/p/w500/3mFM80dPzSqoXXuC2UMvLIRWX32.jpg
Elysium,Elysium,He can save us all.,Neill Blomkamp,2013,"Science Fiction, Action, Drama, Thriller","future, dystopia, space station, class conflict",https://image.tmdb.org/t/p/w500/aRjuJuPXHtVs6YegfeeQWXGRs1E.jpg
A Noiva Cadáver,Corpse Bride,There's been a grave misunderstanding.,"Tim Burton, Mike Johnson",2005,"Romance, Fantasy, Animation","skeleton, love triangle, cheating, wedding vows, shyness, arranged marriage, marriage, grave, musical, wedding ring, money, stop motion, wedding, corpse, wedding ceremony, playing piano, parents, dark fantasy, ring, scoundrel, 19th century, underworld",https://image.tmdb.org/t/p/w500/isb2Qow76GpqYmsSyfdMfsYAjts.jpg
Missão: Impossível - Nação Secreta,Mission: Impossible - Rogue Nation,Desperate times. Desperate measures.,Christopher McQuarrie,2015,"Action, Adventure","mission, london, england, spy, morocco, villain, austria, europe, sequel, conspiracy, vienna, austria, vienna opera",https://image.tmdb.org/t/p/w500/jwqL7croP7JMVfz0l9o7V4yJsJO.jpg
O Discurso do Rei,The King's Speech,Find your voice.,Tom Hooper,2010,"Drama, History","great britain, marriage, stutter, monarchy, palace, radio, radio transmission, royal family, based on true story, death of father, speech, royalty, historical fiction, 1930s, british royal family, british monarchy, winston churchill, speech therapy, corgi",https://image.tmdb.org/t/p/w500/uQ538BfYLDJh3GXlzRZLo0j7PFj.jpg
O Protetor,The Equalizer,What do you see when you look at me?,Antoine Fuqua,2014,"Thriller, Action, Crime","assassin, corruption, hitman, call girl, sadism, hostage, gangster, fbi, gore, remake, sociopath, revenge, vigilante, organized crime, teenage prostitute, commando, interrogation, surveillance, fake death, ex soldier, loner, black ops, hand to hand combat, mysterious past, vigilante justice",https://image.tmdb.org/t/p/w500/9u4yW7yPA0BQ2pv9XwiNzItwvp8.jpg
Os Caça-Fantasmas,Ghostbusters,They ain't afraid of no ghost.,Ivan Reitman,1984,"Comedy, Fantasy","new york city, environmental protection agency, library, supernatural, paranormal phenomena, loser, slime, gatekeeper, nerd, giant monster, haunting, hybrid, possession, mythology, horror spoof, paranormal investigation, urban setting, super power, receptionist, world trade center, ghost, duringcreditsstinger, ghostbusters",https://image.tmdb.org/t/p/w500/7E8nLijS9AwwUEPu2oFYOVKhdFA.jpg
"Se Beber, Não Case! Parte III",The Hangover Part III,It all ends.,Todd Phillips,2013,Comedy,las vegas,https://image.tmdb.org/t/p/w500/vtxuPWkdllLNLVyGjKYa267ntuH.jpg
Missão: Impossível,Mission: Impossible,Expect the impossible.,Brian De Palma,1996,"Adventure, Action, Thriller","mission, london, england, cia, computer, paris, france, undercover, espionage, secret mission, arms deal, spy, secret identity, headquarter, embassy, secret base, prague, czech republic, secret agent, tgv, terrorism, agent",https://image.tmdb.org/t/p/w500/l5uxY5m5OInWpcExIpKG6AR3rgL.jpg
Para Todos os Garotos que Já Amei,To All the Boys I've Loved Before,The letters are out.,Susan Johnson,2018,"Comedy, Romance","high school, based on novel or book, love letter, romance, first love, lost mother, woman director, sisterhood, pretend relationship, based on young adult novel, asian american",https://image.tmdb.org/t/p/w500/hKHZhUbIyUAjcSrqJThFGYIR6kI.jpg
Hotel Transilvânia,Hotel Transylvania,Even monsters need a vacation,Genndy Tartakovsky,2012,"Animation, Comedy, Family, Fantasy","hotel, witch, vampire, romance, love, zombie, invisible person, duringcreditsstinger, nosferatu, protective father, magical creature, father daughter relationship",https://image.tmdb.org/t/p/w500/eJGvzGrsfe2sqTUPv5IwLWXjVuR.jpg
Terremoto: A Falha de San Andreas,San Andreas,"A rescue pilot survived an earthquake, this is what happens next",Brad Peyton,2015,"Action, Drama, Thriller","california, earthquake, disaster, tidal wave, catastrophe, disaster movie, san andreas, california, helicopter crash, rescue operation, 末日",https://image.tmdb.org/t/p/w500/2Gfjn962aaFSD6eST6QU3oLDZTo.jpg
Planeta dos Macacos: A Guerra,War for the Planet of the Apes,For freedom. For family. For the planet.,Matt Reeves,2017,"Drama, Science Fiction, War","suicide, based on novel or book, slavery, sequel, anthropomorphism, revenge, ape, avalanche, virus, father son relationship, 2040s",https://image.tmdb.org/t/p/w500/ijQHiImv16vNSeZQsmih04kwn0C.jpg
It: Capítulo Dois,It Chapter Two,You'll Float Again,Andy Muschietti,2019,"Horror, Fantasy","based on novel or book, clown, carnival, sequel, remake, maine, creature, fear, lgbt, ancient evil, loss of a friend",https://image.tmdb.org/t/p/w500/zfE0R94v1E8cuKAerbskfD3VfUt.jpg
Aniquilação,Annihilation,Fear what's inside.,Alex Garland,2018,"Science Fiction, Horror","depression, florida, quarantine, coma, based on novel or book, mutation, self-destruction, professor, dna, expedition, transformation, alligator, hybrid, swamp, meteor, grief, physicist, cancer, memory loss, psychologist, scientist, paramedic, missing person, beast, geologist, biologist, unusual phenomena, compound, missing husband, fauna, mysterious life form, flora",https://image.tmdb.org/t/p/w500/4YRplSk6BhH6PRuE9gfyw9byUJ6.jpg
Minority Report: A Nova Lei,Minority Report,The system is perfect until it comes after you.,Steven Spielberg,2002,"Action, Thriller, Science Fiction, Mystery","washington dc, usa, police chief, precognition, hologram, futuristic, murder, conspiracy, police chase, drugs, home video, based on short story, ex-husband ex-wife relationship, mentor protégé relationship, tech noir, stasis, prevention, missing son, future noir, loss of child, surveillance state, psychic vision, conspiracy thriller, 2050s",https://image.tmdb.org/t/p/w500/ccqpHq5tk5W4ymbSbuoy4uYOxFI.jpg
Clube de Compras Dallas,Dallas Buyers Club,Sometimes it takes a hustler to change the world,Jean-Marc Vallée,2013,"Drama, History","aids, homophobia, rodeo, texas, biography, dallas texas, based on true story, hiv, drugs, lgbt, treatment, 1980s, trans woman",https://image.tmdb.org/t/p/w500/7Fdh7gUq3plvQqxRbNYhWvDABXA.jpg
Doutor Estranho no Multiverso da Loucura,Doctor Strange in the Multiverse of Madness,Enter a new dimension of Strange.,Sam Raimi,2022,"Fantasy, Action, Adventure","magic, superhero, based on comic, alternate reality, aftercreditsstinger, duringcreditsstinger, marvel cinematic universe (mcu)",https://image.tmdb.org/t/p/w500/9Gtg2DzBhmYamXBS1hKAhiwbBKS.jpg
Transformers: A Vingança dos Derrotados,Transformers: Revenge of the Fallen,Revenge is coming.,Michael Bay,2009,"Science Fiction, Action, Adventure","egypt, chaos, sun, tank, symbol, alien, artifact, revenge, based on toy, robot, duringcreditsstinger, transformers",https://image.tmdb.org/t/p/w500/pLBb0whOzVDtJvyD4DPeQyQNOqp.jpg
Jumanji: Próxima Fase,Jumanji: The Next Level,,Jake Kasdan,2019,"Adventure, Comedy, Fantasy","magic, animal attack, body-swap, adventurer, superhuman strength, duringcreditsstinger, action hero, trapped in a game",https://image.tmdb.org/t/p/w500/jyw8VKYEiM1UDzPB7NsisUgBeJ8.jpg
Meninas Malvadas,Mean Girls,Welcome to girl world.,Mark Waters,2004,Comedy,"based on novel or book, africa, illinois, female friendship, bullying, coming of age, prom, teenage girl, fish out of water, best friend, math teacher, gossip, clique, former best friend, teen comedy, exploitation of friendship, public humiliation, high school rivalry, new girl at school, teenage life, christmas, manipulative friend, math genius, female bully, teenage friendship, teenager, hilarious",https://image.tmdb.org/t/p/w500/2ZkuQXvVhh45uSvkBej4S7Ix1NJ.jpg
Han Solo: Uma História Star Wars,Solo: A Star Wars Story,Never tell him the odds.,Ron Howard,2018,"Science Fiction, Adventure, Action","spacecraft, smuggling (contraband), prequel, spin off, space opera",https://image.tmdb.org/t/p/w500/3IGbjc5ZC5yxim5W0sFING2kdcz.jpg
Uma Noite de Crime,The Purge,"One night a year, all crime is legal.",James DeMonaco,2013,"Science Fiction, Horror, Thriller","california, dystopia, barricade, bloody fight, home invasion, blood lust, rich vs poor, constitutional convention, legalized murder, social allegory, bloody, bloody death, bloody deaths, family's house, ethan hawke",https://image.tmdb.org/t/p/w500/x6hwbnR2nGacSzljqYaXY25w1Me.jpg
O Exterminador do Futuro: Gênesis,Terminator Genisys,Reset the future,Alan Taylor,2015,"Science Fiction, Action, Thriller, Adventure","future, artificial intelligence (a.i.), saving the world, cyborg, killer robot, dystopia, time travel, sequel, robot, duringcreditsstinger, terminator",https://image.tmdb.org/t/p/w500/oZRVDpNtmHk8M1VYy1aeOWUXgbC.jpg
Lady Bird: A Hora de Voar,Lady Bird,,Greta Gerwig,2017,"Drama, Comedy","friendship, loss of virginity, coming of age, teen angst, high school graduation, teenage girl, best friend, loss of job, high school student, catholic school, first love, sacramento, woman director, father daughter relationship, mother daughter relationship, college applications, 2000s, empathetic",https://image.tmdb.org/t/p/w500/iySFtKLrWvVzXzlFj7x1zalxi5G.jpg
Sicario: Terra de Ninguém,Sicario,The border is just another line to cross.,Denis Villeneuve,2015,"Action, Crime, Thriller","cia, mexico, bomb, fbi, smoking, texas, border, murder, dirty cop, football (soccer), drugs, night vision, death of daughter, tunnel, el paso, moral dilemma, neo-noir, death of wife, mexican cartel, secret tunnel",https://image.tmdb.org/t/p/w500/lz8vNyXeidqqOdJW9ZjnDAMb5Vr.jpg
Mulher-Maravilha 1984,Wonder Woman 1984,A new era of wonder begins.,Patty Jenkins,2020,"Action, Adventure, Fantasy","superhero, based on comic, 1980s, action hero, dc extended universe (dceu)",https://image.tmdb.org/t/p/w500/8UlWHLMpgZm9bx6QYh0NFoq67TZ.jpg
Alien: Covenant,Alien: Covenant,The path to paradise begins in hell.,Ridley Scott,2017,"Science Fiction, Horror, Mystery","android, spacecraft, experiment, space travel, infection, engineer, alien life-form, sequel, alien, space, creature, robot, scientist, genocide, creation, acid, xenomorph, alien technology, genetic mutation",https://image.tmdb.org/t/p/w500/zecMELPbU5YMQpC81Z8ImaaXuf9.jpg
Vidro,Glass,You Cannot Contain What You Are,M. Night Shyamalan,2019,"Thriller, Drama, Science Fiction","superhero, villain, sequel, psychiatric hospital, comic book shop, super power, mental illness, multiple personality, dissociative identity disorder, surveillance specialist",https://image.tmdb.org/t/p/w500/svIDTNUoajS8dLEo7EosxvyAsgJ.jpg
Oldboy,올드보이,"Laugh, and the world laughs with you. Weep, and you weep alone.",Park Chan-wook,2003,"Drama, Thriller, Mystery, Action","daughter, rage and hate, hostility, transformation, imprisonment, dark comedy, hypnosis, sushi restaurant, notebook, time, sin, alcoholism, flashback, revenge, loneliness, torture, based on manga, urination, rage, anger, catholic, incest, hopeless, captivity, neo-noir, father daughter relationship, asian origins, remade, south korea, hammer, driven to suicide, audacious, pessimistic",https://image.tmdb.org/t/p/w500/pWDtjs568ZfOTMbURQBYuT4Qxka.jpg
After,After,"After your first, life is never the same.",Jenny Gage,2019,"Romance, Drama","based on novel or book, love, teenage crush",https://image.tmdb.org/t/p/w500/u3B2YKUjWABcxXZ6Nm9h10hLUbh.jpg
Questão de Tempo,About Time,What if every moment in life came with a second chance?,Richard Curtis,2013,"Drama, Romance, Fantasy","london, england, parent child relationship, time travel, family secrets, cornwall, england, love, family, second chance, time-manipulation, celebratory",https://image.tmdb.org/t/p/w500/iR1bVfURbN7r1C46WHFbwCkVve.jpg
Oito Mulheres e um Segredo,Ocean's Eight,Every con has its pros,Gary Ross,2018,"Crime, Comedy, Action","new york city, heist, spin off, estranged sister, the met gala",https://image.tmdb.org/t/p/w500/MvYpKlpFukTivnlBhizGbkAe3v.jpg
Amor a Toda Prova,"Crazy, Stupid, Love.",This is crazy. This is stupid. This is love.,"Glenn Ficarra, John Requa",2011,"Comedy, Drama, Romance","friendship, soulmates, marriage crisis, midlife crisis, babysitter, womanizer, law school, los angeles, california, middle school, relationship, love affair, divorcee, teenage love",https://image.tmdb.org/t/p/w500/p4RafgAPk558muOjnBMHhMArjS2.jpg
Invocação do Mal 2,The Conjuring 2,The next true story from the case files of Ed and Lorraine Warren.,James Wan,2016,"Horror, Thriller","london, england, england, 1970s, spirit, single mother, demon, paranormal investigation, demonic possession, ghost, christmas, valak, the conjuring universe",https://image.tmdb.org/t/p/w500/zEqyD0SBt6HL7W9JQoWwtd5Do1T.jpg
Spotlight: Segredos Revelados,Spotlight,Break the story. Break the silence.,Tom McCarthy,2015,"Drama, History","pedophilia, florida, newspaper, journalist, child abuse, court, judge, boston, massachusetts, journalism, sex scandal, victim, based on true story, cover-up, priest, conspiracy, lawyer, historical fiction, catholic, catholic church, lgbt, catholicism, 9/11, child molestation, archdiocese, investigative journalism, cardinal",https://image.tmdb.org/t/p/w500/gWkgMnIsd8Od7iyhEEKL5G4Qq6J.jpg
Todo Mundo Quase Morto,Shaun of the Dead,A romantic comedy. With zombies.,Edgar Wright,2004,"Horror, Comedy","london, england, dark comedy, satire, surrey, parody, slacker, friends, survival, zombie, survival horror, british pub, boyfriend girlfriend relationship, zombie apocalypse",https://image.tmdb.org/t/p/w500/dgXPhzNJH8HFTBjXPB177yNx6RI.jpg
Três Homens em Conflito,"Il buono, il brutto, il cattivo",For three men the Civil War wasn't hell. It was practice.,Sergio Leone,1966,Western,"gold, army, bounty hunter, hitman, refugee, anti hero, moral ambiguity, gallows, outlaw, shootout, spaghetti western, american civil war, dollars trilogy",https://image.tmdb.org/t/p/w500/bX2xnavhMYjWDoZp1VM6VnU1xwe.jpg
Argo,Argo,The movie was fake. The mission was real.,Ben Affleck,2012,"Drama, Thriller","cia, husband wife relationship, revolution, press conference, biography, american abroad, extraction, iran hostage crisis, intelligence agent, langley virginia, 1980s, political thriller",https://image.tmdb.org/t/p/w500/9LcnmIeKUfKeAxeCY82W9Jug416.jpg
O Mundo Perdido: Jurassic Park,The Lost World: Jurassic Park,Something has survived.,Steven Spielberg,1997,"Adventure, Action, Science Fiction","exotic island, island, velociraptor, dna, tyrannosaurus rex, paleontology, san diego, california, dinosaur, creature, scientist, amusement park, theme park, costa rica, animal horror, father daughter relationship",https://image.tmdb.org/t/p/w500/jElpCJkSaRPYwIMwZY28gOKV7BK.jpg
Transformers: O Lado Oculto da Lua,Transformers: Dark of the Moon,The invasion we always feared. An enemy we never expected.,Michael Bay,2011,"Action, Science Fiction, Adventure","spacecraft, moon, traitor, bodyguard, alien planet, based on toy, giant robot, sabotage, word domination, commando, duringcreditsstinger",https://image.tmdb.org/t/p/w500/28YlCLrFhONteYSs9hKjD1Km0Cj.jpg
Guerra dos Mundos,War of the Worlds,They're already here.,Steven Spielberg,2005,"Adventure, Thriller, Science Fiction","daughter, new jersey, post-traumatic stress disorder (ptsd), airplane, based on novel or book, underground, dystopia, alien, remake, survival, disaster, apocalypse, creature, alien invasion, human subjugation",https://image.tmdb.org/t/p/w500/6Biy7R9LfumYshur3YKhpj56MpB.jpg
Top Gun: Ases Indomáveis,Top Gun,Up there with the best of the best.,Tony Scott,1986,"Romance, Drama, Action","dying and death, secret love, lovesickness, airplane, loss of loved one, self-discovery, hostility, fighter pilot, pilot, training camp, battle assignment, u.s. navy, cowardliness, pilot school, based on magazine, newspaper or article",https://image.tmdb.org/t/p/w500/xUuHj3CgmZQ9P2cMaqQs4J0d4Zc.jpg
Contra o Tempo,Source Code,Make Every Second Count,Duncan Jones,2011,"Thriller, Science Fiction, Mystery","race against time, bomb, virtual reality, identity, investigation, bomber, suspicion, surrealism, time loop, soldier, helicopter pilot, augmented reality",https://image.tmdb.org/t/p/w500/faCR2lavXBKeCS6N7STIMDLMCDL.jpg
O Esquadrão Suicida,The Suicide Squad,They're dying to save the world.,James Gunn,2021,"Action, Comedy, Adventure","monster, secret mission, superhero, anti hero, giant monster, gore, based on comic, alien, betrayal, alien invasion, convict, parasite, super villain, world domination, aftercreditsstinger, dc extended universe (dceu), muscular men, character deaths",https://image.tmdb.org/t/p/w500/kb4s0ML0iVZlG6wAKbbs9NAm6X.jpg
A Era do Gelo 3,Ice Age: Dawn of the Dinosaurs,You Won't Believe Your Ice!,"Carlos Saldanha, Michael Thurmeier",2009,"Animation, Comedy, Family, Adventure","insanity, ice age, bridge, sequel, jungle, prehistory, dinosaur, creature, birth, duringcreditsstinger",https://image.tmdb.org/t/p/w500/cXOLaxcNjNAYmEx1trZxOTKhK3Q.jpg
Os 12 Macacos,Twelve Monkeys,The future is history.,Terry Gilliam,1995,"Science Fiction, Thriller, Mystery","biological weapon, philadelphia, pennsylvania, schizophrenia, stockholm syndrome, airplane, underground, insanity, asylum, paranoia, prison cell, dystopia, pimp, lion, post-apocalyptic future, time travel, florida keys, mental breakdown, past, dormitory, insane asylum, cockroach, volunteer, drug use, flashback, remake, psychiatric hospital, jail, mental institution, alternate history, disease, lethal virus, paradox, psychiatrist, monkey, epidemic, trapped, falling down stairs, street life, nonlinear timeline, medical research, tooth, pantyhose, gas mask, psychosis, child's point of view, subterranean, virus, recurring dream, 1990s, escaped animal, future noir, 2030s, cassandra syndrome, bullet, endless loop, stream, vivisection, nude pantyhose, microbiologist, real movie shown in fictional situation, kick in face, eating spider, reference to houdini, abandoned theater, tied to a bed, psychiatric care, hiding in a barn, reference to cassandra, biblical quote, person in a car trunk, watching a movie, world war one, lab animal, cassandra complex",https://image.tmdb.org/t/p/w500/gt3iyguaCIw8DpQZI1LIN5TohM2.jpg
Mogli: O Menino Lobo,The Jungle Book,The legend will never be the same.,Jon Favreau,2016,"Family, Adventure, Drama, Fantasy","based on novel or book, snake, elephant, wolf, tiger, feral child, anthropomorphism, remake, jungle, bear, orphan, ape, monkey, animal, talking to animals, live action and animation, live action remake",https://image.tmdb.org/t/p/w500/xIGhgcLtzzTON56G905I5tuwNQM.jpg
Pets: A Vida Secreta dos Bichos,The Secret Life of Pets,Think this is what they do all day?,Chris Renaud,2016,"Adventure, Comedy, Animation, Family","bunny, pet, anthropomorphism, dog, animal, apartment building, sewer, terrier, manhattan, new york city, rodent, pets, mongrel, illumination",https://image.tmdb.org/t/p/w500/g3Hms6AE174doeGR1gz5zX5sVsv.jpg
Free Guy - Assumindo o Controle,Free Guy,Life's too short to be a background character.,Shawn Levy,2021,"Comedy, Adventure, Science Fiction","hero, artificial intelligence (a.i.), video game, virtual reality, gun, code, gamer, bank robbery, bank teller, programmer, mmorpg, heroic",https://image.tmdb.org/t/p/w500/xmbU4JTUm8rsdtn7Y3Fcm30GpeT.jpg
12 Homens e uma Sentença,12 Angry Men,Life is in their hands. Death is on their minds.,Sidney Lumet,1957,Drama,"death penalty, anonymity, court case, court, judge, jurors, father murder, class, sultriness, heat, innocence, puerto rico, based on play or musical, courtroom, courtroom drama, one location",https://image.tmdb.org/t/p/w500/ow3wq89wM8qd5X7hWKxiRfsFf9C.jpg
Indiana Jones e o Reino da Caveira de Cristal,Indiana Jones and the Kingdom of the Crystal Skull,The adventure continues . . .,Steven Spielberg,2008,"Adventure, Action","treasure, mexico city, mexico, saving the world, whip, leather jacket, riddle, maya civilization, peru, machinegun, treasure hunt, alien, nuclear explosion, refrigerator, archaeologist, adventurer, area 51, archeology, 1950s, father son relationship",https://image.tmdb.org/t/p/w500/56As6XEM1flWvprX4LgkPl8ii4K.jpg
Luca,Luca,Prepare for an unforgettable trip.,Enrico Casarosa,2021,"Animation, Comedy, Fantasy, Adventure, Family","friendship, monster, italy, coming of age, friends, bromance, sea monster, vespa, aftercreditsstinger, seaside town, 1950s, pasta, water, italian riviera, pesto",https://image.tmdb.org/t/p/w500/8tABCBpzu3mZbzMB3sRzMEHEvJi.jpg
Velozes e Furiosos 5: Operação Rio,Fast Five,Get the fifth gear.,Justin Lin,2011,"Action, Thriller, Crime","car race, freedom, fbi, car crash, prison escape, heist, escaped convict, street race, money, organized crime, fugitive, on the run, police chase, duringcreditsstinger",https://image.tmdb.org/t/p/w500/c5rgA1EYwMmxsQdyvLkQ8LD5Qun.jpg
A Vigilante do Amanhã,Ghost in the Shell,There's nothing sadder than a puppet without a ghost.,Rupert Sanders,2017,"Science Fiction, Drama, Action","strong woman, hacker, philosophy, cyborg, dystopia, investigation, female protagonist, cyberpunk, terrorism, based on manga, evolution, network, based on anime, prosthesis, anxious",https://image.tmdb.org/t/p/w500/myRzRzCxdfUWjkJWgpHHZ1oGkJd.jpg
Transformers: A Era da Extinção,Transformers: Age of Extinction,"This is not war, it's extinction.",Michael Bay,2014,"Science Fiction, Action, Adventure","music video, sequel, alien, based on toy, giant robot, robot, transformers",https://image.tmdb.org/t/p/w500/jyzrfx2WaeY60kYZpPYepSjGz4S.jpg
Gigantes de Aço,Real Steel,Courage is stronger than steel.,Shawn Levy,2011,"Action, Science Fiction, Drama","future, sports, parent child relationship, fight, robot, prizefight, father son reunion, robot fighting",https://image.tmdb.org/t/p/w500/4GIeI5K5YdDUkR3mNQBoScpSFEf.jpg
Bad Boys Para Sempre,Bad Boys for Life,Ride together. Die together.,"Adil El Arbi, Bilall Fallah",2020,"Thriller, Action, Crime","miami, florida, detective, women's prison, sequel, prison escape, murder, drug cartel, police chase, police detective, buddy cop, buddy film, action hero, past relationship, méxico",https://image.tmdb.org/t/p/w500/y95lQLnuNKdPAzw9F9Ab8kJ80c3.jpg
Top Gun: Maverick,Top Gun: Maverick,Feel the need... The need for speed.,Joseph Kosinski,2022,"Action, Drama","fighter pilot, u.s. navy, sequel, nuclear weapons, military",https://image.tmdb.org/t/p/w500/62HCnUTziyWcpDaBO2i1DX17ljH.jpg
Baywatch: S.O.S. Malibu,Baywatch,"Don't worry, summer is coming",Seth Gordon,2017,"Comedy, Action, Crime","drug dealer, sea, beach, yacht, life-saver, lifeguard, rookie, vigilantism",https://image.tmdb.org/t/p/w500/6HE4xd8zloDqmjMZuhUCCw2UcY1.jpg
Sin City: A Cidade do Pecado,Sin City,Walk down the right back alley in Sin City and you can find anything...,"Frank Miller, Quentin Tarantino, Robert Rodriguez",2005,"Thriller, Action, Crime","dystopia, based on comic, anthology, held captive, based on graphic novel, mysterious killer, doing the right thing, silhouette, neo-noir",https://image.tmdb.org/t/p/w500/i66G50wATMmPrvpP95f0XP6ZdVS.jpg
Histórias Cruzadas,The Help,Change begins with a whisper.,Tate Taylor,2011,Drama,"based on novel or book, mississippi river, exploitation, racial segregation, racism, writer, maid, moral courage, ressentiment, southern belle, racial issues, 1960s, newspaper columnist",https://image.tmdb.org/t/p/w500/3kmfoWWEc9Vtyuaf9v5VipRgdjx.jpg
Missão: Impossível - Efeito Fallout,Mission: Impossible - Fallout,Some missions are not a choice.,Christopher McQuarrie,2018,"Action, Adventure","race against time, london, england, helicopter, paris, france, plutonium, gun, spy, countdown, norway, sequel, motorcycle, bomb remote detonator, handgun, hand to hand combat, kashmir",https://image.tmdb.org/t/p/w500/AkJQpZp9WoNdj7pLYSj1L0RcMMN.jpg
Cinquenta Tons de Liberdade,Fifty Shades Freed,Don't Miss the Climax,James Foley,2018,"Drama, Romance","based on novel or book, eroticism, sequel, bdsm",https://image.tmdb.org/t/p/w500/9ZedQHPQVveaIYmDSTazhT3y273.jpg
Branca de Neve e o Caçador,Snow White and the Huntsman,The Fairytale is Over,Rupert Sanders,2012,"Adventure, Fantasy, Drama","magic, immortality, fairy tale, queen, imprisonment, forest, deception, eternal youth, evil queen, evil stepmother, based on fairy tale, sorceress, live action remake",https://image.tmdb.org/t/p/w500/8yKdQHaqOo1lkaErmqMuYFespYI.jpg
Eternos,Eternals,In the beginning...,Chloé Zhao,2021,"Science Fiction, Action, Adventure","superhero, supernatural, based on comic, alien, super power, aftercreditsstinger, marvel cinematic universe (mcu), sign languages, ancient, god-like",https://image.tmdb.org/t/p/w500/lFByFSLV5WDJEv3KabbdAF959F2.jpg
Apocalypse Now,Apocalypse Now,This is the end...,Francis Ford Coppola,1979,"Drama, War","guerrilla warfare, epic, vietnam war, journalist, mission, vietnam, vietcong, cia, cambodia, army, drug abuse, based on novel or book, secret mission, insanity, surrealism, tribe, green beret, jungle, descent into madness, brutality, riverboat, military, anti war",https://image.tmdb.org/t/p/w500/eQVH91OSxh5I2uRfJuw4owd2Fq9.jpg
Clube dos Cinco,The Breakfast Club,"They only met once, but it changed their lives forever.",John Hughes,1985,"Comedy, Drama","high school, coming of age, teen angst, detention, teenage rebellion, stereotype, 1980s, one location, teenager",https://image.tmdb.org/t/p/w500/9nai8pRm4Ja0O265Qp6UyqXlLQ8.jpg
Anjos da Lei 2,22 Jump Street,They're not 21 anymore,"Phil Lord, Christopher Miller",2014,"Crime, Comedy, Action","high school, undercover cop, buddy cop, buddy comedy, aftercreditsstinger, duringcreditsstinger",https://image.tmdb.org/t/p/w500/850chzYHYbT3IISl6Q7dbBuFP2B.jpg
Sing: Quem Canta Seus Males Espanta,Sing,Auditions begin 2016.,"Garth Jennings, Christophe Lourdelet",2016,"Animation, Comedy, Family, Music","anthropomorphism, singing, singing competition, illumination",https://image.tmdb.org/t/p/w500/b8UiFXwMrSXVTHM0fb2twl8uE8a.jpg
Chappie,Chappie,I am consciousness. I am alive. I am Chappie.,Neill Blomkamp,2015,"Crime, Action, Science Fiction","future, android, artificial intelligence (a.i.), dystopia, johannesburg south africa, robot, robot cop",https://image.tmdb.org/t/p/w500/hpnuXlKKWznTgbheGe4iQXzkuwJ.jpg
O Dia Depois de Amanhã,The Day After Tomorrow,Where will you be?,Roland Emmerich,2004,"Action, Adventure, Science Fiction, Thriller","government, saving the world, cataclysm, library, climate, climate change, greenhouse effect, tornado, twister, hurricane, hail, temperature drop, ice age, polar zone, meteorology, gulfstream, barrier ice, ice melting, third world, exodus, evacuation, natural disaster, disaster, snow, los angeles, california, antarctica, scientist, cell phone, environmental, doomsday, disaster movie, helicopter crash",https://image.tmdb.org/t/p/w500/kNKy8eJemg6sCAMBgh4xrD0lleX.jpg
Os Simpsons: O Filme,The Simpsons Movie,See our family. And feel better about yours.,David Silverman,2007,"Animation, Comedy, Family","garbage, pollution, quarantine, environmental protection agency, parent child relationship, dysfunctional family, dysfunctional marriage, ecology, first love, duringcreditsstinger, based on tv series, lighthearted",https://image.tmdb.org/t/p/w500/s3b8TZWwmkYc2KoJ5zk77qB6PzY.jpg
Extraordinário,Wonder,Who gives you the courage to face the world?,Stephen Chbosky,2017,"Drama, Family","exclusion, bullying, coney island, prejudice, school, based on children's book, family, physical disability, treacher collins syndrome",https://image.tmdb.org/t/p/w500/ouYgAatYH4JzIThj6FI3UYf31RI.jpg
Orgulho e Preconceito,Pride & Prejudice,A romance ahead of its time.,Joe Wright,2005,"Drama, Romance","based on novel or book, england, bachelor, family relationships, suitor, prejudice, period drama, pride, 18th century, opposites attract, gentleman, georgian or regency era, 1790s, sisters",https://image.tmdb.org/t/p/w500/sGjIvtVvTlWnia2zfJfHz81pZ9Q.jpg
Amizade Colorida,Friends with Benefits,,Will Gluck,2011,"Romance, Comedy","friendship, jealousy, job interview, orgasm, love, friends, hospital, beach house, hollywood sign, job hunting, aftercreditsstinger, duringcreditsstinger",https://image.tmdb.org/t/p/w500/q4ZAmIIbe2LiLvhQT0q3e6pleYr.jpg
10 Coisas que Eu Odeio em Você,10 Things I Hate About You,How do I loathe thee? Let me count the ways.,Gil Junger,1999,"Comedy, Romance, Drama","high school, deception, based on play or musical, coming of age, teen movie, shrew, valentine's day, shakespeare in modern dress, opposites attract, duringcreditsstinger, teenage romance, overprotective father",https://image.tmdb.org/t/p/w500/ujERk3aKABXU3NDXOAxEQYTHe9A.jpg
Quarteto Fantástico e o Surfista Prateado,Fantastic Four: Rise of the Silver Surfer,Discover the secret of the Surfer.,Tim Story,2007,"Adventure, Fantasy, Action, Thriller","mask, surfboard, helicopter, fire, airplane, superhero, transformation, satellite, forest, resurrection, based on comic, sequel, space, wedding, explosion, scientist, interrogation, double cross, fantastic four, military, earth in peril, superhuman strength, duringcreditsstinger, invisibility, silver surfer, forcefield, elasticity",https://image.tmdb.org/t/p/w500/f3ldtPF7SESMcyAIyIJHBLlBBkr.jpg
"Rua Cloverfield, 10",10 Cloverfield Lane,Monsters come in many forms.,Dan Trachtenberg,2016,"Thriller, Science Fiction, Drama, Horror","kidnapping, paranoia, bunker, basement, survivalist, apocalypse, car accident, captive",https://image.tmdb.org/t/p/w500/84Dhwz93vCin6T1PX6ctSvWEuNE.jpg
Mulher Bonita,Pretty Woman,"She walked off the street, into his life and stole his heart.",Garry Marshall,1990,"Comedy, Romance","hotel, friendship, prostitute, sports car, capitalism, expensive restaurant, workaholic, fire escape, los angeles, california, beverly hills, piano, bubble bath",https://image.tmdb.org/t/p/w500/hVHUfT801LQATGd26VPzhorIYza.jpg
Assassin's Creed,Assassin's Creed,Your destiny is in your blood.,Justin Kurzel,2016,"Action, Adventure, Science Fiction","assassin, spain, assassination, chase, secret society, brotherhood, parkour, conspiracy, religion, memory, based on video game, 15th century, corporate conspiracy, genetic memory",https://image.tmdb.org/t/p/w500/nhiShTvoga8fyGX8468hLj6pCtW.jpg
Golpe Duplo,Focus,Never Drop The Con.,"Glenn Ficarra, John Requa",2015,"Romance, Comedy, Crime","seduction, con man, illusion, deception, rivalry, femme fatale, con artist, illusionist",https://image.tmdb.org/t/p/w500/lOzGWjceYTd0kd5HyX7Ch46O9kh.jpg
Armageddon,Armageddon,The Earth's Darkest Day Will Be Man's Finest Hour,Michael Bay,1998,"Action, Thriller, Science Fiction, Adventure","daughter, race against time, space marine, moon, washington dc, usa, saving the world, cataclysm, paris, france, asteroid, self sacrifice, nasa, loss of loved one, natural disaster, u.s. air force, end of the world, space, disaster, wedding, astronaut, duringcreditsstinger, disaster movie, heroic mission, daring rescue, space centre",https://image.tmdb.org/t/p/w500/eTM3qtGhDU8cvjpoa6KEt5E2auU.jpg
007 - Quantum of Solace,Quantum of Solace,"For love, for hate, for justice, for revenge.",Marc Forster,2008,"Adventure, Action, Thriller, Crime","undercover, killing, secret agent, mi6, british secret service",https://image.tmdb.org/t/p/w500/e3DXXLJHGqMx9yYpXsql1XNljmM.jpg
Tomb Raider: A Origem,Tomb Raider,Her legend begins.,Roar Uthaug,2018,"Action, Adventure, Fantasy","island, treasure hunt, remake, female protagonist, heiress, based on video game, bicycle courier, missing person, reboot, peril, slave labor, father daughter relationship",https://image.tmdb.org/t/p/w500/ePyN2nX9t8SOl70eRW47Q29zUFO.jpg
A Pequena Sereia,The Little Mermaid,Somewhere under the sea and beyond your imagination is an adventure in fantasy.,"Ron Clements, John Musker",1989,"Animation, Family, Fantasy","princess, sea, daughter, kingdom, fireworks, mermaid, prince, musical, crab, fish out of water, misunderstanding, single father, based on fairy tale, true love, bargain, trident, father daughter relationship",https://image.tmdb.org/t/p/w500/plcZXvI310FkbwIptvd6rqk63LP.jpg
King Kong,King Kong,The eighth wonder of the world.,Peter Jackson,2005,"Adventure, Drama, Action","new york city, exotic island, movie business, show business, human animal relationship, great depression, giant insect, remake, prehistoric creature, dinosaur, creature, kaiju, empire state building, giant ape, woman in peril, 1930s, giant gorilla",https://image.tmdb.org/t/p/w500/6a2HY6UmD7XiDD3NokgaBAXEsD2.jpg
O Segredo da Cabana,The Cabin in the Woods,You think you know the story.,Drew Goddard,2012,"Horror, Fantasy","giant snake, school party, motorcycle crash, abandoned house, woods, marijuana, cabin, apocalypse, zombie, werewolf, creature, cabin in the woods, video wall, speaker phone, young adult, college student",https://image.tmdb.org/t/p/w500/kjDXrK3ReIwuDrpWElI5OQkKYTA.jpg
Fargo: Uma Comédia de Erros,Fargo,A lot can happen in the middle of nowhere.,"Joel Coen, Ethan Coen",1996,"Crime, Drama, Thriller","salesclerk, unsociability, police, cheating, ransom, winter, kidnapping, minnesota, dark comedy, north dakota, money, murder, police officer, car dealership, woodchipper, false history, neo-noir, minneapolis",https://image.tmdb.org/t/p/w500/rt7cpEr1uP6RTZykBFhBTcRaKvG.jpg
O Predador,Predator,Soon the hunt will begin.,John McTiernan,1987,"Science Fiction, Action, Adventure, Thriller","guerrilla warfare, central and south america, predator, trap, alien, survival, stalking, creature, alien invasion, invisible, commando, violence",https://image.tmdb.org/t/p/w500/9XibNLfmUWCg0PPydmyoCl1KxvF.jpg
Cinquenta Tons Mais Escuros,Fifty Shades Darker,Every fairy tale has a dark side.,James Foley,2017,"Drama, Romance","based on novel or book, boat, eroticism, kiss, sequel, bdsm",https://image.tmdb.org/t/p/w500/7CBO9GhsUeMSsWQb47WTPZnKjdj.jpg
Feitiço do Tempo,Groundhog Day,He’s having the worst day of his life… Over and over again.,Harold Ramis,1993,"Romance, Fantasy, Drama, Comedy","deja vu, groundhog, weather forecast, telecaster, pennsylvania, usa, alarm clock, winter, time warp, holiday, time loop, magic realism, existentialism, groundhog day",https://image.tmdb.org/t/p/w500/wIUz1J3RBBu88NAwTqLdHu4sGOP.jpg
O Exorcista,The Exorcist,"Something almost beyond comprehension is happening to a girl on this street, in this house… and a man has been sent for as a last resort. This man is The Exorcist.",William Friedkin,1973,Horror,"religion and supernatural, exorcism, holy water, paranormal phenomena, possession, vomit, satan, priest, ouija board, demon, strong language, catholic church, demonic possession, disturbed child, crisis of faith, sfx, religious horror, supernatural horror",https://image.tmdb.org/t/p/w500/4ucLGcXVVSVnsfkGtbLY4XAius8.jpg
O Terminal,The Terminal,Life is waiting.,Steven Spielberg,2004,"Comedy, Drama","new york city, friendship, marriage proposal, airport, stewardess, translation, illegal immigration, language barrier, jfk international airport, immigration law, craftsman, fast food restaurant, jazz singer or musician, saxophonist, autograph, passport, eastern european, jazz history",https://image.tmdb.org/t/p/w500/pXNomqKcKXAQbuWxehb2N3XFKfn.jpg
Uma Aventura Lego,The Lego Movie,The story of a nobody who saved everybody.,"Phil Lord, Christopher Miller",2014,"Animation, Family, Adventure, Comedy, Fantasy","friendship, parent child relationship, prophecy, superhero, based on comic, part live action, based on toy, falling in love, super power, good cop bad cop, duringcreditsstinger, live action and animation, lego, father son relationship, evil tyrant",https://image.tmdb.org/t/p/w500/9klB7qKC9aCeGyyM4uU5hSA6xDV.jpg
Dois Caras Legais,The Nice Guys,They're not that nice.,Shane Black,2016,"Comedy, Crime, Action","daughter, pornography, detective, 1970s, investigation, alcoholism, private investigator, conspiracy, whodunit, alcoholic, buddy cop, private eye, neo-noir, father daughter relationship",https://image.tmdb.org/t/p/w500/clq4So9spa9cXk3MZy2iMdqkxP2.jpg
Princesa Mononoke,もののけ姫,The Fate Of The World Rests On The Courage Of One Warrior.,Hayao Miyazaki,1997,"Adventure, Fantasy, Animation","friendship, human vs nature, wolf, fight, wild boar, territory, leprosy, feral child, decapitation, rural area, historical fiction, spirit, demon, nature, environmentalism, adult animation, deforestation, anime, industrialization",https://image.tmdb.org/t/p/w500/cMYCDADoLKLbB83g4WnJegaZimC.jpg
Não Olhe para Cima,Don't Look Up,Based on truly possible events.,Adam McKay,2021,"Science Fiction, Comedy, Drama","artificial intelligence (a.i.), the white house, asteroid, climate change, satire, global warming, comet, end of the world, social commentary, social satire, meteorite, astronomer, disaster, teacher student relationship, denial, mass hysteria, aftercreditsstinger, duringcreditsstinger",https://image.tmdb.org/t/p/w500/th4E1yqsE8DGpAseLiUrI60Hf8V.jpg
Os Mercenários,The Expendables,Choose your weapon.,Sylvester Stallone,2010,"Thriller, Adventure, Action","rescue, sniper, island, martial arts, tattoo, escape, mercenary, bridge, church, drugs, blade, duringcreditsstinger",https://image.tmdb.org/t/p/w500/j09ZkH6R4JWVylBcDai1laCmGw7.jpg
Animais Noturnos,Nocturnal Animals,When you love someone you can't just throw it away.,Tom Ford,2016,"Drama, Thriller","based on novel or book, parent child relationship, hostage, flashback, revenge, cancer, writer, overbearing mother, art, novelist, ex-husband ex-wife relationship, carjacking, story within the story",https://image.tmdb.org/t/p/w500/mdLDgQBD0va09npSQX5Zgo2evXM.jpg
Scott Pilgrim Contra o Mundo,Scott Pilgrim vs. the World,Get the hot girl. Defeat her evil exes. Hit love where it hurts.,Edgar Wright,2010,"Action, Comedy, Romance","canada, video game, ex-boyfriend, toronto, canada, based on comic, animated scene, based on graphic novel, whipping, hipster, underage girlfriend, unconsciousness, girl fight, vegan, aftercreditsstinger",https://image.tmdb.org/t/p/w500/g5IoYeudx9XBEfwNL0fHvSckLBz.jpg
Batman,Batman,Have you ever danced with the devil in the pale moonlight?,Tim Burton,1989,"Fantasy, Action, Crime","dual identity, double life, chemical, crime fighter, superhero, villain, based on comic, mobster, organized crime, criminal, super power, madness, good versus evil",https://image.tmdb.org/t/p/w500/cij4dd21v2Rk2YtUQbV5kW69WB2.jpg
Maze Runner: A Cura Mortal,Maze Runner: The Death Cure,The end will be WCKD,Wes Ball,2018,"Science Fiction, Action, Adventure, Thriller","based on novel or book, fight, maze, post-apocalyptic future, imprisonment, terminal illness, mad scientist, trial, sequel, survival, murder, zombie, doctor, battle, vaccine, scientist, killer, desert, labyrinth, combat, illness, cure, zombie apocalypse, runner, universal cure, based on young adult novel",https://image.tmdb.org/t/p/w500/2zYfzA3TBwrMC8tfFbpiTLODde0.jpg
Rocky: Um Lutador,Rocky,His whole life was a million-to-one shot.,John G. Avildsen,1976,"Drama, Romance","underdog, philadelphia, pennsylvania, transporter, love of one's life, italian american, sports, fight, independence, publicity, boxer, training, lovers, world champion, victory, surprise, boxing",https://image.tmdb.org/t/p/w500/cqxg1CihGR5ge0i1wYXr4Rdeppu.jpg
O Ultimato Bourne,The Bourne Ultimatum,Remember everything. Forgive nothing.,Paul Greengrass,2007,"Action, Drama, Mystery, Thriller","assassin, government, corruption, paris, france, based on novel or book, madrid, spain, espionage, prosecution, fake identity, revelation, europe, interpol, sequel, flashback, conspiracy, shootout, motorcycle, foot chase, dark past, langley virginia, moscow, russia, action hero, security leak, bourne, jason bourne",https://image.tmdb.org/t/p/w500/15rMz5MRXFp7CP4VxhjYw4y0FUn.jpg
American Pie: A Primeira Vez é Inesquecível,American Pie,There's nothing like your first piece.,Paul Weitz,1999,"Comedy, Romance","innocence, graduation, loss of virginity, coming of age, high school student, pie, teen comedy, teenage sexuality, exchange student, sex comedy, voyeurism, virginity, laxative, prom night, teenager",https://image.tmdb.org/t/p/w500/5P68by2Thn8wHAziyWGEw2O7hco.jpg
Meu Amigo Totoro,となりのトトロ,,Hayao Miyazaki,1988,"Fantasy, Animation, Family","mother, sibling relationship, village, leave, rural area, hospital, new neighbor, new home, super power, magical creature, anime",https://image.tmdb.org/t/p/w500/rtGDOeG9LzoerkDGZF9dnVeLppL.jpg
Carros 2,Cars 2,Ka-ciao!,"John Lasseter, Bradford Lewis",2011,"Animation, Family, Adventure, Comedy","car race, sequel, anthropomorphism, best friend, duringcreditsstinger, pathetic, absurd, farcical",https://image.tmdb.org/t/p/w500/okIz1HyxeVOMzYwwHUjH2pHi74I.jpg
A Vida Secreta de Walter Mitty,The Secret Life of Walter Mitty,Stop dreaming. Start living.,Ben Stiller,2013,"Adventure, Comedy, Drama, Fantasy","himalaya mountain range, photographer, iceland, daydream, magazine, photograph, shark, fired from the job, dreamer, online dating, daydreaming",https://image.tmdb.org/t/p/w500/tY6ypjKOOtujhxiSwTmvA4OZ5IE.jpg
Pixels,Pixels,Game On.,Chris Columbus,2015,"Action, Comedy, Science Fiction","new york city, london, england, usa president, washington dc, usa, video game, nerd, gamer, single mother, alien invasion, divorcee, centipede, childhood friends, military, gaming, divorced man, alien attack, 1980s, cable guy, live action and animation, donkey kong, darpa, taj mahal, india, guam, arcade game, world war, alternative world, old school, based on short film, aliens, pattern, best friends, pixelation, video arcade, space invaders, galaga, pac-man",https://image.tmdb.org/t/p/w500/rV5DzghQv6z6Yagak6ysKE77nuf.jpg
A Era do Gelo 4,Ice Age: Continental Drift,The End of the World is Just the Tip of the Iceberg.,"Steve Martino, Michael Thurmeier",2012,"Animation, Comedy, Adventure, Family","sequel, prehistory, seal (animal), melting ice, floating ice, land bridge, era, glaciale, deriva",https://image.tmdb.org/t/p/w500/dfp1BZF7FxbBUyzHvMOI9t8NWDD.jpg
Infiltrado na Klan,BlacKkKlansman,Infiltrate hate.,Spike Lee,2018,"Comedy, Crime, Drama","based on novel or book, ku klux klan, 1970s, black panther party, biography, based on true story, undercover cop, racism, based on memoir or autobiography, revisionist history, white supremacy",https://image.tmdb.org/t/p/w500/8jxqAvSDoneSKRczaK8v9X5gqBp.jpg
Megatubarão,The Meg,Pleased to eat you,Jon Turteltaub,2018,"Action, Science Fiction, Horror","beach, based on novel or book, ocean, deep sea, creature, underwater, shark, oceanic expedition, kaiju, submersible, extinct, underwater facility, mariana trench",https://image.tmdb.org/t/p/w500/eyWICPcxOuTcDDDbTMOZawoOn8d.jpg
127 Horas,127 Hours,There is no force more powerful than the will to live.,Danny Boyle,2010,"Adventure, Drama, Thriller","canyon, based on novel or book, pain, utah, photography, despair, hiking, engineer, based on true story, alone, climbing, mountain biking, struggle for survival, trapped, boulder, cavern, video recorder, adventurer, rock climbing, climber, isolated, hikers, memories, biographical, hallucinations, desperation, intrusive thoughts, chance encounter",https://image.tmdb.org/t/p/w500/xbszsQv3ifdFZtQu8CzNh4zh0MX.jpg
Diamante de Sangue,Blood Diamond,It will cost you everything.,Edward Zwick,2006,"Drama, Thriller, Action","bootlegger, journalist, smuggling (contraband), loss of loved one, africa, rwandan genocide, rebel, journalism, slavery, fisherman, mercenary, diamond mine, sierra leone, special unit, oppression, 1990s, private military company",https://image.tmdb.org/t/p/w500/tnLxPpajkbVdbQl5B9CuD7sSpz9.jpg
WiFi Ralph: Quebrando a Internet,Ralph Breaks the Internet,Who Broke the Internet?,"Phil Johnston, Rich Moore",2018,"Family, Animation, Comedy, Adventure","video game, cartoon, sequel, internet, lethal virus, aftercreditsstinger, duringcreditsstinger, online gaming",https://image.tmdb.org/t/p/w500/iVCrhBcpDaHGvv7CLYbK6PuXZo1.jpg
Valerian e a Cidade dos Mil Planetas,Valerian and the City of a Thousand Planets,A universe without boundaries needs heroes without limits.,Luc Besson,2017,"Adventure, Science Fiction, Action","future, shapeshifting, space travel, utopia, based on comic, alien, alien planet, energy, alien abduction, genocide, parallel world, political intrigue , pacifist, space opera, military, government agent, marketplace, trapped in space, federal government, unity, cosmopolis",https://image.tmdb.org/t/p/w500/aCDrPEfvxcPNRynd2uZyXql7aj.jpg
A Supremacia Bourne,The Bourne Supremacy,They should have left him alone.,Paul Greengrass,2004,"Action, Drama, Thriller","sniper, assassin, berlin, germany, amnesia, based on novel or book, espionage, lie, sequel, on the run, shootout, foot chase, exploding house, one against many, rail car, dark past, moscow, russia, hand to hand combat, action hero, bourne, jason bourne",https://image.tmdb.org/t/p/w500/7IYGiDrquvX3q7e9PV6Pejs6b2g.jpg
Ford vs. Ferrari,Ford v Ferrari,They took the American dream for a ride,James Mangold,2019,"Drama, Action, History","based on novel or book, car race, sports, car mechanic, biography, based on true story, le mans, racing, race car driver, 1960s",https://image.tmdb.org/t/p/w500/dR1Ju50iudrOh3YgfwkAU1g2HZe.jpg
Percy Jackson e o Ladrão de Raios,Percy Jackson & the Olympians: The Lightning Thief,Worlds collide.,Chris Columbus,2010,"Adventure, Fantasy, Family","monster, based on novel or book, greek mythology, dyslexia, god, poseidon  , lightning bolt, fantasy world, demigod, based on young adult novel",https://image.tmdb.org/t/p/w500/vayx5t1cYCpBGV9ylTGn0Sr9rA2.jpg
Coraline e o Mundo Secreto,Coraline,Be careful what you wish for.,Henry Selick,2009,"Animation, Family, Fantasy","friendship, dream, based on novel or book, eye, stuffed animal, stop motion, parallel world, button, new home, secret door, aftercreditsstinger, duringcreditsstinger, horror for children, talking cat, parallel universe, neil gaiman",https://image.tmdb.org/t/p/w500/4jeFXQYytChdZYE9JYO7Un87IlW.jpg
Creed - Nascido para Lutar,Creed,Your legacy is more than a name,Ryan Coogler,2015,"Action, Drama","underdog, mexico, sports, mentor, trainer, cancer, spin off, underground fighting, boxing trainer, motivational speaker, boxing, legacy, boxing manager, boxing champion, famous brand, famous actor",https://image.tmdb.org/t/p/w500/1BfTsk5VWuw8FCocAhCyqnRbEzq.jpg
Chumbo Grosso,Hot Fuzz,Big cops. Small town. Moderate violence.,Edgar Wright,2007,"Crime, Action, Comedy","police, village, arrest, parody, partner, murder, rural area, conspiracy, serial killer, gunfight, english countryside, police force, buddy cop, accident",https://image.tmdb.org/t/p/w500/zPib4ukTSdXvHP9pxGkFCe34f3y.jpg
A Barraca do Beijo,The Kissing Booth,"She can tell her best friend anything, except this one thing",Vince Marcello,2018,"Romance, Comedy","based on novel or book, crush, los angeles, california, high school student, based on young adult novel",https://image.tmdb.org/t/p/w500/7Dktk2ST6aL8h9Oe5rpk903VLhx.jpg
O Homem nas Trevas,Don't Breathe,In the dark the blind man is king.,Fede Alvarez,2016,"Thriller, Horror","kidnapping, thief, blind, held captive, break in, blind man, trapped in a house",https://image.tmdb.org/t/p/w500/8fIgsHFQtg47xxN7SBwZkg0tZJn.jpg
Ted 2,Ted 2,"Ted is coming, again.",Seth MacFarlane,2015,"Comedy, Fantasy","sperm bank, sequel, buddy, courthouse, teddy bear, aftercreditsstinger, toy comes to life",https://image.tmdb.org/t/p/w500/qMOt0uy1x49OBW0jzodgRM9waW0.jpg
Efeito Borboleta,The Butterfly Effect,Change one thing. Change everything.,"Eric Bress, J. Mackye Gruber",2004,"Science Fiction, Thriller","prison, mind control, child abuse, amnesia, chaos theory, blackout, trauma, diary, time travel, flashback, bully, love, memory loss, psychiatrist, therapy, childhood",https://image.tmdb.org/t/p/w500/ea5iv7TWMh18fOKoRGgmtcg85Gx.jpg
Hereditário,Hereditary,Every family tree hides a secret.,Ari Aster,2018,"Horror, Mystery, Thriller","daughter, funeral, loss of loved one, ritual, supernatural, possession, cult, dysfunctional family, murder, family drama, fear, demon, attic, evil, ritual murder, satanic ritual, dollhouse, macabre, satanic cult, séance, shocking, matriarch, miniatures, horrified, ominous, tragic",https://image.tmdb.org/t/p/w500/p9fmuz2Oj3HtEJEqbIwkFGUhVXD.jpg
Branca de Neve e os Sete Anões,Snow White and the Seven Dwarfs,"The Happiest, Dopiest, Grumpiest, Sneeziest movie of the year.","William Cottrell, David Hand, Wilfred Jackson, Larry Morey, Perce Pearce, Ben Sharpsteen",1937,"Fantasy, Animation, Family","witch, dying and death, princess, becoming an adult, dwarf, poison, sadness, queen, attempted murder, miner, apple, candlelight vigil, based on fairy tale, magic mirror",https://image.tmdb.org/t/p/w500/9QKUh9UuIIT2ZA9Rby9R6vtNRKa.jpg
Meia-Noite em Paris,Midnight in Paris,,Woody Allen,2011,"Fantasy, Comedy, Romance","paris, france, based on novel or book, detective, screenwriter, camping, diary, time travel, forbidden love, painter, midnight, nostalgia, past, versailles, sculpture, romance, magic realism, art history, back in time, wine drinking",https://image.tmdb.org/t/p/w500/4wBG5kbfagTQclETblPRRGihk0I.jpg
Hércules,Hercules,Zero to hero!,"Ron Clements, John Musker",1997,"Animation, Family, Fantasy, Adventure, Comedy, Romance","peasant, hades, musical, pegasus, zeus, ancient greece, aftercreditsstinger, olympus, hercules, worth",https://image.tmdb.org/t/p/w500/qQsspacWlYn5GZxz15ZhvGqkxgh.jpg
Trapaça,American Hustle,Everyone hustles to survive.,David O. Russell,2013,"Drama, Crime","new jersey, 1970s, fbi, mayor, con artist, mobster, scam, hair, century",https://image.tmdb.org/t/p/w500/koXGRfatN0tURFWMA0Keb0p0Gtg.jpg
Vida,Life,Be careful what you search for,Daniel Espinosa,2017,"Horror, Science Fiction, Mystery, Thriller","planet mars, alien life-form, space, astronaut, space station, intelligent, trapped in space, extraterrestrial life, alien on board, death of astronaut",https://image.tmdb.org/t/p/w500/wztfli5NgYDgurVgShNflvnyA3Z.jpg
Lanterna Verde,Green Lantern,"In our darkest hour, there will be light.",Martin Campbell,2011,"Adventure, Action, Thriller, Science Fiction","superhero, transformation, based on comic, alien, alien infection, magical object, protector, based on graphic novel, super power",https://image.tmdb.org/t/p/w500/fj21HwUprqjjwTdkKC1XZurRSpV.jpg
+ Velozes + Furiosos,2 Fast 2 Furious,How fast do you like it?,John Singleton,2003,"Action, Crime, Thriller","miami, florida, undercover, car race, sports car, street race, los angeles, california, demolition derby",https://image.tmdb.org/t/p/w500/6nDZExrDKIXvSAghsFKVFRVJuSf.jpg
Festa da Salsicha,Sausage Party,Always use condiments,"Greg Tiernan, Conrad Vernon",2016,"Adventure, Animation, Comedy, Fantasy","supermarket, parody, anthropomorphism, sausage, food, adult animation, grocery store, sex party, gum",https://image.tmdb.org/t/p/w500/sXtlUSKFX93IrD1tL2o0r9oHa5n.jpg
Nós,Us,Watch yourself,Jordan Peele,2019,"Horror, Thriller, Mystery","mask, boardwalk, murder, psychological thriller, fear, family vacation, home invasion, amusement park, doppelgänger, santa cruz, california, 1980s, duality",https://image.tmdb.org/t/p/w500/ux2dU1jQ2ACIMShzB3yP93Udpzc.jpg
A Invenção de Hugo Cabret,Hugo,One of the most legendary directors of our time takes you on an extraordinary adventure.,Martin Scorsese,2011,"Adventure, Drama, Family","paris, france, based on novel or book, library, clock tower, key, movie business, clock, museum, train accident, montparnasse, steampunk, orphan, robot, hiding, filmmaking, security guard, leg brace, doberman, toy store, runaway train, railway station, guard dog, toy maker, mechanics, mechanical toys, ticking clock, based on young adult novel, clockwork, train station, toy, stationmaster, clockmaker, mechanical dolls, film history",https://image.tmdb.org/t/p/w500/vDAhBTIHvIoNOlgCfmLirVgUK2p.jpg
Grease: Nos Tempos da Brilhantina,Grease,Grease is the word.,Randal Kleiser,1978,"Romance, Comedy","australia, high school, flying car, california, jealousy, street gang, cheerleader, dance competition, carnival, musical, based on play or musical, rivalry, high school graduation, high school friends, tv show in film, gossip, makeover, clique, nostalgic, greaser, school dance, animated credits, pep rally, wrong side of the tracks, mooning, opposites attract, letterman jacket, girl gang, track and field, summer romance, 1950s, sweethearts, street racing, west side story, goody two shoes, rival gang, going steady, two-faced, good girl bad boy, music movie",https://image.tmdb.org/t/p/w500/czVhhAaSBFpakur7U8pOIDV9NUG.jpg
Sombras da Noite,Dark Shadows,Every Family Has Its Demons,Tim Burton,2012,"Comedy, Fantasy","witch, vampire, imprisonment, curse, fish out of water, chains, gothic, madness, old house, lost love, angry mob, 18th century, ghost, hidden room, old mansion",https://image.tmdb.org/t/p/w500/d7A9pVX8OSWMSSjPBsIc1jAMP0y.jpg
Shrek Para Sempre,Shrek Forever After,It ain't Ogre... Til it's Ogre,Mike Mitchell,2010,"Comedy, Adventure, Fantasy, Animation, Family","sequel, ogre, shrek cinematic universe",https://image.tmdb.org/t/p/w500/6HrfPZtKcGmX2tUWW3cnciZTaSD.jpg
Super Mario Bros.: O Filme,The Super Mario Bros. Movie,Not all heroes wear capes. Some wear overalls.,"Aaron Horvath, Michael Jelenic, Pierre Leduc, Fabien Polack",2023,"Animation, Family, Adventure, Fantasy, Comedy","gorilla, plumber, anthropomorphism, magic mushroom, based on video game, toad, aftercreditsstinger, duringcreditsstinger, damsel in distress, piano, brother brother relationship, illumination, evil king, cliché",https://image.tmdb.org/t/p/w500/qNBAXBIQlnOThrVvA6mA2B5ggV6.jpg
A Múmia,The Mummy,Welcome To A New World of Gods And Monsters,Alex Kurtzman,2017,"Fantasy, Thriller, Action, Adventure, Horror","egypt, monster, supernatural, mummy, remake, tomb, egyptian mythology, dark universe",https://image.tmdb.org/t/p/w500/zxkY8byBnCsXodEYpK8tmwEGXBI.jpg
Juno,Juno,A comedy about growing up… and the bumps along the way.,Jason Reitman,2007,"Comedy, Drama, Romance","puberty, first time, becoming an adult, sexuality, pregnancy, adoption, precocity, partnership, pregnant minor, coming of age, teenage pregnancy",https://image.tmdb.org/t/p/w500/jNIn2tVhpvFD6P9IojldI3mNYcn.jpg
Encontros e Desencontros,Lost in Translation,Everyone wants to be found.,Sofia Coppola,2003,"Drama, Romance","hotel room, adultery, japan, unsociability, upper class, pop star, age difference, photographer, commercial, karaoke, homesickness, culture clash, jet lag, midlife crisis, loneliness, tokyo, japan, unlikely friendship, aftercreditsstinger, woman director",https://image.tmdb.org/t/p/w500/wkSzJs7oMf8MIr9CQVICsvRfwA7.jpg
Doze Homens e Outro Segredo,Ocean's Twelve,Twelve is the new eleven.,Steven Soderbergh,2004,"Thriller, Crime","rome, italy, sequel, heist, fabergé egg, golden egg, goon",https://image.tmdb.org/t/p/w500/Ad55M8newGWemFWCsMAkxO3fDwl.jpg
Cidade de Deus,Cidade de Deus,"If you run, the beast catches you; if you stay, the beast eats you.","Fernando Meirelles, Kátia Lund",2002,"Drama, Crime","street gang, photographer, gangster, rio de janeiro, gang war, ghetto, coming of age, woman director, introspective, critical, tense, conceited, sincere",https://image.tmdb.org/t/p/w500/k7eYdWvhYQyRQoU2TB2A2Xu2TfD.jpg
Peixe Grande e suas Histórias Maravilhosas,Big Fish,An adventure as big as life itself.,Tim Burton,2003,"Adventure, Fantasy, Drama","witch, fish, love of one's life, parent child relationship, circus, fishing, leech, story teller, fair, mermaid, apoplectic stroke, cancer, relationship, gentle giant, magic realism, admiring, amused, bold",https://image.tmdb.org/t/p/w500/tjK063yCgaBAluVU72rZ6PKPH2l.jpg
Como Se Fosse a Primeira Vez,50 First Dates,Imagine having to win over the girl of your dreams... every friggin' day.,Peter Segal,2004,"Comedy, Romance","amnesia, hawaii, romantic comedy, deception, womanizer, love, car accident, screwball comedy, short term memory loss, true love, loving, romantic, joyful",https://image.tmdb.org/t/p/w500/lzUI2Cg7OMfcUNv3f7MywYNBjs6.jpg
Velozes & Furiosos 4,Fast & Furious,New model. Original parts.,Justin Lin,2009,"Action, Crime, Drama, Thriller","sibling relationship, car race, gambling, ex-lover, fast, car crash, cop, street race",https://image.tmdb.org/t/p/w500/lUtVoRukW7WNtUySwd8hWlByBds.jpg
Invasão Zumbi,부산행,Life-or-death survival begins,Yeon Sang-ho,2016,"Horror, Thriller, Action, Adventure","zombie, train, survival horror, busan, south korea, south korea",https://image.tmdb.org/t/p/w500/vNVFt6dtcqnI7hqa6LFBUibuFiw.jpg
8 Mile: Rua das Ilusões,8 Mile,Every Moment Is Another Chance,Curtis Hanson,2002,"Drama, Music","individual, adolescence, rap music, hip-hop, rhyme battle, trailer park, street gang, ethnic stereotype, rapper, ghetto, single, detroit, michigan, 1990s, battle rap",https://image.tmdb.org/t/p/w500/7BmQj8qE1FLuLTf7Xjf9sdIHzoa.jpg
O Grinch,How the Grinch Stole Christmas,He puts the mean in green.,Ron Howard,2000,"Family, Comedy, Fantasy","new love, based on novel or book, holiday, christmas party, village, santa claus, surrealism, thief, public humiliation, christmas, surreal world",https://image.tmdb.org/t/p/w500/1WZbbPApEivA421gCOluuzMMKCk.jpg
Sully: O Herói do Rio Hudson,Sully,The Untold Story Behind the Miracle on the Hudson.,Clint Eastwood,2016,"Drama, History","rescue, new york city, airplane, investigation, pilot, biography, based on true story, emergency landing, flight, travel, aviation, airplane accident, based on memoir or autobiography, hudson river",https://image.tmdb.org/t/p/w500/r09ivJ1GGh5WArqRViRYDQLrTVG.jpg
O Poderoso Chefinho,The Boss Baby,Born leader,Tom McGrath,2017,"Animation, Comedy, Family","baby, family relationships, sibling rivalry, unreliable narrator, baby brother",https://image.tmdb.org/t/p/w500/unPB1iyEeTBcKiLg8W083rlViFH.jpg
Cinderela,Cinderella,Midnight is just the beginning.,Kenneth Branagh,2015,"Romance, Fantasy, Family, Drama","magic, kingdom, fairy tale, prince, royalty, orphan, lost shoe, evil stepmother, based on fairy tale, retelling, live action and animation, live action remake",https://image.tmdb.org/t/p/w500/j91LJmcWo16CArFOoapsz84bwxb.jpg
Velozes & Furiosos 9,F9,Justice is coming.,Justin Lin,2021,"Action, Adventure, Crime","speed, family relationships, sequel, duringcreditsstinger, fast car, brother brother relationship",https://image.tmdb.org/t/p/w500/bOFaAXmWWXC3Rbv4u4uM9ZSzRXP.jpg
A Viagem,Cloud Atlas,Everything is Connected,"Tom Tykwer, Lana Wachowski, Lilly Wachowski",2012,"Drama, Science Fiction","future, artificial intelligence (a.i.), based on novel or book, san francisco, california, clone, dystopia, lgbt, multiple storylines, duringcreditsstinger, century, woman director, 1930s",https://image.tmdb.org/t/p/w500/8naVv2Xu3rWI5JKHz0vCujx6GaJ.jpg
Tron: O Legado,TRON: Legacy,The game has changed.,Joseph Kosinski,2010,"Adventure, Action, Science Fiction","artificial intelligence (a.i.), computer program, secret identity, dystopia, simulation, super computer, utopia, deception, computer simulation, sequel, computer game, 80s style, autocracy, light cycle",https://image.tmdb.org/t/p/w500/vuifSABRpSnxCAOxEnWpNbZSXpp.jpg
Moonlight: Sob a Luz do Luar,Moonlight,This is the story of a lifetime,Barry Jenkins,2016,Drama,"drug dealer, high school, florida, drug abuse, parent child relationship, fight, drug addiction, ghetto, restaurant, coming of age, male homosexuality, lgbt, addict, black lgbt, gay theme, boys' love (bl)",https://image.tmdb.org/t/p/w500/4911T5FbJ9eD2Faz5Z8cT3SUhU3.jpg
Superbad: É Hoje,Superbad,Come and get some!,Greg Mottola,2007,Comedy,"high school, police, alcohol, chaos, nerd, coming of age, school, los angeles, california, drugs, buddy, one night, fake id",https://image.tmdb.org/t/p/w500/ek8e8txUyUwd2BNqj6lFEerJfbq.jpg
Velozes & Furiosos: Hobbs & Shaw,Fast & Furious Presents: Hobbs & Shaw,Nothing is stronger than family.,David Leitch,2019,"Action, Adventure, Comedy","london, england, biological weapon, secret organization, family clan, spin off, family reunion, buddy comedy, samoa, aftercreditsstinger, duringcreditsstinger, buddy movie, mother son relationship, father daughter relationship, brother sister relationship",https://image.tmdb.org/t/p/w500/qRyy2UmjC5ur9bDi3kpNNRCc5nc.jpg
Os Croods,The Croods,Meet the first modern family.,"Kirk DeMicco, Chris Sanders",2013,"Animation, Adventure, Family, Fantasy, Comedy, Action","daughter, parent child relationship, stone age, father, prehistory, ancient world, family, cavemen, aftercreditsstinger, duringcreditsstinger, pets",https://image.tmdb.org/t/p/w500/p7lJkqHlK01nr0zNacunUFI5Qxy.jpg
Rush: No Limite da Emoção,Rush,Everyone's driven by something.,Ron Howard,2013,"Drama, Action","car race, sports, world champion, based on true story, adventurer, formula one (f1)",https://image.tmdb.org/t/p/w500/5akKFgS7eeXUw9rKTEujryKrH17.jpg
Jurassic Park III,Jurassic Park III,"This time, it's not just a walk in the park!",Joe Johnston,2001,"Adventure, Action, Thriller, Science Fiction","rescue, mission, exotic island, island, airplane, velociraptor, dna, tyrannosaurus rex, paleontology, spinosaurus, dinosaur, creature, scientist, amusement park, paragliding, pterodactyl, pterosaur, costa rica, animal horror",https://image.tmdb.org/t/p/w500/oQXj4NUfS3r3gHXtDOzcJgj1lLc.jpg
Tomorrowland - Um Lugar Onde Nada é Impossível,Tomorrowland,Imagine a world where nothing is impossible.,Brad Bird,2015,"Adventure, Family, Mystery, Science Fiction","inventor, apocalypse, destiny, dreamer, futuristic car, futuristic city",https://image.tmdb.org/t/p/w500/bvJJVbFxkEHjGCteuO7Kxym20CP.jpg
Vizinhos,Neighbors,Family vs. Frat,Nicholas Stoller,2014,Comedy,"baby, routine, house party, parenting, family, new neighbor, fraternity, fraternity house, neighbor neighbor relationship, bathroom humor, partying, pranks, stay-at-home mom",https://image.tmdb.org/t/p/w500/dyO9BQ4M4flTOAzP79rmsz61yAT.jpg
O Procurado,Wanted,Choose your destiny.,Timur Bekmambetov,2008,"Action, Thriller, Crime","assassin, loss of loved one, secret society, mission of murder, based on comic, revenge, based on graphic novel, rejuvenation",https://image.tmdb.org/t/p/w500/cbDMsV4VJAL2xJ2JXdWWjmUXZkT.jpg
Meu Malvado Favorito 3,Despicable Me 3,Oh brother.,"Kyle Balda, Pierre Coffin, Eric Guillon",2017,"Action, Animation, Comedy, Family, Adventure","prison, twin brother, sequel, jail, despicable, illumination, minions",https://image.tmdb.org/t/p/w500/6t3YWl7hrr88lCEFlGVqW5yV99R.jpg
Nerve: Um Jogo Sem Regras,Nerve,We dare you.,"Henry Joost, Ariel Schulman",2016,"Mystery, Adventure, Crime","new york city, technology, internet, hacking, game, dare, cellphone video, taking a risk, based on young adult novel",https://image.tmdb.org/t/p/w500/qmSpHC0CSNyNll9WhlwWYuwoQ28.jpg
Fogo Contra Fogo,Heat,A Los Angeles crime saga.,Michael Mann,1995,"Action, Crime, Drama","robbery, chase, obsession, detective, heist, thief, honor, murder, betrayal, gang, los angeles, california, cat and mouse, bank robbery, criminal mastermind, ex-con, one last job, loner, bank job, neo-noir, crime epic",https://image.tmdb.org/t/p/w500/umSVjVdbVwtx5ryCA2QXL44Durm.jpg
O Menino do Pijama Listrado,The Boy in the Striped Pyjamas,"Lines may divide us, but hope will unite us.",Mark Herman,2008,"War, Drama, History","based on novel or book, nazi, nationalism, concentration camp, world war ii, gas chamber, concentration camp prisoner, children in wartime",https://image.tmdb.org/t/p/w500/2C8QCXdMlojTxZjfBlINr4FWcb6.jpg
Rampage - Destruição Total,Rampage,Big meets bigger,Brad Peyton,2018,"Action, Adventure, Science Fiction","monster, wolf, mutation, gorilla, giant monster, lizard, giant lizard, creature, based on video game, giant animal, mutant animal, kaiju, albino, giant, rat, genetic experiment, destroyed city, giant gorilla, animal monster",https://image.tmdb.org/t/p/w500/MGADip4thVSErP34FAAfzFBTZ5.jpg
Cloverfield: Monstro,Cloverfield,Some thing has found us.,Matt Reeves,2008,"Action, Thriller, Science Fiction","quarantine, monster, chaos, skyscraper, supernatural, giant monster, alien, disaster, survival horror, kaiju, military, found footage, aftercreditsstinger",https://image.tmdb.org/t/p/w500/qIegUGJqyMMCRjkKV1s7A9MqdJ8.jpg
Constantine,Constantine,Hell wants him. Heaven won't take him. Earth needs him.,Francis Lawrence,2005,"Fantasy, Action, Horror","self sacrifice, angel, christianity, confession, superhero, supernatural, exorcism, archangel gabriel, holy water, redemption, based on comic, lucifer, demon, occult, aftercreditsstinger, mysticism, supernatural power, good versus evil",https://image.tmdb.org/t/p/w500/vPYgvd2MwHlxTamAOjwVQp4qs1W.jpg
Click,Click,What If You Had A Remote... That Controlled Your Universe?,Frank Coraci,2006,"Comedy, Drama, Fantasy","dying and death, regret, workaholic, heart attack, architect, liposuction, time travel, remote control, obesity, hospital, wedding, dog, second chance, alternate reality, fatherhood, time jump",https://image.tmdb.org/t/p/w500/oL0k5JA53PyoHSZqKb3cNkhwBCE.jpg
Thor: Amor e Trovão,Thor: Love and Thunder,The one is not the only.,Taika Waititi,2022,"Fantasy, Action, Comedy","hero, ex-girlfriend, superhero, greek mythology, based on comic, sequel, shadow, norse mythology, aftercreditsstinger, duringcreditsstinger, marvel cinematic universe (mcu), heroes, norse god, god of thunder, colorless, child abduction, thor",https://image.tmdb.org/t/p/w500/pIkRyD18kl4FhoCNQuWxWu5cBLM.jpg
Pequena Miss Sunshine,Little Miss Sunshine,A family on the verge of a breakdown,"Jonathan Dayton, Valerie Faris",2006,"Comedy, Drama","california, husband wife relationship, sibling relationship, literature professor, family's daily life, highway, beauty contest, beauty queen contest, road trip, family relationships, family holiday, road movie, woman director, beauty pageant",https://image.tmdb.org/t/p/w500/tFnTds88mCuLcLPBseK1kF2E3qv.jpg
Filhos da Esperança,Children of Men,The future's a thing of the past.,Alfonso Cuarón,2006,"Drama, Action, Thriller, Science Fiction","future, government, police state, based on novel or book, hippie, england, faith, chaos, refugee camp, rebel, dystopia, miracle, childlessness, survival, birth, alcoholic, bombing, dying, terrorist group, fertility, soldiers, violence",https://image.tmdb.org/t/p/w500/k9IAS4TehZFcKi4HVByxZNPfqex.jpg
Jack Reacher: O Último Tiro,Jack Reacher,The Law Has Limits. He Does Not.,Christopher McQuarrie,2012,"Crime, Drama, Thriller, Action","sniper, coma, based on novel or book, war veteran, mass murder, detective, investigation, betrayal, conspiracy, police chase, investigator, district attorney, defense attorney, military police, loner, purple heart, framed for murder, ex military, off the grid, mass shooting, father daughter relationship, victims, army veteran, twists, backstory, physical evidence, fist fight, mass murderer, gun range",https://image.tmdb.org/t/p/w500/uQBbjrLVsUibWxNDGA4Czzo8lwz.jpg
A Mentira,Easy A,A comedy about a good girl a small favor and a big rumor,Will Gluck,2010,Comedy,"high school, small town, lie, loss of virginity, coming of age, teen movie, school, female protagonist, high school student, teen comedy, intelligent, duringcreditsstinger, small town girl, rumor, teen drama, pretend relationship, gay friend, teenager",https://image.tmdb.org/t/p/w500/pYeY5lBudgWAunG4qlsWCA3PlxM.jpg
História de um Casamento,Marriage Story,"Where there's a love, there's a way.",Noah Baumbach,2019,Drama,"infidelity, new york city, husband wife relationship, parent child relationship, theatre group, theater director, lawyer, los angeles, california, divorce, divorce lawyer",https://image.tmdb.org/t/p/w500/91osxUqsq1JC0zJzB1CpAavlWu7.jpg
Millennium - Os Homens que Não Amavam as Mulheres,The Girl with the Dragon Tattoo,Evil shall with evil be expelled.,David Fincher,2011,"Thriller, Crime, Mystery","journalist, island, rape, hacker, based on novel or book, nazi, journalism, investigation, punk rock, scandinavia, stockholm, sweden, remake, antisocial personality disorder, disappearance, serial killer, hacking, sadist, bible quote, dead cat, millennium, based on movie, abuse, locked room mystery",https://image.tmdb.org/t/p/w500/zqDopwg7XQ4IfFX2dRlQCT1SwMG.jpg
O Retorno da Múmia,The Mummy Returns,The most powerful force on earth is about to be unleashed by the two people who should know better.,Stephen Sommers,2001,"Adventure, Action, Fantasy","egypt, pyramid, son, mummy, nile, sequel, tomb, ancient egypt, 1930s, egyptian tomb, good versus evil",https://image.tmdb.org/t/p/w500/kdJsW7hcy1lrj7tdMPycTAQPAiR.jpg
O Segredo de Brokeback Mountain,Brokeback Mountain,Love is a force of nature,Ang Lee,2005,"Drama, Romance","secret love, wyoming, usa, countryside, homophobia, marriage crisis, intolerance, in the closet, summer, cowboy, lgbt, star crossed lovers, 1960s, closeted homosexual, gay romance, gay theme, gay relationship, boys' love (bl)",https://image.tmdb.org/t/p/w500/fsbzfe9eLOEl5rJX04nPEr1eoAi.jpg
Capitão Phillips,Captain Phillips,Out here survival is everything.,Paul Greengrass,2013,"Action, Drama, Thriller","ship, fisherman, hijacking, somalia, poverty, pirate, terrorism, commando, hijack, cargo ship, ship hijacking, somali",https://image.tmdb.org/t/p/w500/vjsEi2JytAT76qrtUHPIhXExZAm.jpg
Ponte dos Espiões,Bridge of Spies,"In the shadow of war, one man showed the world what we stood for.",Steven Spielberg,2015,"Thriller, Drama","cia, spy, cold war, soviet union, pilot, lawyer, american, courtroom, russian spy, legal drama",https://image.tmdb.org/t/p/w500/fmOOjHAQzxr0c1sfcY4qkiSRBH6.jpg
Uma Noite no Museu 2,Night at the Museum: Battle of the Smithsonian,When the lights go off the battle is on.,Shawn Levy,2009,"Adventure, Fantasy, Action, Comedy, Family","museum, magical object, duringcreditsstinger, pharaoh, amelia earhart, inanimate objects come to life, smithsonian, back to life, come back to life",https://image.tmdb.org/t/p/w500/l9yAQn6TyrA3gv5xZZkiMMoZsiw.jpg
A Bruxa,The Witch,Evil takes many forms.,Robert Eggers,2015,"Drama, Fantasy, Horror, Mystery","witch, isolation, magic, possession, black magic, older woman seduces younger guy, new hampshire, woods, goat, puritan, religion, crying, false accusations, witchcraft, new england, praying, 17th century, folk horror, evil force, corruption of a minor, english colony",https://image.tmdb.org/t/p/w500/zap5hpFCWSvdWSuPGAQyjUv2wAC.jpg
Gato de Botas 2: O Último Pedido,Puss in Boots: The Last Wish,Live each adventure like it's your last.,"Joel Crawford, Januel Mercado",2022,"Animation, Family, Fantasy, Adventure, Comedy, Action","fairy tale, sequel, talking dog, spin off, aftercreditsstinger, talking cat, fear of death, shrek cinematic universe",https://image.tmdb.org/t/p/w500/kuf6dutpsT0vSVehic3EZIqkOBt.jpg
Hellboy,Hellboy,From the dark side to our side.,Guillermo del Toro,2004,"Fantasy, Action","nazi, sacrifice, paranormal phenomena, black magic, adoptive father, based on comic, steampunk, narration from grave, apocalypse, demon, supernatural creature, monolith, occult, super strength, father figure, reanimated corpse, duringcreditsstinger, other dimension, psychic powers, pyrokinesis",https://image.tmdb.org/t/p/w500/hjblR6bPZR0PvFwztHcEBCjYf7d.jpg
As Tartarugas Ninja,Teenage Mutant Ninja Turtles,Mysterious. Dangerous. Reptilious. You've never seen heroes like this.,Jonathan Liebesman,2014,"Science Fiction, Action, Adventure, Comedy","new york city, van, martial arts, hero, experiment, mutation, superhero, turtle, based on comic, ninja, vigilante, terrorism, sewer, reboot, teenage mutant ninja turtles",https://image.tmdb.org/t/p/w500/azL2ThbJMIkts3ZMt3j1YgBUeDB.jpg
Madagascar 2,Madagascar: Escape 2 Africa,Still together. Still lost!,"Eric Darnell, Tom McGrath",2008,"Family, Adventure, Animation, Comedy","dance, friendship, jealousy, airplane, africa, hunger, lion, zoo, hippopotamus, giraffe, chimp, penguin, cartoon, volcano, zebra, sequel, slapstick comedy, madagascar, friends, shark, animal, duringcreditsstinger, lemur, talking animal",https://image.tmdb.org/t/p/w500/agRbLOHgN46TQO4YdKR462iR7To.jpg
Kung Fu Panda 2,Kung Fu Panda 2,Prepare for the Year of Awesomeness!,Jennifer Yuh Nelson,2011,"Animation, Family","mission, martial arts, kung fu, hope, fleet, panda, friends, woman director",https://image.tmdb.org/t/p/w500/mtqqD00vB4PGRt20gWtGqFhrkd0.jpg
Sete Vidas,Seven Pounds,Seven names. Seven strangers. One secret.,Gabriele Muccino,2008,Drama,"sadness, vegetarian, tax collector, blind, pianist, organ transplant, blood type, sad story",https://image.tmdb.org/t/p/w500/pCVpsCEYtvtlg1I9h3rtglKgThu.jpg
O Destino de Júpiter,Jupiter Ascending,Expand your universe.,"Lana Wachowski, Lilly Wachowski",2015,"Science Fiction, Fantasy, Action","jupiter, space, space opera, woman director, interspecies romance",https://image.tmdb.org/t/p/w500/xzQ25m9vrdyvpLX74T3B3KB40Ou.jpg
Anjos e Demônios,Angels & Demons,The holiest event of our time. Perfect for their return.,Ron Howard,2009,"Thriller, Mystery","based on novel or book, rome, italy, vatican, symbolism, illuminati, quantum mechanics, prequel, anti matter, conspiracy, investigator, catholicism, cern",https://image.tmdb.org/t/p/w500/hrvNVd0GDeytbDhduWa3SFKmg4A.jpg
Todo Mundo em Pânico,Scary Movie,No mercy. No shame. No sequel.,Keenen Ivory Wayans,2000,Comedy,"high school, psychopath, garage, satire, parody, crude humor, spoof, horror spoof, drugs, aftercreditsstinger, horror parody",https://image.tmdb.org/t/p/w500/lRQiJXETkCnVVurHmglNvMXrZOx.jpg
Warcraft - O Primeiro Encontro de Dois Mundos,Warcraft,Two worlds. One home.,Duncan Jones,2016,"Action, Adventure, Fantasy","video game, chase, orcs, elves, magic, based on comic, world of warcraft, sorcerer, fictional war, based on video game, wizard, fictional language, live action and animation, muscles, sword and sorcery",https://image.tmdb.org/t/p/w500/nZIIOs06YigBnvmlJ2hxZeA8eTO.jpg
Sim Senhor,Yes Man,One Word Can Change Everything.,Peyton Reed,2008,"Comedy, Romance","bungee-jump, scooter",https://image.tmdb.org/t/p/w500/16zVbgFLTUaUTG1wQHuGjfWNuDM.jpg
Príncipe da Pérsia: As Areias do Tempo,Prince of Persia: The Sands of Time,Defy the Future,Mike Newell,2010,"Adventure, Fantasy, Action","persia, sandstorm, brother against brother, armageddon, based on video game",https://image.tmdb.org/t/p/w500/lkp1GFmWyf7k2WKvKIQuuGyichI.jpg
João e Maria: Caçadores de Bruxas,Hansel & Gretel: Witch Hunters,Classic tale. New twist.,Tommy Wirkola,2013,"Fantasy, Horror, Action","witch, gun, black magic, troll, steampunk, witchcraft, evil, witch hunt, evil witch, duringcreditsstinger, nude swimming",https://image.tmdb.org/t/p/w500/j343Rpj3WeNvP0SV80zveve70io.jpg
Pokémon: Detetive Pikachu,Pokémon Detective Pikachu,Partner Up!,Rob Letterman,2019,"Action, Adventure, Fantasy","amnesia, detective, car crash, pocket monsters, whodunit, based on video game, missing person, missing parent, buddy comedy, neo-noir, live action and animation, pikachu character",https://image.tmdb.org/t/p/w500/wgQ7APnFpf1TuviKHXeEe3KnsTV.jpg
O Poço,El hoyo,,Galder Gaztelu-Urrutia,2019,"Drama, Science Fiction, Thriller","dystopia, survival, struggle for survival, secret prison, food shortage, social experiment",https://image.tmdb.org/t/p/w500/8ZX18L5m6rH5viSYpRnTSbb9eXh.jpg
Sobrenatural,Insidious,It's not the House that's Haunted.,James Wan,2011,"Horror, Thriller","medium, evil spirit, house warming, aftercreditsstinger, insidious, supernatural power",https://image.tmdb.org/t/p/w500/tmlDFIUpGRKiuWm9Ixc6CYDk4y0.jpg
O Último Samurai,The Last Samurai,"In the face of an enemy, in the heart of one man, lies the soul of a warrior.",Edward Zwick,2003,"Drama, Action, War","japan, samurai, swordplay, general, sense of guilt, war veteran, sword, war crimes, loss of loved one, self-discovery, arms deal, homeland, katana, emperor, language barrier, mountain village, foreign legion, insurgence, mercenary, campaign, leader, war strategy, gettysburg, slaughter, soldier, period drama, alcoholic, u.s. soldier, japanese army, warrior, 19th century, war trauma",https://image.tmdb.org/t/p/w500/lsasOSgYI85EHygtT5SvcxtZVYT.jpg
Megamente,Megamind,His brain is off the chain.,Tom McGrath,2010,"Animation, Action, Comedy, Family, Science Fiction","prison, fish, saving the world, date, gun, secret identity, superhero, anti hero, dna, mayor, museum, rain, one-sided love, anthropomorphism, reporter, duringcreditsstinger, alien baby, stronger villain, invincible",https://image.tmdb.org/t/p/w500/uZ9ytt3sPTx62XTfN56ILSuYWRe.jpg
Os Mercenários 2,The Expendables 2,Back for War.,Simon West,2012,"Action, Adventure, Thriller","airplane, loss of loved one, airplane crash, beard, wisecrack humor, airport lounge, asian woman",https://image.tmdb.org/t/p/w500/4EBO8aIeP2bF1jGpwbuRS4CFMca.jpg
RED: Aposentados e Perigosos,RED,Still armed. Still dangerous. Still got it.,Robert Schwentke,2010,"Action, Adventure, Comedy, Crime, Thriller","assassin, cia, undercover agent, kidnapping, assault rifle, retirement, based on comic, shootout, sniper rifle, explosion, retired, female spy, government agent, undercover operation, black ops, first date",https://image.tmdb.org/t/p/w500/8eeK3OB5PeSRQD7BpZcGZKkehG.jpg
Mulan,Mulan,Loyal. Brave. True.,Niki Caro,2020,"Adventure, Fantasy, Drama, Action","martial arts, hero, china, fake identity, honor, east asian lead, heroine, based on myths, legends or folklore, live action and animation, chinese girl, live action remake",https://image.tmdb.org/t/p/w500/aKx1ARwG55zZ0GpRvU2WrGrCG9o.jpg
Raya e o Último Dragão,Raya and the Last Dragon,A quest to save her world.,"Don Hall, Carlos López Estrada, Paul Briggs, John Ripa",2021,"Animation, Family, Fantasy, Action, Adventure","kung fu, sword, warrior woman, female protagonist, dragon, vietnamese, south asian, warrior",https://image.tmdb.org/t/p/w500/lPsD10PP4rgUGiGR4CCXA6iY0QQ.jpg
Mãe!,mother!,Seeing is believing,Darren Aronofsky,2017,"Drama, Thriller, Horror","husband wife relationship, nightmare, nihilism, chaos, pregnancy, bible, house, vandalism, cult, surrealism, writer, nature, death, madness, stranger, chaotic, forbidden fruit, mother nature, uninvited guest",https://image.tmdb.org/t/p/w500/2yOKarmL8B4oXaLXUdHu882SUbu.jpg
Cinderela,Cinderella,The greatest love story ever told.,"Clyde Geronimi, Wilfred Jackson, Hamilton Luske",1950,"Family, Fantasy, Animation, Romance","princess, based on novel or book, loss of loved one, mouse, ball, fairy, prince, musical, midnight, love, orphan, family, evil stepmother, stepsister, fairy godmother, cendrillon",https://image.tmdb.org/t/p/w500/avz6S9HYWs4O8Oe4PenBFNX4uDi.jpg
Tarzan,Tarzan,An immortal legend. As you've only imagined.,"Chris Buck, Kevin Lima",1999,"Family, Adventure, Animation, Drama","baby, africa, gorilla, adoption, feral child, tarzan, nest, anthropomorphism, jungle, camp, orphan",https://image.tmdb.org/t/p/w500/bTvHlcqiOjGa3lFtbrTLTM3zasY.jpg
Sempre ao Seu Lado,Hachi: A Dog's Tale,"A true story of faith, devotion and undying love.",Lasse Hallström,2009,"Drama, Family","friendship, loyalty, pet, human animal relationship, family relationships, friends, dog, newspaper reporter, family dog, waiting, pets",https://image.tmdb.org/t/p/w500/lsy3aEsEfYIHdLRk4dontZ4s85h.jpg
Oz: Mágico e Poderoso,Oz the Great and Powerful,"In Oz, nothing is what it seems.",Sam Raimi,2013,"Fantasy, Adventure, Family","witch, magic, circus, hope, illusion, magic trick, wizard, based on young adult novel",https://image.tmdb.org/t/p/w500/tkzfAUEKoUp4YFNbZV9hfpZOz0z.jpg
O Enigma de Outro Mundo,The Thing,Man is The Warmest Place to Hide.,John Carpenter,1982,"Horror, Mystery, Science Fiction","spacecraft, space marine, based on novel or book, isolation, mutation, paranoia, snowstorm, research station, alien life-form, alien, remake, creature, helicopter pilot, antarctica, shape shifting alien, alien infection, sled dogs, alien monster, alien parasites, isolated place, uncertainty, body horror, ambiguity",https://image.tmdb.org/t/p/w500/tzGY49kseSE9QAKk47uuDGwnSCu.jpg
A Origem dos Guardiões,Rise of the Guardians,You better believe.,Peter Ramsey,2012,"Family, Animation, Fantasy, Action, Adventure","new york city, friendship, amnesia, santa claus, cartoon, easter bunny, boogeyman, jack frost, duringcreditsstinger, christmas",https://image.tmdb.org/t/p/w500/sW4qOa9yF0Ikg7lppncQ0n5UhKX.jpg
A Série Divergente: Convergente,Allegiant,Break the boundaries of your world,Robert Schwentke,2016,"Adventure, Science Fiction, Action, Mystery","based on novel or book, revolution, dystopia, sequel, based on young adult novel",https://image.tmdb.org/t/p/w500/ijpRQOwZzGy0vb3Uqmk2Naug1C0.jpg
Star Trek: Sem Fronteiras,Star Trek Beyond,,Justin Lin,2016,"Action, Adventure, Science Fiction","spacecraft, sequel, stranded, hatred, lgbt, space opera, gay theme",https://image.tmdb.org/t/p/w500/yOnd3XQIg7JBmu0UuBjZyLdsxQD.jpg
Velozes & Furiosos: Desafio em Tóquio,The Fast and the Furious: Tokyo Drift,"On the streets of Tokyo, speed needs no translation.",Justin Lin,2006,"Action, Crime, Drama, Thriller","car race, car journey, car mechanic, car garage, auto-tuning, street race, drifting, tokyo, japan",https://image.tmdb.org/t/p/w500/46xqGOwHbh2TH2avWSw3SMXph4E.jpg
O Virgem de 40 Anos,The 40 Year Old Virgin,"The longer you wait, the harder it gets.",Judd Apatow,2005,"Comedy, Romance","first time, virgin, male friendship, co-workers relationship, poker game, sex comedy, virginity, sex",https://image.tmdb.org/t/p/w500/mVeoqL37gzhMXQVpONi9DGOQ3tZ.jpg
Invasão a Casa Branca,Olympus Has Fallen,When our flag falls our nation will rise.,Antoine Fuqua,2013,"Action, Thriller","usa president, washington dc, usa, the white house, secret service, terrorist attack, north korea",https://image.tmdb.org/t/p/w500/ei2qjTiDpgKGuoSEntPCSAIhuvQ.jpg
Nobody,Nobody,Never underestimate a nobody.,Ilya Naishuller,2021,"Action, Crime, Thriller","assassin, double life, midlife crisis, bratva (russian mafia), secret organization, thief, home invasion, family, duringcreditsstinger",https://image.tmdb.org/t/p/w500/oBgWY00bEFeZ9N25wWVyuQddbAo.jpg
A Escolha Perfeita,Pitch Perfect,Get pitch slapped.,Jason Moore,2012,"Comedy, Music, Romance","competition, roommate, college, female friendship, misfit, hazing, university, audition, group of friends, dorm room, bickering, dj, singing competition, film score, young adult, acapella, music movie",https://image.tmdb.org/t/p/w500/ntRIoh8Qf1BI1AYGx0STfq0wUmb.jpg
Depois da Terra,After Earth,"Danger is real, fear is a choice",M. Night Shyamalan,2013,"Science Fiction, Action, Adventure",dystopia,https://image.tmdb.org/t/p/w500/iXMvYIlzzJBs352CfeiQcBvovZt.jpg
O Irlandês,The Irishman,His story changed history,Martin Scorsese,2019,"Crime, Drama, History","chicago, illinois, philadelphia, pennsylvania, based on novel or book, hitman, pennsylvania, usa, gangster, 1970s, irish-american, male friendship, aging, family relationships, murder, organized crime, mafia, religion, sicilian mafia, nonlinear timeline, labor union, 1950s, 1960s, mob family, jimmy hoffa, voiceover, father daughter relationship, criminal as protagonist, killer as protagonist",https://image.tmdb.org/t/p/w500/mbm8k3GFhXS0ROd9AD1gqYbIFbM.jpg
Busca Implacável 2,Taken 2,First they took his daughter. Now they're coming for him.,Olivier Megaton,2012,"Action, Crime, Thriller","kidnapping, fbi, turkey, police chase, teenage daughter, stealing a car, ex-husband ex-wife relationship, albanian, u.s. embassy",https://image.tmdb.org/t/p/w500/yzAlcuJhpnxRPjaj7AHBRbNPQCJ.jpg
Super 8,Super 8,It Arrives.,J.J. Abrams,2011,"Thriller, Science Fiction, Mystery","1970s, alien, train crash, firecracker, super 8mm footage, duringcreditsstinger",https://image.tmdb.org/t/p/w500/sytFL6ALMAesKZoarlp7bIDKnns.jpg
Lion: Uma Jornada para Casa,Lion,The search begins,Garth Davis,2016,Drama,"australia, based on novel or book, adoption, biography, based on true story, india, missing child, long lost relative, tasmania, street child",https://image.tmdb.org/t/p/w500/iBGRbLvg6kVc7wbS8wDdVHq6otm.jpg
Um Senhor Estagiário,The Intern,Experience never gets old.,Nancy Meyers,2015,Comedy,"new york city, friendship, san francisco, california, office, masseuse, website, tai chi, internet, fish out of water, brooklyn, new york city, business start-up, driver, senior citizen, ceo, father figure, intern, social media, gentleman, woman director, city life, chivalry, retired life, professional woman, internship, e-comm, retailer, elderly widower, online store",https://image.tmdb.org/t/p/w500/9UoAC9tu8kIyRy8AcJnGhnH0gOH.jpg
A Lenda do Cavaleiro Sem Cabeça,Sleepy Hollow,Heads Will Roll,Tim Burton,1999,"Drama, Fantasy, Thriller, Mystery, Horror","small town, steampunk, 19th century, headless horseman",https://image.tmdb.org/t/p/w500/1GuK965FLJxqUw9fd1pmvjbFAlv.jpg
Rio,Rio,1 out of every 8 Americans is afraid of flying. Most of them don't have feathers.,Carlos Saldanha,2011,"Animation, Adventure, Comedy, Family","rio de janeiro, pet, carnival, parrot, musical, canary, jungle, samba, animal, duringcreditsstinger, pets, cartoon bird, brazilian cinema",https://image.tmdb.org/t/p/w500/BSZ2dA3G369e3pHIXGhh5orzPt.jpg
A Proposta,The Proposal,Here comes the bribe...,Anne Fletcher,2009,"Comedy, Romance, Drama","fictitious marriage, deportation, immigration law, romantic comedy, alaska, co-workers relationship, humiliation, book editor, fake boyfriend, valentine's day, duringcreditsstinger, woman director, pretend relationship",https://image.tmdb.org/t/p/w500/aEqtJDj8MvSDQwzggvcOfFTZMw.jpg
Missão: Impossível 3,Mission: Impossible III,The mission begins 05:05:06.,J.J. Abrams,2006,"Adventure, Action, Thriller","mask, mission, berlin, germany, cia, computer, the white house, shanghai, china, funeral, explosive, secret mission, spy, vatican, secret identity, traitor, map, honeymoon, pretended murder, letter, covered investigation, secret agent, stamp, hard drive, e-mail, decipherment, suitcase, revenge, murder, hospital, duel, disguise, celebration, research laboratory, blast",https://image.tmdb.org/t/p/w500/3VianLpu8hhmq4TTItKPaCtA5su.jpg
Midsommar: O Mal Não Espera a Noite,Midsommar,Let the festivities begin.,Ari Aster,2019,"Horror, Drama, Mystery","ritual, paranoia, sweden, melancholy, cult, hallucinogenic drug, magic mushroom, anthropology, human sacrifice, paganism, death of family, macabre, boyfriend girlfriend relationship, midsummer, cultural conflict, mysterious, bad trip, folk horror, toxic relationship, midnight sun, isolated community, summer festival, traumatized woman, introspective, violence, ambiguous",https://image.tmdb.org/t/p/w500/7LEI8ulZzO5gy9Ww2NVCrKmHeDZ.jpg
Pânico,Scream,Someone has taken their love of scary movies one step too far.,Wes Craven,1996,"Crime, Horror, Mystery","high school, small town, riddle, killing, halloween, house party, serial killer, school, slasher, whodunit, killing spree, phone, tabloid, news reporter, self-referential, crime spree, halloween costume, young adult, teenager",https://image.tmdb.org/t/p/w500/aXAByjBN8UhaYvotqRCwa5MsMGu.jpg
Ad Astra: Rumo às Estrelas,Ad Astra,The answers we seek are just outside our reach,James Gray,2019,"Science Fiction, Drama","moon, planet mars, loss of loved one, astronaut, moon colony, solar system, father son relationship, near future, planet neptune, space walk",https://image.tmdb.org/t/p/w500/xBHvZcjRiWyobQ9kxBhO6B2dtRI.jpg
Missão: Impossível 2,Mission: Impossible II,Expect the impossible again.,John Woo,2000,"Adventure, Action, Thriller","dying and death, island, cia, helicopter, computer, spain, undercover, skyscraper, secret mission, spy, secret identity, ex-lover, secret agent, duel, lethal virus, rescue team, agent, research laboratory",https://image.tmdb.org/t/p/w500/7us8nE3ldE0gX2cziUz4tKg0Go0.jpg
Os Fantasmas se Divertem,Beetlejuice,He's guaranteed to put some life in your afterlife.,Tim Burton,1988,"Fantasy, Comedy","skeleton, afterlife, calypso, supernatural, arts, halloween, haunted house, minister, possession, giant snake, surrealism, child bride, teenage girl, gothic, death, madness, dead, ghost, property",https://image.tmdb.org/t/p/w500/nnl6OWkyPpuMm595hmAxNW3rZFn.jpg
A Nova Onda do Imperador,The Emperor's New Groove,It's all about... ME!,Mark Dindal,2000,"Adventure, Animation, Comedy, Family, Fantasy","central and south america, kingdom, birthday, peru, emperor, palace, berater, breaking the fourth wall, incan empire, assassination attempt, 15th century, llama",https://image.tmdb.org/t/p/w500/wwbgkXQBEKtnyIJapk6gUgWkVw8.jpg
Extermínio,28 Days Later,His fear began when he woke up alone. His terror began when he realised he wasn't.,Danny Boyle,2002,"Horror, Thriller, Science Fiction","daughter, taxi, london, england, submachine gun, gas station, infection, outbreak, survival, laboratory, hospital, zombie, brutality, church, rage, epidemic, military, virus, waking from coma, animal research, brutal violence",https://image.tmdb.org/t/p/w500/sQckQRt17VaWbo39GIu0TMOiszq.jpg
O Exterminador do Futuro 3: A Rebelião das Máquinas,Terminator 3: Rise of the Machines,The Machines Will Rise.,Jonathan Mostow,2003,"Action, Thriller, Science Fiction","man vs machine, artificial intelligence (a.i.), saving the world, leather jacket, cyborg, killer robot, dystopia, nanotechnology, rocket launcher, veterinarian, fire engine, villain, time travel, psychiatrist, urban setting, female villain, firefighter, action hero, 2030s, good versus evil, terminator",https://image.tmdb.org/t/p/w500/qAnafzrd9Y5pVTWAP0tSDDMPzTR.jpg
A Incrível História de Adaline,The Age of Adaline,Love is timeless.,Lee Toland Krieger,2015,"Romance, Fantasy, Drama","immortality, san francisco, california, love, forever",https://image.tmdb.org/t/p/w500/MbILysGhjAbnZi1Okae9wYqLMx.jpg
Gangues de Nova York,Gangs of New York,Freedom was born in the streets,Martin Scorsese,2002,"Drama, History, Crime","rescue, immigrant, ship, fire, army, pickpocket, pig, irish-american, gang war, gang of thieves, butcher, gang, 19th century, american history",https://image.tmdb.org/t/p/w500/lemqKtcCuAano5aqrzxYiKC8kkn.jpg
A Freira,The Nun,Pray For Forgiveness,Corin Hardy,2018,"Horror, Mystery, Thriller","rome, italy, nun, supernatural, exorcism, father, priest, spirit, demon, spin off, evil nun, demonic possession, romania, murder mystery, ancient evil, the conjuring universe",https://image.tmdb.org/t/p/w500/sFC1ElvoKGdHJIWRpNB3xWJ9lJA.jpg
"Jogos, Trapaças e Dois Canos Fumegantes","Lock, Stock and Two Smoking Barrels",A Disgrace to Criminals Everywhere.,Guy Ritchie,1998,"Comedy, Crime","ambush, joint, alcohol, shotgun, tea, machismo, rifle, cocktail, pot smoking, marijuana, hatchet, antique, cardsharp, anger, carjacking, piano, strip show, high stakes",https://image.tmdb.org/t/p/w500/8kSerJrhrJWKLk1LViesGcnrUPE.jpg
300: A Ascensão do Império,300: Rise of an Empire,Seize your glory!,Noam Murro,2014,"Action, Drama, War","based on comic, sword fight, soldier, massacre, slow motion, based on graphic novel, ancient greece, duringcreditsstinger, sea battle, hand to hand combat, naval warfare, ancient warfare, sparta greece, warriors, 5th century bc, athenian, sword and sandal, god king, sword and shield",https://image.tmdb.org/t/p/w500/wYDdWN1McB1Sio4z1dPSkb40Z78.jpg
Duro de Matar: Um Bom Dia para Morrer,A Good Day to Die Hard,Yippee Ki-Yay Mother Russia,John Moore,2013,"Action, Thriller","cia, escape, bomb, courthouse, agent, rogue, moscow, russia",https://image.tmdb.org/t/p/w500/evxtv4e8Amm436Y5rW16RkGu8pX.jpg
Simplesmente Amor,Love Actually,The Ultimate Romantic Comedy.,Richard Curtis,2003,"Comedy, Romance, Drama","london, england, usa president, rock star, school performance, love at first sight, holiday, war on terror, marseille, france, office, christmas party, language barrier, prime minister, press conference, bars and restaurants, valentine's day, heathrow airport, multiple storylines, christmas",https://image.tmdb.org/t/p/w500/7QPeVsr9rcFU9Gl90yg0gTOTpVv.jpg
Uma Noite de Crime: Anarquia,The Purge: Anarchy,Welcome to America where one night a year all crime is legal,James DeMonaco,2014,"Horror, Thriller","sniper, psychopath, bus, assault rifle, machete, sequel, revenge, murder, rampage, motorcycle, masked man, death, survival horror, martyr, gatling gun, purge",https://image.tmdb.org/t/p/w500/f2HD5iVhJWWv72QVWThUKk09zYy.jpg
Sobre Meninos e Lobos,Mystic River,"We bury our sins, we wash them clean.",Clint Eastwood,2003,"Thriller, Crime, Drama, Mystery","child abuse, sexual abuse, workers' quarter, based on novel or book, loss of loved one, suppressed past, boston, massachusetts, repayment, arbitrary law, loyalty, massachusetts, whodunit, guilt, childhood sexual abuse, vengeance, poker race, massachusetts, usa, sex abuse",https://image.tmdb.org/t/p/w500/1tyi6RZzbJ9bE0g0GUf6Q7BWLvv.jpg
Alice Através do Espelho,Alice Through the Looking Glass,It's time for a little madness.,James Bobin,2016,"Adventure, Family, Fantasy","based on novel or book, clock, queen, sequel, psychotic, dark fantasy, aftercreditsstinger, duringcreditsstinger, disturbed, insecure, mad hatter, live action remake, mischievous, absurd, demeaning, derogatory, disdainful, disgusted, disheartening",https://image.tmdb.org/t/p/w500/4g043PWVXkjHkxEEsEfwuAxlM8i.jpg
Mamma Mia!,Mamma Mia!,Take a trip down the aisle you'll never forget,Phyllida Lloyd,2008,"Comedy, Romance","single parent, parent child relationship, greece, musical, romantic comedy, based on play or musical, single, based on song, poem or rhyme, hotel manager, greek island, duringcreditsstinger, woman director, mother daughter relationship, lgbt interest, jukebox musical, abba, music movie",https://image.tmdb.org/t/p/w500/zdUA4FNHbXPadzVOJiU0Rgn6cHR.jpg
Capitão Fantástico,Captain Fantastic,He Prepared Them for Everything Except the Outside World.,Matt Ross,2016,"Adventure, Drama","parent child relationship, new mexico, socialism, wilderness, road trip, family relationships, survivalist, homeschooling, in-laws, mental illness, death of mother, washington state, bohemian, school bus, isolated house, naturalist, off the grid, death of wife, social isolation, noam chomsky, living off the grid, pacific northwest",https://image.tmdb.org/t/p/w500/2sFME73GaD8UsUxPUKe60cPdLif.jpg
O Exterminador do Futuro: A Salvação,Terminator Salvation,The End Begins.,McG,2009,"Action, Science Fiction, Thriller","army, artificial intelligence (a.i.), saving the world, prophecy, san francisco, california, gas station, cyborg, killer robot, dystopia, firearm, post-apocalyptic future, wartime, los angeles, california, terminator",https://image.tmdb.org/t/p/w500/gw6JhlekZgtKUFlDTezq3j5JEPK.jpg
Sangue Negro,There Will Be Blood,There will be greed. There will be vengeance.,Paul Thomas Anderson,2007,Drama,"california, petrol, sibling relationship, based on novel or book, capitalism, pastor, deaf-mute, american dream, narcissism, fanatic, father, baptism, misanthrophy, money, oil, religion, church, killer, alcoholic, oil industry, child abandonment, character study, bowling alley, sign languages, adopted son, 1900s, personality change, pipeline, milkshake, oilfields",https://image.tmdb.org/t/p/w500/fa0RDkAlCec0STeMNAhPaF89q6U.jpg
Batman: O Retorno,Batman Returns,"The Bat, the Cat, the Penguin.",Tim Burton,1992,"Action, Fantasy","double life, corruption, darkness, crime fighter, superhero, hallucination, villain, christmas tree, based on comic, revenge, vigilante, dark hero, super power, super villain, deformed, bird cage, evil circus, christmas, good versus evil, burton",https://image.tmdb.org/t/p/w500/jKBjeXM7iBBV9UkUcOXx3m7FSHY.jpg
Caça-Fantasmas,Ghostbusters,Who You Gonna Call?,Paul Feig,2016,"Action, Fantasy, Comedy","female friendship, ghost hunting, reboot, ghost",https://image.tmdb.org/t/p/w500/wJmWliwXIgZOCCVOcGRBhce7xPS.jpg
Vidas em Jogo,The Game,What do you get for the man who has everything?,David Fincher,1997,"Drama, Thriller, Mystery","suicide, sibling relationship, san francisco, california, birthday, gun, key, manipulation, restaurant, danger of life, birthday party, game, millionaire, surprising, trapped in an elevator, birthday present, investment banker, puzzlement",https://image.tmdb.org/t/p/w500/4UOa079915QjiTA2u5hT2yKVgUu.jpg
Rango,Rango,Heroes come in all different colors.,Gore Verbinski,2011,"Animation, Comedy, Family, Western, Adventure","hero, gunslinger, sheriff, nevada, mayor, pet, native american, water supply, outlaw, water shortage, spirit, mariachi, disillusionment, desert, construction, frontier town, small western town, animal life, animal protagonist, old west, high noon",https://image.tmdb.org/t/p/w500/oVeRl1SRADz74OrY97usmP1flLV.jpg
Pearl Harbor,Pearl Harbor,It takes a moment to change history. It takes love to change lives.,Michael Bay,2001,"War, History, Romance, Drama","army, airplane, nurse, patriotism, hawaii, world war ii, pilot, pearl harbor, u.s. air force, dyslexia, pacific war, love, pin-up",https://image.tmdb.org/t/p/w500/y8A0Cvp8WQmZ3bjbnsL53lY0dsC.jpg
X-Men: Fênix Negra,Dark Phoenix,The Phoenix will rise.,Simon Kinberg,2019,"Fantasy, Science Fiction, Action, Adventure","superhero, mutant, telekinesis, based on comic, superhero team, 1990s, cosmic",https://image.tmdb.org/t/p/w500/kZv92eTc0Gg3mKxqjjDAM73z9cy.jpg
É o Fim,This Is the End,Nothing ruins a party like the end of the world.,"Evan Goldberg, Seth Rogen",2013,"Action, Comedy","friendship, monster, panic, painting, exorcism, dark comedy, possession, satire, celebrity, friends, end of the world, house party, apocalypse, hollywood, creature, drugs, demon, self-referential, end, claustrophobic, other worldly, biblical, actor playing themself, pineapple express 2",https://image.tmdb.org/t/p/w500/7Wdc3etyBJA4432TYtz6n9GQd1c.jpg
Quero Matar Meu Chefe,Horrible Bosses,Ever wish your boss was dead?,Seth Gordon,2011,"Comedy, Crime","bad boss, employee, death of father, stakeout, duringcreditsstinger",https://image.tmdb.org/t/p/w500/uQkUwgyFHAm0jGQERPG6Z9o9Zbj.jpg
O Espanta Tubarões,Shark Tale,Behind every little fish is a great white lie.,"Bibo Bergeron, Vicky Jenson, Rob Letterman",2004,"Animation, Action, Comedy, Family","fish, secret love, hero, mission of murder, vegetarian, threat of death, anthropomorphism, shark, woman director",https://image.tmdb.org/t/p/w500/r08DpyPyhXcJTfNZAICNGMzcQ8l.jpg
Simplesmente Acontece,"Love, Rosie",Right Love. Wrong Time.,Christian Ditter,2014,"Romance, Drama, Comedy","friendship, based on novel or book, love, best friend, valentine's day, teenage pregnancy, friends in love, missed opportunity",https://image.tmdb.org/t/p/w500/rpD0t7DhzJVadnzgxSYrqljQTL2.jpg
A Lenda de Tarzan,The Legend of Tarzan,Human. Nature.,David Yates,2016,"Fantasy, Action, Adventure","africa, animal attack, feral child, tarzan, jungle",https://image.tmdb.org/t/p/w500/eJrfz178xBGlxjDGxnBXTzWWa4w.jpg
As Crônicas de Nárnia: Príncipe Caspian,The Chronicles of Narnia: Prince Caspian,Everything you know is about to change forever.,Andrew Adamson,2008,"Adventure, Family, Fantasy","witch, epic, sibling relationship, based on novel or book, faith, lion, wretch, prince, matter of life and death, uncle, family relationships, battle, based on children's book, fantasy world, 1940s, high fantasy, isekai, based on young adult novel, good versus evil",https://image.tmdb.org/t/p/w500/qxz3WIyjZiSKUhaTIEJ3c1GcC9z.jpg
Os Outros,The Others,Sooner or later they’ll find you.,Alejandro Amenábar,2001,"Horror, Mystery, Thriller","nightmare, suicide attempt, christianity, shotgun, servant, cemetery, world war ii, nanny, haunted house, bible, channel islands, mansion, soldier, gardener, photosensitivity, 1940s, spiritism, jersey island",https://image.tmdb.org/t/p/w500/p8g1vlTvpM6nr2hMMiZ1fUlKF0D.jpg
Janela Indiscreta,Rear Window,It only takes one witness to spoil the perfect crime.,Alfred Hitchcock,1954,"Thriller, Mystery","nurse, isolation, photographer, suspicion of murder, girlfriend, salesman, neighbor, whodunit, convalescence, voyeurism, voyeur, missing wife, homebound, psychotic obsessions, suspicious behavior, flower bed, visiting nurse, the boy who cried wolf, howdunnit, restricted setting",https://image.tmdb.org/t/p/w500/qitnZcLP7C9DLRuPpmvZ7GiEjJN.jpg
O Predestinado,Predestination,To save the future he must reshape the past.,"Michael Spierig, Peter Spierig",2014,"Science Fiction, Thriller","mission, orphanage, pregnancy, bomber, secret organization, time travel, bartender, time machine, intersexuality, terrorism, loner, time paradox, intersex, temporal agent",https://image.tmdb.org/t/p/w500/38Xr1JnV1ZcLQ55zmdSp6n475cZ.jpg
Inferno,Inferno,His greatest challenge. Humanity's last hope.,Ron Howard,2016,"Mystery, Thriller, Action","amnesia, based on novel or book, italy, europe, sequel, murder, conspiracy, religion, church, virus, symbology",https://image.tmdb.org/t/p/w500/dtMJQzCxw2AY6tfcxhzlFpiD3BM.jpg
Corrente do Mal,It Follows,"It doesn’t think, it doesn’t feel, it doesn’t give up.",David Robert Mitchell,2014,"Horror, Mystery","beach, chase, supernatural, friends, vision, teenage girl, school, detroit, michigan, evil, voyeurism, sexually transmitted disease, young adult, followed, ambiguity, ambiguous",https://image.tmdb.org/t/p/w500/iwnQ1JH1wdWrGYkgWySptJ5284A.jpg
O Impossível,The Impossible,Nothing is more powerful than the human spirit.,J.A. Bayona,2012,"Adventure, Drama, Thriller","human vs nature, natural disaster, thailand, tsunami, historical fiction, family vacation, struggle for survival, survival horror, tidal wave, catastrophe, swept away, separation from family, boxing day, disaster movie, man vs nature",https://image.tmdb.org/t/p/w500/k0DLCiDbnYywOHiISALbl2EH2NE.jpg
Um Sonho Possível,The Blind Side,Based on the extraordinary true story,John Lee Hancock,2009,Drama,"sports, american football, adoption, private school, education, based on true story, memphis, tennessee, duringcreditsstinger, christian, high school football",https://image.tmdb.org/t/p/w500/bMgq7VBriuBFknXEe9E9pVBYGZq.jpg
Projeto X: Uma Festa Fora de Controle,Project X,Witness it,Nima Nourizadeh,2012,Comedy,"high school, birthday, birthday party, house party, teen movie, high school student, fake documentary",https://image.tmdb.org/t/p/w500/lUPDGT3lyRrq8SvWuNWG2DP64bR.jpg
Fúria de Titãs,Clash of the Titans,Titans will clash.,Louis Leterrier,2010,"Adventure, Fantasy, Action","hades, mythology, greek mythology, zeus, mythological beast, medusa, sea monster, perseus, kraken, gods, ancient greece, based on myths, legends or folklore",https://image.tmdb.org/t/p/w500/6iHYLipwEyZUPNO8MM3l1yHDaFE.jpg
Atômica,Atomic Blonde,Talents can be overrated.,David Leitch,2017,"Action, Thriller","berlin, germany, undercover agent, undercover, germany, spy, cold war, stasi, bisexuality, vodka, kgb, europe, double agent, based on comic, murder, mi6, murder investigation, ddr",https://image.tmdb.org/t/p/w500/kV9R5h0Yct1kR8Hf8sJ1nX0Vz4x.jpg
Treze Homens e um Novo Segredo,Ocean's Thirteen,What are the odds of getting even? 13 to one.,Steven Soderbergh,2007,"Crime, Thriller","casino, heist, thief, revenge, las vegas, pretending to be rich, labor strike",https://image.tmdb.org/t/p/w500/3so07ghzmtbyhpFfzTucEnlfYRO.jpg
O Agente da U.N.C.L.E.,The Man from U.N.C.L.E.,Saving the world never goes out of style.,Guy Ritchie,2015,"Comedy, Action, Adventure","cia, spy, cold war, kgb, remake, buddy cop, russian spy, american spy",https://image.tmdb.org/t/p/w500/zkacOORjKJxRswDurffyvkMwriS.jpg
A Lenda do Tesouro Perdido,National Treasure,The greatest adventure history has ever revealed.,Jon Turteltaub,2004,"Adventure, Action, Thriller, Mystery","new york city, treasure, philadelphia, pennsylvania, washington dc, usa, riddle, fbi, translation, expedition, secret society, family history, wall street, treasure hunt, historical figure, church, archaeologist, revisionist history, based on myths, legends or folklore, usa history, revolutionary war, aircraft carrier, father son conflict, father son relationship, decipher, anxious, hidden history, lincoln memorial, history and legacy, fictionalized history, national archives, archaeology, ben franklin, declaration of independence, secret history, arctic circle, historical artifacts, independence hall, constitution of the united states",https://image.tmdb.org/t/p/w500/pxL6E4GBOPUG6CdkO9cUQN5VMwI.jpg
Noé,Noah,The end of the world is just the beginning.,Darren Aronofsky,2014,"Drama, Adventure","genesis, fairy tale, bible, god, apocalypse, flood, old testament, noah, noah's ark",https://image.tmdb.org/t/p/w500/trtD17IqSWV9Nbn4OILztc9GuCX.jpg
Jackie Brown,Jackie Brown,Six players on the trail of a half million in cash. There's only one question... Who's playing who?,Quentin Tarantino,1997,Crime,"airport, based on novel or book, police, arms deal, stewardess, heist, money, los angeles, california, drugs, ex-con, flight attendant, neo-noir",https://image.tmdb.org/t/p/w500/ewbLUXvm4riZL0aepy90o0vMesn.jpg
O Predador: A Caçada,Prey,They hunt to live. It lives to hunt.,Dan Trachtenberg,2022,"Thriller, Action, Science Fiction","hunter, native american, alien life-form, alien, prequel, decapitation, bear, dog, severed foot, bear attack, comanche, human vs alien, indigenous peoples, severed arm, dog hero, great plains",https://image.tmdb.org/t/p/w500/ujr5pztc1oitbe7ViMUOilFaJ7s.jpg
Gremlins,Gremlins,"Don't get him wet, keep him out of bright light, and never NEVER feed him after midnight.",Joe Dante,1984,"Fantasy, Horror, Comedy","small town, monster, holiday, department store, pet, human animal relationship, bars and restaurants, sunlight, chain saw, salesperson, midnight, fur, gremlin, banking, ymca, puppet, puppetry, christmas, pets",https://image.tmdb.org/t/p/w500/3iUgvvtB01BuTntPOBcG64kYk6y.jpg
Como Treinar o Seu Dragão 3,How to Train Your Dragon: The Hidden World,The friendship of a lifetime,Dean DeBlois,2019,"Animation, Family, Adventure","based on novel or book, flying, viking, sequel, overpopulation, dragon, love interest, based on children's book",https://image.tmdb.org/t/p/w500/xvx4Yhf0DVH8G4LzNISpMfFBDy2.jpg
Rain Man,Rain Man,A journey through understanding and fellowship.,Barry Levinson,1988,Drama,"mentally disabled, individual, loss of loved one, yuppie, autism, car dealer, egocentrism, convertible, road trip, blackjack, cincinnati, travel, las vegas, psychiatrist, disability, mentally handicapped man, duringcreditsstinger, asperger's syndrome, suppressed memory, forgotten memory, savant",https://image.tmdb.org/t/p/w500/iTNHwO896WKkaoPtpMMS74d8VNi.jpg
101 Dálmatas,One Hundred and One Dalmatians,The Canine Caper of the Century,"Clyde Geronimi, Hamilton Luske, Wolfgang Reitherman",1961,"Adventure, Animation, Comedy, Family","london, england, puppy, dog, dalmatian, female villain, pets",https://image.tmdb.org/t/p/w500/mRY84MJeWKnp9joev82QtslJFvk.jpg
Mogli: O Menino Lobo,The Jungle Book,The Jungle is JUMPIN'!,Wolfgang Reitherman,1967,"Family, Animation, Adventure","based on novel or book, narration, human animal relationship, musical, feral child, anthropomorphism, jungle, orphan, india, animal lead",https://image.tmdb.org/t/p/w500/yN1kuupnPTLUprgfvC5WapgrxG4.jpg
Resident Evil: O Hóspede Maldito,Resident Evil,A secret experiment. A deadly virus. A fatal mistake.,Paul W.S. Anderson,2002,"Horror, Action, Science Fiction","biological weapon, quarantine, amnesia, undercover, dystopia, mutant, hologram, flashback, conspiracy, zombie, special forces, based on video game",https://image.tmdb.org/t/p/w500/1UKNef590A0ZaMnxsscIcWuK1Em.jpg
Kick-Ass 2,Kick-Ass 2,You Can't Fight Your Destiny.,Jeff Wadlow,2013,"Action, Adventure, Crime","secret identity, crime fighter, superhero, based on comic, aftercreditsstinger, teen superhero",https://image.tmdb.org/t/p/w500/1go2A3gdQjaMuHWquybgoJlQRcX.jpg
Gattaca: A Experiência Genética,Gattaca,There is no gene for the human spirit.,Andrew Niccol,1997,"Thriller, Science Fiction, Mystery, Romance","genetics, cheating, paraplegic, suicide attempt, hostility, dystopia, dna, new identity, investigation, heart disease, spaceman, fake identity, blood sample, biotechnology, space mission, exercise, eugenics",https://image.tmdb.org/t/p/w500/eSKr5Fl1MEC7zpAXaLWBWSBjgJq.jpg
Meu Namorado é um Zumbi,Warm Bodies,Cold body. Warm heart.,Jonathan Levine,2013,"Horror, Comedy, Romance","based on novel or book, dystopia, post-apocalyptic future, zombie, shakespeare in modern dress, zombie apocalypse, interspecies romance, based on young adult novel",https://image.tmdb.org/t/p/w500/pvVpl38YOBDOANb0pWbXFb8X3iZ.jpg
Os Bad Boys,Bad Boys,Whatcha gonna do?,Michael Bay,1995,"Action, Comedy, Crime, Thriller","miami, florida, mexican standoff, male friendship, witness protection, stripper, car crash, strip club, internal affairs, police corruption, gunfight, foot chase, drug lord, murder investigation, hangar, loose cannon, buddy cop, male camaraderie, narcotics detective, action hero, buddy movie, murder witness, buddy detective duo, stolen drugs, police partners",https://image.tmdb.org/t/p/w500/x1ygBecKHfXX4M2kRhmFKWfWbJc.jpg
"Com Amor, Simon","Love, Simon",Everyone deserves a great love story.,Greg Berlanti,2018,"Comedy, Drama, Romance","coming out, sexual identity, high school, based on novel or book, sexuality, class, coming of age, bully, love, teen movie, male homosexuality, lgbt, lgbt teen, based on young adult novel, gay theme, boys' love (bl)",https://image.tmdb.org/t/p/w500/5YUYg5q7QfC4IoNwNUtiwdiYKPr.jpg
Annabelle,Annabelle,"Before the Conjuring, there was Annabelle.",John R. Leonetti,2014,Horror,"prequel, evil doll, killer doll, spirit, demon, spin off, doll, demonic possession, ghost, killer toys, toy comes to life, the conjuring universe",https://image.tmdb.org/t/p/w500/yLsuU2P2SpDYFwtZQ7dtfVAf6TE.jpg
Dupla Explosiva,The Hitman's Bodyguard,Everyone's out to get them... If they don't kill each other first.,Patrick Hughes,2017,"Action, Comedy","assassin, court, england, hitman, bodyguard, travel, on the run, criminal, killer, courtroom, opposites attract, buddy comedy, testify",https://image.tmdb.org/t/p/w500/5CGjlz2vyBhW5xHW4eNOZIdgzYq.jpg
Transformers: O Último Cavaleiro,Transformers: The Last Knight,Two worlds collide. One survives.,Michael Bay,2017,"Action, Adventure, Science Fiction","england, based on toy, knight, robot, transformers",https://image.tmdb.org/t/p/w500/s5HQf2Gb3lIO2cRcFwNL9sn1o1o.jpg
A Morte te Dá Parabéns,Happy Death Day,Get up. Live your day. Get killed. Again.,Christopher Landon,2017,"Horror, Mystery, Comedy","college, murder, time loop, young adult, college student, stabbed to death",https://image.tmdb.org/t/p/w500/cTaEIUYTt52ooq9quVbAQ7NpGwo.jpg
A.I.: Inteligência Artificial,A.I. Artificial Intelligence,"David is 11 years old. He weighs 60 pounds. He is 4 feet, 6 inches tall. He has brown hair. His love is real. But he is not.",Steven Spielberg,2001,"Drama, Science Fiction, Adventure","android, prostitute, artificial intelligence (a.i.), prophecy, loss of loved one, extraterrestrial technology, fairy tale, dystopia, adoption, ice age, prosecution, gigolo, hologram, alien, robot, destiny, capture, doppelgänger, robot boy",https://image.tmdb.org/t/p/w500/8MZSGX5JORoO72EfuAEcejH5yHn.jpg
O Chamado,The Ring,"Before you die, you see…",Gore Verbinski,2002,"Horror, Mystery","journalist, island, drowning, investigation, supernatural, horse, telephone, paranormal, remake, curse, cabin in the woods, ghost, well, videotape, mysterious death",https://image.tmdb.org/t/p/w500/e2t5CKMox7tjv3iD3Ko7NdFa5lJ.jpg
Lara Croft: Tomb Raider,Lara Croft: Tomb Raider,Born into Wealth. Groomed by the Elite. Trained for Combat.,Simon West,2001,"Adventure, Fantasy, Action, Thriller","buddhist monk, planetary alignment, angkor wat, illuminati, william blake, steampunk, female protagonist, archaeologist, based on video game, sled dogs, relic, archeology, time-manipulation, lunar eclipse",https://image.tmdb.org/t/p/w500/7WyMvoqPYJe5g1ENsbLTv40pUrX.jpg
Adoráveis Mulheres,Little Women,Own your story,Greta Gerwig,2019,"Drama, Romance","new york city, sibling relationship, based on novel or book, massachusetts, coming of age, remake, period drama, american civil war, christmas, 19th century, sister sister relationship, female writer, sisters",https://image.tmdb.org/t/p/w500/yn5ihODtZ7ofn8pDYfxCmxh8AXI.jpg
Malévola: Dona do Mal,Maleficent: Mistress of Evil,Go beyond the fairy tale,Joachim Rønning,2019,"Family, Fantasy, Adventure, Action","magic, fairy tale, fairy, villain, sequel, live action remake",https://image.tmdb.org/t/p/w500/vloNTScJ3w7jwNwtNGoG8DbTThv.jpg
Anjos da Noite,Underworld,An immortal battle for supremacy.,Len Wiseman,2003,"Fantasy, Action, Thriller","budapest, hungary, love of one's life, vampire, subway, hostility, bite, descendant, hybrid, rivalry, shootout, werewolf, gothic, dark fantasy, lycanthrope, urban gothic, supernatural power",https://image.tmdb.org/t/p/w500/zsnQ41UZ3jo1wEeemF0eA9cAIU0.jpg
Um Lugar Silencioso: Parte II,A Quiet Place Part II,Silence is not enough.,John Krasinski,2021,"Science Fiction, Thriller, Horror","island, post-apocalyptic future, radio transmission, alien life-form, death of father, child in peril, sequel, alien, flashback, psychological thriller, creature, alien invasion, parenting, family, survival horror, alien monster, human vs alien, sign languages, alien attack, hearing impaired, newborn baby, anxious, new york",https://image.tmdb.org/t/p/w500/4q2hz2m8hubgvijz8Ez0T2Os2Yv.jpg
Onde Está Segunda?,What Happened to Monday,Seven sisters. One identity.,Tommy Wirkola,2017,"Science Fiction, Thriller, Drama, Mystery, Action","chase, dystopia, investigation, fake identity, overpopulation, betrayal, conspiracy, execution, alternate reality, population control, secrecy, septuplets, 2070s",https://image.tmdb.org/t/p/w500/atOgZMJpMrTdpqvPiHVPfBhR61l.jpg
Dois Irmãos: Uma Jornada Fantástica,Onward,Their quest begineth.,Dan Scanlon,2020,"Family, Animation, Adventure, Comedy, Fantasy","elves, magic, dead father, dead parent, fantasy world, teenage protagonist, brother brother relationship",https://image.tmdb.org/t/p/w500/f4aul3FyD3jv3v4bul1IrkWZvzq.jpg
O Expresso Polar,The Polar Express,This holiday season... believe.,Robert Zemeckis,2004,"Animation, Adventure, Family, Fantasy","faith, holiday, santa claus, nerd, bell, train, beard, north pole, trestle, ticket, train travel, christmas",https://image.tmdb.org/t/p/w500/eOoCzH0MqeGr2taUZO4SwG416PF.jpg
Drácula: A História Nunca Contada,Dracula Untold,Every bloodline has a beginning,Gary Shore,2014,"Horror, Action, Fantasy","hero, monster, vampire, bite, bravery, supernatural, prince, heroism, battle, 15th century, ottoman empire, dracula",https://image.tmdb.org/t/p/w500/xJJFZ7tYASyQ7rNOLTrb2JpDc7A.jpg
Dirty Dancing: Ritmo Quente,Dirty Dancing,First dance. First love. The time of your life.,Emile Ardolino,1987,"Drama, Music, Romance","hotel, daughter, dancing, secret love, robbery, sibling relationship, summer camp, dancing master, mambo, dance performance, coming of age, teenage crush, teenage girl, doctor, class differences, family holiday, sensuality, summer romance, catskill resort",https://image.tmdb.org/t/p/w500/9Jw6jys7q9gjzVX5zm1z0gC8gY9.jpg
Rambo: Programado Para Matar,First Blood,This time he's fighting for his life.,Ted Kotcheff,1982,"Action, Adventure, Thriller, War","prison, guerrilla warfare, dying and death, vietnam war, vietnam veteran, hero, vietnam, police brutality, sheriff, escape, police, gun, submachine gun, falsely accused, destroy, self-defense, firearm, prosecution, attempt to escape, police operation, matter of life and death, tramp, national guard, rural area, antihero",https://image.tmdb.org/t/p/w500/a9sa6ERZCpplbPEO7OMWE763CLD.jpg
Independence Day: O Ressurgimento,Independence Day: Resurgence,We had twenty years to prepare. So did they.,Roland Emmerich,2016,"Action, Adventure, Science Fiction","alien, alien invasion",https://image.tmdb.org/t/p/w500/9S50foUIYGwiNPWOxi1WJF6IPwI.jpg
A Espiã Que Sabia de Menos,Spy,One of the guys. One of the Spies.,Paul Feig,2015,"Action, Comedy, Crime","cia, budapest, hungary, paris, france, undercover agent, rome, italy, spy, arms dealer, bulgaria, disaster, nuclear bomb, female spy, heiress, bumbling, aftercreditsstinger, duringcreditsstinger, analyst, spycraft, beauty vs brains, handler, special assignment",https://image.tmdb.org/t/p/w500/vPBmfMHxQvRRNGYD5S5ko2KnX56.jpg
Lilo & Stitch,Lilo & Stitch,There's one in every family.,"Dean DeBlois, Chris Sanders",2002,"Animation, Family","sibling relationship, mutation, extraterrestrial technology, hawaii, adoption, alien life-form, dog, dead parents, native hawaiian",https://image.tmdb.org/t/p/w500/d73UqZWyw3MUMpeaFcENgLZ2kWS.jpg
Cidade dos Sonhos,Mulholland Drive,An actress longing to be a star. A woman searching for herself. Both worlds will collide… on Mulholland Drive.,David Lynch,2001,"Thriller, Drama, Mystery","amnesia, loss of sense of reality, schizophrenia, nightmare, hitman, suppressed past, identity, key, detective, job interview, bisexuality, trauma, hallucination, surreal, surrealism, casting, hollywood, los angeles, california, car accident, audition, doppelgänger, criterion, neo-noir",https://image.tmdb.org/t/p/w500/tVxGt7uffLVhIIcwuldXOMpFBPX.jpg
Contágio,Contagion,Nothing spreads like fear,Steven Soderbergh,2011,"Drama, Thriller, Science Fiction","quarantine, saving the world, mutation, infection, terminal illness, outbreak, disease, vaccine, lethal virus, scientist, epidemic, prophetic, medical drama, anxious",https://image.tmdb.org/t/p/w500/qL0IooP0bjXy0KXl9KEyPo22ll0.jpg
Madagascar 3: Os Procurados,Madagascar 3: Europe's Most Wanted,They Have One Shot to Get Back Home.,"Eric Darnell, Tom McGrath, Conrad Vernon",2012,"Animation, Family, Comedy, Adventure","friendship, circus, lion, zoo, hippopotamus, giraffe, penguin, cartoon, zebra, slapstick comedy, madagascar, animal, lemur, talking animal",https://image.tmdb.org/t/p/w500/ekraj4ksvIKeuvQVEevEJkuybZd.jpg
Quarteto Fantástico,Fantastic Four,Change is coming.,Josh Trank,2015,"Action, Adventure, Science Fiction","teleportation, superhero, transformation, telekinesis, portal, based on comic, superhero team, fantastic four, invisible person",https://image.tmdb.org/t/p/w500/oeMpEsjmiT9PEJbRM1Fm7TZ1dE0.jpg
Bumblebee,Bumblebee,Every hero has a beginning.,Travis Knight,2018,"Action, Adventure, Science Fiction","technology, based on toy, robot, spin off, 1980s",https://image.tmdb.org/t/p/w500/fw02ONlDhrYjTSZV8XO6hhU3ds3.jpg
O Livro de Eli,The Book of Eli,Some will kill to have it. He will kill to protect it.,"Albert Hughes, Allen Hughes",2010,"Action, Thriller, Science Fiction","faith, chaos, dystopia, post-apocalyptic future, bible, survival, gunfight, blind, brutality, cannibal, combat, 2040s, carnage",https://image.tmdb.org/t/p/w500/1H1y9ZiqNFaLgQiRDDZLA55PviW.jpg
O Contador,The Accountant,Calculate your choices.,Gavin O'Connor,2016,"Crime, Thriller, Drama","sniper, assassin, autism, money, gunfight, criminal, loner, numbers, accountant, brother brother relationship",https://image.tmdb.org/t/p/w500/nztAld019tFjllW7VCJvPFiFkt8.jpg
Uma Babá Quase Perfeita,Mrs. Doubtfire,She makes dinner. She does windows. She reads bedtime stories. She's a blessing... in disguise.,Chris Columbus,1993,"Comedy, Drama, Family","mask, parent child relationship, san francisco, california, social worker, transvestite, nanny, restaurant, fake identity, custody battle, responsibility, voice acting, divorced couple",https://image.tmdb.org/t/p/w500/shHrSmXS5140o6sQzgzXxn3KqSm.jpg
O Poderoso Chefão: Parte III,The Godfather Part III,All the power on earth can't change destiny.,Francis Ford Coppola,1990,"Crime, Drama, Thriller","daughter, new york city, helicopter, assassination, italian american, italy, gangster, christianity, vatican, pope, confession, symbolism, revenge, organized crime, mafia, lawyer, catholic church",https://image.tmdb.org/t/p/w500/lm3pQ2QoQ16pextRsmnUbG2onES.jpg
Debi & Lóide: Dois Idiotas em Apuros,Dumb and Dumber,"What the one doesn't have, the other is missing.","Peter Farrelly, Bobby Farrelly",1994,Comedy,"gas station, utah, motel, stupidity, cigar smoking, road trip, pill, prank, criminal, buddy, fired from the job, clumsiness, stepparent stepchild relationship, aspen colorado, parakeet, defecation, scooter, endangered species, foolish, laxative",https://image.tmdb.org/t/p/w500/4LdpBXiCyGKkR8FGHgjKlphrfUc.jpg
Space Jam - O Jogo do Século,Space Jam,Get ready to jam.,Joe Pytka,1996,"Family, Animation, Comedy, Science Fiction","sports, cartoon, basketball, slapstick comedy, alien, doctor, cartoon cat, basketball team, referee, cartoon chicken, cartoon skunk, live action and animation, looney, space jam, actor playing themself",https://image.tmdb.org/t/p/w500/6h3FIr5CQFCBV8Xrv7XZLZbIQR0.jpg
O Babadook,The Babadook,"If it's in a word, or it's in a look, you can't get rid of the Babadook.",Jennifer Kent,2014,"Drama, Horror","monster, nightmare, parent child relationship, dysfunctional family, sleeplessness, gay interest, single mother, grieving, woman director, death of spouse, self delusion, self created problems, behavioral disorders, adelaide australia",https://image.tmdb.org/t/p/w500/lszpCmmPCKHvzn2OBx7bAgXlfhC.jpg
Duro de Matar 3: A Vingança,Die Hard: With a Vengeance,Think fast. Look alive. Die hard.,John McTiernan,1995,"Action, Thriller","new york city, taxi, gold, helicopter, robbery, police, bomb, riddle, detective, fbi, fistfight, deception, sequel, flashback, revenge, shootout, explosion, cargo ship, simon says, dump truck, aqueduct, bomb threat, action hero, federal reserve bank, nyc subway",https://image.tmdb.org/t/p/w500/lwTE6cUhGxRaJvQ5VPdletIGDPh.jpg
Velocidade Máxima,Speed,Get ready for rush hour.,Jan de Bont,1994,"Action, Adventure, Crime","bomb, s.w.a.t., bus, bomber, bus ride, highway, los angeles, california, explosion, police officer, trapped, bomb planting, terrorist attack, lapd, ransom demand, elevator, extortionist, passengers, life or death, terror, city bus",https://image.tmdb.org/t/p/w500/o1Zs7VaS9y2GYH9CLeWxaVLWd3x.jpg
Operação Red Sparrow,Red Sparrow,Seduce. Deceive. Repeat.,Francis Lawrence,2018,"Thriller, Mystery","cia, sexual abuse, budapest, hungary, based on novel or book, self sacrifice, spy, patriotism, seduction, training, double agent, chechnya, hospital, torture, mole, female spy, mortal danger, deceit, uncle niece relationship, american embassy, moscow, russia, russian spy, hopeless, spy thriller, bolshoi ballet, ballet performance, secret code, prima ballerina, mother daughter relationship, twists, theatre, asset, home health aide, secret meeting, gorky park",https://image.tmdb.org/t/p/w500/vLCogyfQGxVLDC1gqUdNAIkc29L.jpg
Trovão Tropical,Tropic Thunder,Get Some.,Ben Stiller,2008,"Action, Comedy, Adventure, War","vietnam, movie business, satire, parody, jungle, movie star, southeast asia, land mine, shackles, duringcreditsstinger, blackface, method acting",https://image.tmdb.org/t/p/w500/zAurB9mNxfYRoVrVjAJJwGV3sPg.jpg
Bolt: Supercão,Bolt,Fully Awesome. Ridonculous. Let It Begin.,"Byron Howard, Chris Williams",2008,"Animation, Family, Adventure, Comedy","hamster, human animal relationship, talking dog, animal, cat vs dog, duringcreditsstinger, talking cat, pets, dog cat friendship, animal lead",https://image.tmdb.org/t/p/w500/z9VHoUcZ1GiH3f3qYz7Me7Zc1Fd.jpg
O Lagosta,The Lobster,An unconventional love story...,Yorgos Lanthimos,2015,"Comedy, Drama, Romance","hotel, suicide attempt, boat, dystopia, woods, punishment, swimming, grave digging, dead rabbit, manhunt, shooting an animal",https://image.tmdb.org/t/p/w500/7Y9ILV1unpW9mLpGcqyGQU72LUy.jpg
Gente Grande,Grown Ups,Boys will be boys. . . some longer than others.,Dennis Dugan,2010,Comedy,"friendship, overweight, convertible, swing, foot, friends, arrow, buddy comedy, buddies",https://image.tmdb.org/t/p/w500/cQGM5k1NtU85n4TUlrOrwijSCcm.jpg
O Voo,Flight,,Robert Zemeckis,2012,Drama,"airplane, confession, investigation, pilot, emergency landing, flight, alcoholism, f word, hangover, airplane accident, airplane crash, syringe, denial, baseball stadium, perjury, national transportation safety board, flying upside down, narcissist, relapse, substance abuse",https://image.tmdb.org/t/p/w500/1AjXgBM2lkpG3FLQO0f6AK3Bi1e.jpg
Um Lugar Chamado Notting Hill,Notting Hill,Can the most famous film star in the world fall for the man on the street?,Roger Michell,1999,"Romance, Comedy","friendship, new love, london, england, bookshop, england, birthday, movie business, roommate, press conference, paparazzi, wheelchair, bath tub, cohabitant, interview, fame, falling in love, celebration, group of friends, movie star, dinner party, famous actor",https://image.tmdb.org/t/p/w500/fQqfLeD7h4nCXK0N5HEa4dAExk1.jpg
De Olhos Bem Fechados,Eyes Wide Shut,Cruise. Kidman. Kubrick.,Stanley Kubrick,1999,"Drama, Thriller, Mystery","new york city, prostitute, based on novel or book, sexual obsession, sacrifice, christmas party, eroticism, orgy, masked ball, secret society, cult, marijuana, conspiracy, mansion, lust, drugs, disguise, illegal prostitution, sexual desire, voyeurism, erotic thriller, sex party, marital crisis, relationships, costume shop, hooker",https://image.tmdb.org/t/p/w500/knEIz1eNGl5MQDbrEAVWA7iRqF9.jpg
Sete Homens e um Destino,The Magnificent Seven,Justice has a number.,Antoine Fuqua,2016,"Adventure, Action, Western",remake,https://image.tmdb.org/t/p/w500/ezcS78TIjgr85pVdaPDd2rSPVNs.jpg
Karate Kid,The Karate Kid,A Challenge He Never Imagined. A Teacher He Never Expected.,Harald Zwart,2010,"Action, Adventure, Drama, Family","martial arts, duringcreditsstinger, karate kid, the karate kid",https://image.tmdb.org/t/p/w500/o4gwFcm6qRgnC9Gff4giy0POHdF.jpg
Enola Holmes,Enola Holmes,Mystery runs in the family.,Harry Bradbeer,2020,"Adventure, Mystery, Comedy, Crime","based on novel or book, detective, child prodigy, victorian england, female protagonist, period drama, female detective, runaway teen, books, mother daughter relationship, brother sister relationship, detectives, sherlock holmes, childish love interest",https://image.tmdb.org/t/p/w500/riYInlsq2kf1AWoGm80JQW5dLKp.jpg
O Cavaleiro Solitário,The Lone Ranger,Never Take Off the Mask,Gore Verbinski,2013,"Action, Adventure, Western","escape, texas, texas ranger, horse, native american, partner, outlaw, lawyer, train, lone ranger, comanche, tonto",https://image.tmdb.org/t/p/w500/xRmsqvHnaWmrazJl9bTBqs4LAjp.jpg
Resgate,Extraction,"When the mission ends, redemption begins",Sam Hargrave,2020,"Action, Thriller","mercenary, crime boss, mumbai (bombay), india, rescue mission, based on comic, based on graphic novel, dhaka (dacca), bangladesh",https://image.tmdb.org/t/p/w500/nygOUcBKPHFTbxsYRFZVePqgPK6.jpg
Entrando Numa Fria,Meet the Parents,First comes love. Then comes the interrogation.,Jay Roach,2000,"Comedy, Romance","daughter, cia, airplane, airport, nurse, cat, orderly, father-in-law, epistaxis, lost baggage, urn, pavilion, volleyball, hospital, wedding",https://image.tmdb.org/t/p/w500/5tXJ9ctuyEOMUFLaeqRisbXowWs.jpg
Sr. Ninguém,Mr. Nobody,"Nothing is real, everything is possible.",Jaco Van Dormael,2009,"Science Fiction, Drama, Romance, Fantasy","time travel, surrealism, time, choice, free will, multiple storylines, 2090s, multiverse, irreversible process, entropy",https://image.tmdb.org/t/p/w500/qNkIONc4Rgmzo23ph7qWp9QfVnW.jpg
A Garota Dinamarquesa,The Danish Girl,Find the courage to be yourself.,Tom Hooper,2015,Drama,"paris, france, based on novel or book, denmark, copenhagen, denmark, artist, painter, historical fiction, art, transsexual, surgery, lgbt, 1920s, loving, intimate, gentle, sincere, sympathetic, tragic",https://image.tmdb.org/t/p/w500/mXZZIacI5FC8thzSC0lgQBQ2uAX.jpg
007 - Sem Tempo para Morrer,No Time to Die,The mission that changes everything begins…,Cary Joji Fukunaga,2021,"Action, Thriller, Romance","based on novel or book, forgiveness, poison, spy, mi6, family, british secret service, parents, global threat, nanobots",https://image.tmdb.org/t/p/w500/iUgygt3fscRoKWCV1d0C7FbM9TP.jpg
Uma Noite no Museu 3: O Segredo da Tumba,Night at the Museum: Secret of the Tomb,One Final Night to Save the Day.,Shawn Levy,2014,"Adventure, Comedy, Fantasy, Family","night watchman, museum, natural history, smithsonian",https://image.tmdb.org/t/p/w500/xwgy305K6qDs3D20xUO4OZu1HPY.jpg
A 5ª Onda,The 5th Wave,Protect Your Own,J Blakeson,2016,"Science Fiction, Adventure, Action","based on novel or book, dystopia, alien, alien invasion, human subjugation, environmental disaster, based on young adult novel",https://image.tmdb.org/t/p/w500/37vpRkrD4OxQN0MQ7C59eszkylh.jpg
Godzilla II: Rei dos Monstros,Godzilla: King of the Monsters,Long live the king.,Michael Dougherty,2019,"Science Fiction, Action","mexico, boston, massachusetts, giant monster, cryptozoology, eco terrorism, creature feature, rodan, kaiju, aftercreditsstinger, global threat, animal horror, king ghidorah, sunken city, mothra, godzilla, monsterverse",https://image.tmdb.org/t/p/w500/fQ40gmFM4p03tXwMxQQKh2cCBW4.jpg
Motoqueiro Fantasma,Ghost Rider,Long ago he made a deal to save someone he loved.,Mark Steven Johnson,2007,"Thriller, Action, Fantasy","dying and death, religion and supernatural, superhero, possession, devil's son, stunt, flame, stuntman, one-man show, based on comic, soul selling, fallen angel, motorcycle, devil, person on fire, demon, first love, news reporter, stunt riding, supernatural horror, first love returns, tortured soul, lost souls, deal with the devil",https://image.tmdb.org/t/p/w500/8LaVQiXBsnlo7MXCPK1nXTVARUZ.jpg
Pantera Negra: Wakanda para Sempre,Black Panther: Wakanda Forever,Forever.,Ryan Coogler,2022,"Action, Adventure, Science Fiction","hero, loss of loved one, superhero, royal family, based on comic, sequel, royalty, underwater, political intrigue , death in family, mourning, death of brother, duringcreditsstinger, death of king, marvel cinematic universe (mcu), hidden civilization, yucatan, mayans",https://image.tmdb.org/t/p/w500/sv1xJUazXeYqALzczSZ3O6nkH75.jpg
Um Espião e Meio,Central Intelligence,Saving the world takes a little Hart and a big Johnson.,Rawson Marshall Thurber,2016,"Action, Comedy, Crime, Mystery","cia, espionage, spy, office, school, high school reunion, accountant",https://image.tmdb.org/t/p/w500/7irCMBIivXAqjZ7MgZoGVLrgACR.jpg
Adão Negro,Black Adam,Power born from rage.,Jaume Collet-Serra,2022,"Action, Adventure, Science Fiction","lightning, superhero, anti hero, based on comic, demon, superhero team, duringcreditsstinger, dc extended universe (dceu)",https://image.tmdb.org/t/p/w500/pFlaoHTZeyNkG83vxsAJiGzfSsa.jpg
Sweeney Todd: O Barbeiro Demoníaco da Rua Fleet,Sweeney Todd: The Demon Barber of Fleet Street,Never Forget. Never Forgive.,Tim Burton,2007,"Drama, Horror","widow, asylum, confession, razor, villain, blood splatter, musical, beggar, based on play or musical, child in peril, cane, lust, cannibal, person on fire, incest, infatuation, shaving, social injustice, barbershop, oven, beadle, uxoricide, seaman, mother figure, folktale, corrupt judge, horror musical",https://image.tmdb.org/t/p/w500/gAW4J1bkRjZKmFsJsIiOBASeoAp.jpg
Blade: O Caçador de Vampiros,Blade,Part man. Part vampire. All hero.,Stephen Norrington,1998,"Horror, Action","martial arts, hero, vampire, superhero, supernatural, based on comic, rivalry, vampire hunter (slayer), sword fight, revenge, tragic hero, one man army, martial arts master, scientist, super power, blade, taunting, secret headquarters, escapade, deadly, master warrior, urban gothic, good versus evil",https://image.tmdb.org/t/p/w500/hx0sdduAsr4rq03RZKZzglR25z7.jpg
Tá Chovendo Hambúrguer,Cloudy with a Chance of Meatballs,Prepare to get served.,"Phil Lord, Christopher Miller",2009,"Animation, Comedy, Family","inventor, weather, food, based on children's book",https://image.tmdb.org/t/p/w500/qhOhIKf7QEyQ5dMrRUqs5eTX1Oq.jpg
Alice no País das Maravilhas,Alice in Wonderland,A world of wonders in one great picture!,"Clyde Geronimi, Wilfred Jackson, Hamilton Luske, Jack Kinney",1951,"Animation, Family, Fantasy, Adventure","dream, heart, queen, cartoon cat, nothing, tea party, based on young adult novel, adaptation",https://image.tmdb.org/t/p/w500/20cvfwfaFqNbe9Fc3VEHJuPRxmn.jpg
Pinocchio,Pinocchio,"When you wish upon a star, your dreams come true.","Norman Ferguson, T. Hee, Wilfred Jackson, Jack Kinney, Hamilton Luske, Bill Roberts, Ben Sharpsteen",1940,"Animation, Family","rescue, sea, child abuse, based on novel or book, magic, whale, italy, lie, fairy, carnival, wish, puppet, nose, conscience, wish fulfillment, toy comes to life, animal cruelty, child slavery, pinocchio, cartoon donkey",https://image.tmdb.org/t/p/w500/bnZJrLRnoQHpzEJdka1KYfsAF3N.jpg
Moonrise Kingdom,Moonrise Kingdom,A tormenting and surprising story of children and adults during the stormy days of the summer of 1965.,Wes Anderson,2012,"Comedy, Drama, Romance","camping, hurricane, pen pals, coming of age, camp, orphan, new england, first love, eye patch, search party, devastation, handkerchief, child smoking, small town sheriff, the color red, boy scouts, sand dancing, meet cute, boy scouts leader, pipe smoking, duringcreditsstinger, 1960s",https://image.tmdb.org/t/p/w500/xrziXRHRQ7c7YLIehgSJY8GQBsx.jpg
Ender's Game: O Jogo do Exterminador,Ender's Game,This is not a game.,Gavin Hood,2013,"Science Fiction, Action, Adventure","based on novel or book, fight, starship, intolerance, war strategy, chosen one, earth, child prodigy, futuristic, space, alien invasion, universe, military school, adventurer, morality tale, based on young adult novel, boy group, starships",https://image.tmdb.org/t/p/w500/vrEpLNkv30qw7JiVyorgR6NOWDm.jpg
Advogado do Diabo,The Devil's Advocate,Evil has its winning ways.,Taylor Hackford,1997,"Drama, Mystery, Thriller, Horror","child abuse, southern usa, marriage crisis, obsession, bible, seduction, hallucination, devil's son, ambition, pact with the devil, crooked lawyer, satan, evil spirit, lust, courtroom, temptation, law firm, manhattan, new york city, seven deadly sins, ethics, legal thriller",https://image.tmdb.org/t/p/w500/5ZzBGpxy55OQzHxKVY11IpY6a0o.jpg
A Garota no Trem,The Girl on the Train,What you see can hurt you.,Tate Taylor,2016,"Thriller, Mystery, Drama, Crime","infidelity, new york city, amnesia, based on novel or book, obsession, homicide, blackout, alcoholism, flashback, confusion, memory loss, domestic abuse, disappearance, female protagonist, psychological thriller, train, divorcee, missing person, police investigation, ex-husband ex-wife relationship, unreliable narrator, voyeurism, abuse, alcoholics anonymous",https://image.tmdb.org/t/p/w500/AhTO2QWG0tug7yDoh0XoaMhPt3J.jpg
Mortal Kombat,Mortal Kombat,Get over here.,Simon McQuoid,2021,"Action, Fantasy, Adventure","saving the world, magic, ninja fighter, alternate dimension, shaolin monk, fighting, based on video game, martial arts tournament, gods, hand to hand combat",https://image.tmdb.org/t/p/w500/ybrX94xQm8lXYpZAPRmwD9iIbWP.jpg
Van Helsing: O Caçador de Monstros,Van Helsing,The One Name They All Fear.,Stephen Sommers,2004,"Horror, Adventure, Action","transylvania, vampire, vatican, bite, castle, steampunk, werewolf, van helsing, notre dame cathedral, 19th century, mr. hyde, frankenstein, dracula, fantasy",https://image.tmdb.org/t/p/w500/gsFun8nATm52aGHeT8ueAel98nE.jpg
Invocação do Mal 3: A Ordem do Demônio,The Conjuring: The Devil Made Me Do It,The demonic case that shocked America.,Michael Chaves,2021,"Horror, Mystery, Thriller","supernatural, exorcism, connecticut, sequel, paranormal investigation, 1980s, religious horror, the conjuring universe",https://image.tmdb.org/t/p/w500/xbSuFiJbbBWCkyCCKIMfuDCA4yV.jpg
Um Drink no Inferno,From Dusk Till Dawn,One night is all that stands between them and freedom. But it's going to be a hell of a night.,Robert Rodriguez,1996,"Horror, Action, Thriller, Crime","dancing, showdown, sheriff, sibling relationship, vampire, bank robber, holy water, siege, stripper, priest, bank robbery, preacher, hostage situation, crucifix, recreational vehicle, mexican american border, female stripping, boa constrictor, loss of faith, foot fetish, killer on the run, barefoot",https://image.tmdb.org/t/p/w500/sV3kIAmvJ9tPz4Lq5fuf9LLMxte.jpg
"Eu, Tonya","I, Tonya",Fitting in is overrated,Craig Gillespie,2017,"Drama, Comedy","sports, competition, olympic games, portland, oregon, biography, based on true story, rivalry, figure skating, domestic violence, poverty, overbearing mother, ice skating, taunting, 1990s, winter sport, abusive mother, emotional abuse, mother daughter relationship",https://image.tmdb.org/t/p/w500/6gNXwSHxaksR1PjVZRqNapmkgj3.jpg
O Ditador,The Dictator,,Larry Charles,2012,Comedy,"petrol, culture clash, dictator, coup d'etat, satire, parody, uncle, conspiracy, female soldier, united nations, weapon of mass destruction, dissident, grocery store, identity swap, ironic, hilarious",https://image.tmdb.org/t/p/w500/n0W7kajF4GFMRk2c0wWwMQqTaDM.jpg
Manchester à Beira-Mar,Manchester by the Sea,,Kenneth Lonergan,2016,Drama,"funeral, boston, massachusetts, brother, boat, sadness, massachusetts, loss, dysfunctional family, grief, hospital, house fire, death, nephew, ex-wife, nonlinear timeline, mental health, ex-husband ex-wife relationship, legal guardian, dysfunctional life",https://image.tmdb.org/t/p/w500/e8daDzP0vFOnGyKmve95Yv0D0io.jpg
Hulk,Hulk,What if everything you were forced to keep inside was suddenly set free?,Ang Lee,2003,"Science Fiction, Adventure, Action","california, monster, general, mutation, san francisco, california, gun, superhero, dna, transformation, psychology, berkeley, based on comic, president, golden gate bridge, doctor, fear, scientist, dog, desert, anger, phone, military, super villain, cell, superhuman strength, repressed memory, repression, good versus evil",https://image.tmdb.org/t/p/w500/qnngKqAcqfH2pBxDoKu5lxzSbTo.jpg
O Homem Duplicado,Enemy,You can’t escape Yourself!,Denis Villeneuve,2013,"Thriller, Mystery","infidelity, based on novel or book, nightmare, professor, pregnancy, paranoia, toronto, canada, delusion, symbolism, spider, surrealism, mental illness, dream sequence, doppelgänger, double identity, subconscious",https://image.tmdb.org/t/p/w500/vf40tyDRKZsBmaLsYeopzfFLzLx.jpg
A Noite do Jogo,Game Night,This is not a game.,"John Francis Daley, Jonathan Goldstein",2018,"Mystery, Comedy, Crime","jealousy, husband wife relationship, married couple, sarcasm, dark comedy, games, insult, revenge, neighbor, dog, group of friends, corvette stingray, creepy neighbor, aftercreditsstinger, embarrasment, brother brother relationship, board games",https://image.tmdb.org/t/p/w500/85R8LMyn9f2Lev2YPBF8Nughrkv.jpg
A Entrevista,The Interview,The Film Hackers Tried To Get Banned,"Evan Goldberg, Seth Rogen",2014,"Action, Comedy","cia, socialism, coup d'etat, assassination attempt, evil dictator, north korea",https://image.tmdb.org/t/p/w500/tIDC4xT65l7a8qbgg8GvwD5g8c5.jpg
Hitch - Conselheiro Amoroso,Hitch,The cure for the common man.,Andy Tennant,2005,"Comedy, Drama, Romance","romantic comedy, speed date, dating",https://image.tmdb.org/t/p/w500/x3W9H3nhGQbWSlyI8Amp2F6Z6cz.jpg
Duro de Matar 4.0,Live Free or Die Hard,The old school cop is back!,Len Wiseman,2007,"Action, Thriller","helicopter, washington dc, usa, holiday, hostage, detective, fbi, genius, sarcasm, parkour, traffic chaos, sequel, hacking, power outage, nypd, federal agent, fourth of july, media manipulation, nsa agent, cyber terrorism, action hero, police escort, homeland security, assassination team, electric power station, based on magazine, newspaper or article, father daughter relationship, algorithm, computer hacker, high octane, government building, tractor trailer, computer infrastructure",https://image.tmdb.org/t/p/w500/31TT47YjBl7a7uvJ3ff1nrirXhP.jpg
Jason Bourne,Jason Bourne,You know his name,Paul Greengrass,2016,"Action, Thriller, Mystery, Drama","assassin, cia, amnesia, casino, chase, greece, flashback, hacking, las vegas, black ops, rogue agent, armored vehicle, reykjavík, iceland, hdd",https://image.tmdb.org/t/p/w500/xA7N41glw17MBQtcWSm2eBlBRuG.jpg
Dia de Treinamento,Training Day,"The only thing more dangerous than the line being crossed, is the cop who will cross it.",Antoine Fuqua,2001,"Action, Crime, Drama","drug dealer, california, police brutality, poker, bratva (russian mafia), war on drugs, drug trafficking, police corruption, los angeles, california, gang member, rookie cop, narcotics cop, mexican american, barrio, cholo, neo-noir",https://image.tmdb.org/t/p/w500/bUeiwBQdupBLQthMCHKV7zv56uv.jpg
Busca Implacável 3,Taken 3,It Ends Here,Olivier Megaton,2014,"Thriller, Action","california, escape, funeral, gas station, detective, bodyguard, suspicion of murder, golf, penthouse apartment, morgue, car crash, sequel, confusion, murder, fugitive, on the run, shootout, police chase, explosion, foot chase, anger, group of friends, death of mother, surveillance camera, murder investigation, failing marriage, ex-husband ex-wife relationship, police surveillance, wanted man, police inspector, framed for murder, protective father, gps, money problems, elevator, prime suspect, college student, rich husband, ex special forces, ex-cia agent, unhappy marriage, unplanned pregnancy, spetsnaz, secret hideout, innocent suspect, lost money, father daughter relationship, army veteran, associates, secret investigation, homicide investigation, russian, deep sadness, enemy, evasion, in love with ex, mystery, tense, honorable, stepfather stepdaughter relationship, death of ex, spy tech, outsmart, special skills, owe money to criminals",https://image.tmdb.org/t/p/w500/vzvMXMypMq7ieDofKThsxjHj9hn.jpg
Hotel Transilvânia 2,Hotel Transylvania 2,They're back to raise a little terror,Genndy Tartakovsky,2015,"Animation, Comedy, Family, Fantasy","hotel, witch, skeleton, magic, transylvania, technology, marriage, mummy, only child, backpacker, wolfman, zombie, moving out, invisible person, new life, dracula",https://image.tmdb.org/t/p/w500/kKFgwQnR5q08UFsAvtoYyTIiHyj.jpg
Entrevista com o Vampiro,Interview with the Vampire,Drink from me and live forever,Neil Jordan,1994,"Horror, Drama, Fantasy","paris, france, based on novel or book, san francisco, california, vampire, bite, new orleans, louisiana, plantation, louisiana, pity, child vampire, gothic horror, psychotic, 18th century, plague, disturbed, insecure, 19th century, lgbt interest, reluctant vampire, irreverent, negative, sinister, disheartening, disrespectful, frustrated, tragic",https://image.tmdb.org/t/p/w500/2162lAT2MP36MyJd2sttmj5du5T.jpg
O Legado Bourne,The Bourne Legacy,There Was Never Just One,Tony Gilroy,2012,"Action, Thriller","assassin, espionage, wolf, maryland, covert operation, rooftop, exploding house, laptop, tracking device, fake id, pharmaceutical lab, government conspiracy, manila philippines, hunted, false passport, alberta canada, admiring",https://image.tmdb.org/t/p/w500/1aExL5DTGHj25ZfIC3dDwS84RWi.jpg
Jumper,Jumper,Anywhere is possible.,Doug Liman,2008,"Action, Adventure, Science Fiction","adolescence, based on novel or book, teleportation, chase, fight, loss of loved one, motherly love, super power",https://image.tmdb.org/t/p/w500/3pPZ9JhNz3VMmASVir5SMHvTDUU.jpg
Rei Arthur: A Lenda da Espada,King Arthur: Legend of the Sword,From nothing comes a King,Guy Ritchie,2017,"Action, Drama, Fantasy","knight, king arthur, excalibur, sword and sorcery",https://image.tmdb.org/t/p/w500/9kKXH6eJpzoFGhCbTN3FVwSQK3n.jpg
Kung Fu Panda 3,Kung Fu Panda 3,Grab destiny by the rice dumplings.,"Alessandro Carloni, Jennifer Yuh Nelson",2016,"Action, Adventure, Animation, Comedy, Family","martial arts, kung fu, china, fighter, village, sequel, panda, anthropomorphism, dragon, wuxia, woman director",https://image.tmdb.org/t/p/w500/oajNi4Su39WAByHI6EONu8G8HYn.jpg
Conta Comigo,Stand by Me,"For some, it's the last real taste of innocence, and the first real taste of life.",Rob Reiner,1986,"Crime, Drama","friendship, based on novel or book, leech, bullying, road trip, oregon, usa, coming of age, railroad track, story within the story, flipping coin, campfire story, pie eating, told in flashback, child, 1950s, boys, coin toss",https://image.tmdb.org/t/p/w500/vz0w9BSehcqjDcJOjRaCk7fgJe7.jpg
Ace Ventura: Um Detetive Diferente,Ace Ventura: Pet Detective,"He's the best there is! (Actually, he's the only one there is.)",Tom Shadyac,1994,"Comedy, Adventure","miami, florida, dolphin, detective, human animal relationship, stupidity, mascot, slapstick comedy, animal, private detective, pets",https://image.tmdb.org/t/p/w500/pqiRuETmuSybfnVZ7qyeoXhQyN1.jpg
Pocahontas,Pocahontas,An American legend comes to life.,"Mike Gabriel, Eric Goldberg",1995,"Adventure, Animation, Family, Romance","princess, culture clash, colony, forbidden love, musical, gold rush, native american, colonisation, virginia, star crossed lovers, intercultural relationship, based on myths, legends or folklore, 17th century, shamanism, animal sidekick",https://image.tmdb.org/t/p/w500/kZ1ft0QZ4e3zDUPMBftEkwI9ftd.jpg
Paul: O Alien Fugitivo,Paul,Who's up for a close encounter?,Greg Mottola,2011,"Adventure, Comedy, Science Fiction","san diego, california, alien, area 51, alien space craft, duringcreditsstinger, 1980s",https://image.tmdb.org/t/p/w500/e57pNjhWbRos9BTvgeUYUzB8VfO.jpg
O Plano Perfeito,Inside Man,It looked like the perfect bank robbery. But you can’t judge a crime by its cover.,Spike Lee,2006,"Crime, Drama, Thriller","new york city, nazi, court case, kidnapping, hostage, bank, bank manager, ultimatum, heist, anti-semitism, police detective, bank robbery, hostage situation, financial transactions, bank vault, dark past, manhattan, new york city, secret past, crooked banker, secret, public figure",https://image.tmdb.org/t/p/w500/5ljZJLpQj8s3iSk3LylnFDyDoIK.jpg
Bright,Bright,,David Ayer,2017,"Fantasy, Action, Thriller","police, orcs, elves, magic, fairy, los angeles, california",https://image.tmdb.org/t/p/w500/whkT53Sv2vKAUiknQ13pqcWaPXB.jpg
O Homem Invisível,The Invisible Man,What You Can't See Can Hurt You,Leigh Whannell,2020,"Thriller, Science Fiction, Horror","based on novel or book, pregnancy, architect, fake suicide, stalker, murder, domestic abuse, scientist, police detective, death, invisible person, mental hospital, woman in peril, invisible man",https://image.tmdb.org/t/p/w500/5EufsDwXdY2CVttYOk2WtYhgKpa.jpg
Monty Python em Busca do Cálice Sagrado,Monty Python and the Holy Grail,And now! At Last! Another film completely different from some of the other films which aren't quite the same as this one is.,"Terry Gilliam, Terry Jones",1975,"Adventure, Comedy, Fantasy","holy grail, swordplay, england, monk, wedding reception, scotland yard, midnight movie, animal attack, camelot, round table, chapter, satire, parody, breaking the fourth wall, knight, king arthur, knights of the round table, 10th century, anarchic comedy, hilarious",https://image.tmdb.org/t/p/w500/hWx1ANiWEWWyzKPN0us35HCGnhQ.jpg
Duro de Matar 2,Die Hard 2,Die harder.,Renny Harlin,1990,"Action, Thriller","journalist, helicopter, airport, based on novel or book, ambush, hand grenade, fistfight, cop, sequel, snow, shootout, officer involved shooting, los angeles, california, terrorism, explosion, church, sabotage, commando, walkie talkie, air traffic control, christmas, snowmobile, action hero",https://image.tmdb.org/t/p/w500/cNRYDede3NYLZv2JrvYmSgM1XdF.jpg
Esposa de Mentirinha,Just Go with It,Sometimes a guy's best wingman... is a wingwoman,Dennis Dugan,2011,"Comedy, Romance","friendship, hawaii, assistant, plastic surgery, romantic comedy, waterfall, falling in love, older man younger woman relationship, young woman, family vacation, single mother, plastic surgeon, divorced, schoolteacher, rich man, favor, elaborate ruse, pretending to be wife, pretend marriage, backstory, lies to cover lies, pretend family, sorority sister",https://image.tmdb.org/t/p/w500/ez1EDULOCUUCySHOZU6tz97qbtM.jpg
Carros 3,Cars 3,It's not over until lightning strikes.,Brian Fee,2017,"Animation, Adventure, Comedy, Family","trainer, sequel, anthropomorphism, travel, racing, high tech",https://image.tmdb.org/t/p/w500/jJ8TnHvWHaVadW5JJjGYsM07j9i.jpg
Annabelle 2: A Criação do Mal,Annabelle: Creation,You don't know the real story,David F. Sandberg,2017,"Horror, Mystery, Thriller","prequel, evil doll, demon, spin off, demonic possession, ghost, aftercreditsstinger, duringcreditsstinger, the conjuring universe",https://image.tmdb.org/t/p/w500/tb86j8jVCVsdZnzf8I6cIi65IeM.jpg
A Cinco Passos de Você,Five Feet Apart,"When Life Keeps You Apart, Fight For Every Inch.",Justin Baldoni,2019,"Romance, Drama","forbidden love, terminal illness, hospital, best friend, falling in love, cystic fibrosis, star crossed lovers, first date, true love, teenager",https://image.tmdb.org/t/p/w500/kreTuJBkUjVWePRfhHZuYfhNE1T.jpg
Os Goonies,The Goonies,Take the Oath. Join the Adventure.,Richard Donner,1985,"Adventure, Comedy, Family","gang of thieves, treasure map, oregon, usa, gunfight, childhood friends, booby trap, water slide, foreclosure, walking the plank, lost treasure, social outcast, pirate ship, henchmen",https://image.tmdb.org/t/p/w500/eBU7gCjTCj9n2LTxvCSIXXOvHkD.jpg
Um Corpo que Cai,Vertigo,Alfred Hitchcock engulfs you in a whirlpool of terror and tension!,Alfred Hitchcock,1958,"Mystery, Romance, Thriller","plan, love of one's life, sense of guilt, san francisco, california, suicide attempt, obsession, bachelor, detective, necklace, vertigo, museum, painting, grave, insurance fraud, film noir, golden gate bridge, psychological thriller, rescue from drowning, neo-noir, fear of heights, color film noir, the perfect murder, the perfect crime",https://image.tmdb.org/t/p/w500/15uOEfqBNTVtDUT7hGBVCka0rZz.jpg
O Vingador do Futuro,Total Recall,"They stole his mind, now he wants it back.",Paul Verhoeven,1990,"Action, Adventure, Science Fiction","double life, planet mars, based on novel or book, oxygen, resistance, telepathy, falsely accused, dystopia, villainess, mutant, hologram, space travel, space colony, utopia, fake identity, secret agent, futuristic, cyberpunk, fictional war, false memory, robot cop, implanted memory, action hero, virtual world, 2080s",https://image.tmdb.org/t/p/w500/wVbeL6fkbTKSmNfalj4VoAUUqJv.jpg
Cassino,Casino,No one stays at the top forever.,Martin Scorsese,1995,"Crime, Drama","drug abuse, casino, poker, italian american, gambling, 1970s, fbi, greed, overdose, car bomb, rise and fall, money, organized crime, mafia, jewish american, las vegas, desert, 1980s",https://image.tmdb.org/t/p/w500/6zEZY1htzRos2w0W3T7o7W1WJhp.jpg
Lunar,Moon,The last place you'd ever expect to find yourself.,Duncan Jones,2009,"Science Fiction, Drama","future, moon, artificial intelligence (a.i.), isolation, clone, dystopia, space, cloning, moon base, two-hander",https://image.tmdb.org/t/p/w500/35IU0Mq0zFsN1mYwDGts5mKc77n.jpg
Bambi,Bambi,A great love story.,"James Algar, Samuel Armstrong, David Hand, Graham Heid, Bill Roberts, Paul Satterfield, Norman Wright, Arthur Davis, Clyde Geronimi",1942,"Animation, Drama, Family","loss of loved one, forest, coming of age, best friend, cartoon rabbit, forest fire, fawn, cartoon deer",https://image.tmdb.org/t/p/w500/wV9e2y4myJ4KMFsyFfWYcUOawyK.jpg
Jurassic World: Domínio,Jurassic World Dominion,The epic conclusion of the Jurassic era.,Colin Trevorrow,2022,"Adventure, Action, Science Fiction","giant monster, sequel, dinosaur, child kidnapping, jurassic, animal sanctuary",https://image.tmdb.org/t/p/w500/kAVRgw7GgK1CfYEJq8ME6EvRIgU.jpg
John Carter - Entre Dois Mundos,John Carter,"Lost in our world, found in another.",Andrew Stanton,2012,"Action, Adventure, Science Fiction","princess, medallion, planet mars, based on novel or book, escape, space travel, alien, martian, steampunk, alien race, superhuman strength, martian civilization, sword and planet, 19th century, 異星爭霸戰：尊卡特傳奇",https://image.tmdb.org/t/p/w500/lCxz1Yus07QCQQCb6I0Dr3Lmqpx.jpg
G.I. Joe: Retaliação,G.I. Joe: Retaliation,,Jon M. Chu,2013,"Science Fiction, Adventure, Action, Thriller","rescue, assassin, technology, missile, warhead, president, conspiracy, explosion, battle, surveillance, cobra",https://image.tmdb.org/t/p/w500/3rWIZMzTKcCtV0eHJ70Z4Ru659f.jpg
Uma Cilada para Roger Rabbit,Who Framed Roger Rabbit,"It's the story of a man, a woman, and a rabbit in a triangle of trouble.",Robert Zemeckis,1988,"Fantasy, Animation, Comedy, Crime","based on novel or book, falsely accused, movie business, innocence, suspicion of murder, cartoon, mental breakdown, whodunit, los angeles, california, love sickness, private detective, movie star, cartoon rabbit, neo-noir, 1940s, live action and animation",https://image.tmdb.org/t/p/w500/lYfRc57Kx9VgLZ48iulu0HKnM15.jpg
Tudo em Todo Lugar ao Mesmo Tempo,Everything Everywhere All at Once,The universe is so much bigger than you realize.,"Daniel Kwan, Daniel Scheinert",2022,"Action, Adventure, Science Fiction","mother, martial arts, kung fu, philosophy, generations conflict, chinese woman, laundromat, chinese, east asian lead, divorce, family, hot dog, asian woman, chinese immigrant, mother daughter relationship, asian american, intergenerational trauma, internal revenue service, ridiculous, 瞬息全宇宙",https://image.tmdb.org/t/p/w500/rKvCys0fMIIi1X9rmJBxTPLAtoU.jpg
Falcão Negro em Perigo,Black Hawk Down,Leave No Man Behind.,Ridley Scott,2001,"Action, History, War","based on novel or book, ambush, chaos, militia, prisoner of war, wound, somalia, warlord, famine, arms dealer, delta force, gunfight, combat, 1990s, mogadishu, rescue operation, peacekeeper, soldiers, street shootout",https://image.tmdb.org/t/p/w500/7fU5dSqKRL4XHeEUz62rCKBfYok.jpg
Jungle Cruise,Jungle Cruise,The myth is real.,Jaume Collet-Serra,2021,"Action, Adventure, Fantasy","jungle, riverboat, 1910s, amazon river, based on theme park ride",https://image.tmdb.org/t/p/w500/9dKCd55IuTT5QRs989m9Qlb7d2B.jpg
As Crônicas de Nárnia: A Viagem do Peregrino da Alvorada,The Chronicles of Narnia: The Voyage of the Dawn Treader,Return to magic. Return to hope. Return to Narnia.,Michael Apted,2010,"Adventure, Family, Fantasy","epic, based on novel or book, magic, lion, anthropomorphism, dragon, king, fantasy world, snowing, sea voyage, quest, high fantasy, isekai, father son relationship, brother sister relationship, turned into animal, based on young adult novel, good versus evil",https://image.tmdb.org/t/p/w500/z6LVJXEmY8E6s57uf8cV3RlWvws.jpg
Zumbilândia: Atire Duas Vezes,Zombieland: Double Tap,,Ruben Fleischer,2019,"Comedy, Horror","marriage proposal, the white house, gore, road trip, sequel, survival, spoof, zombie, recreational vehicle, aftercreditsstinger, graceland, minivan, christmas present",https://image.tmdb.org/t/p/w500/dtRbVsUb5O12WWO54SRpiMtHKC0.jpg
Guerra ao Terror,The Hurt Locker,You'll know when you're in it.,Kathryn Bigelow,2008,"Drama, Thriller, War","rescue, explosive, loyalty, us army, car bomb, iraq, tension, disaster, terrorism, soldier, iraq war, anti war, bomb squad, body armor, woman director, army sergeant",https://image.tmdb.org/t/p/w500/m2duGsKjBOl3BB8uFOTnRUzdEhg.jpg
Os Intocáveis,The Untouchables,What are you prepared to do?,Brian De Palma,1987,"Crime, Drama, History, Thriller","chicago, illinois, prohibition era, gangster, baseball bat, white suit, tough cop, treasury agent, untouchable, tax evasion, jury tampering, 1930s",https://image.tmdb.org/t/p/w500/8BquGK22zCcsmBWiaIakaaPpSZb.jpg
Nocaute,Southpaw,Believe in Hope.,Antoine Fuqua,2015,"Action, Drama","sports, fighter, tragedy, death, boxing, box ring, father daughter relationship",https://image.tmdb.org/t/p/w500/kSQ49Fi3NVTqGGXILmxV2T2pdkG.jpg
Escola de Rock,School of Rock,He just landed the gig of his life: 5th grade.,Richard Linklater,2003,"Comedy, Music","high school, rock 'n' roll, musician, music competition, substitute teacher, teacher, rock music, contest, rock band, rock concert",https://image.tmdb.org/t/p/w500/zXLXaepIBvFVLU25DH3wv4IPSbe.jpg
O Mentiroso,Liar Liar,Trust me.,Tom Shadyac,1997,Comedy,"california, workaholic, birthday, truth, lie, wish, legal drama",https://image.tmdb.org/t/p/w500/p1habYSdC7oD3WygQ5lynU5G5rV.jpg
Sinais,Signs,It's not like they didn't warn us.,M. Night Shyamalan,2002,"Drama, Thriller, Science Fiction, Mystery","farm, faith, symbolism, miracle, family relationships, alien, grief, rural area, alien invasion, crop circle, alien attack, death of wife, loss of faith, alien encounter, malicious, aliens",https://image.tmdb.org/t/p/w500/hyZkNEbNgnciUVTyu4NZTjlCh4L.jpg
O Bom Dinossauro,The Good Dinosaur,Little Arms With Big Attitude,Peter Sohn,2015,"Adventure, Animation, Family","friendship, tyrannosaurus rex, cartoon, friends, alternate history, dinosaur, fear, storm, nature, journey",https://image.tmdb.org/t/p/w500/8RSkxOO80btfKjyiC5ZiTaCHIT8.jpg
Alerta Vermelho,Red Notice,Pro and cons.,Rawson Marshall Thurber,2021,"Action, Comedy, Crime","fbi, interpol, cleopatra, heist, art thief",https://image.tmdb.org/t/p/w500/lAXONuqg41NwUMuzMiFvicDET9Y.jpg
Battleship: A Batalha dos Mares,Battleship,The Battle for Earth Begins at Sea,Peter Berg,2012,"Thriller, Action, Adventure, Science Fiction","fight, u.s. navy, mind reading, hong kong, football (soccer), scientist, fictional war, naval, armada, battleship, naval combat, jds myoko, lost communication, taser, buoy, communications expert, joint chiefs of staff, crash landing, jet fighter pilot, navy lieutenant, permission to marry, aftercreditsstinger, naval warfare, uss missouri",https://image.tmdb.org/t/p/w500/9b0Im7SfedHiajTwzSL9zGyBI7M.jpg
RoboCop,RoboCop,We've got the future under control.,José Padilha,2014,"Science Fiction, Action, Crime, Thriller","future, police, cyborg, dystopia, remake, detroit, michigan",https://image.tmdb.org/t/p/w500/gM5ql3BKYmHG3WtZ0buKXN7xY8O.jpg
Beleza Oculta,Collateral Beauty,We are all connected,David Frankel,2016,"Drama, Romance","friendship, despair, group therapy, loss, grief, death, grieving father, central park, new york city, actors",https://image.tmdb.org/t/p/w500/pVIAPiIvHcitgXV8BA7uTyCcEuk.jpg
Uma Saída de Mestre,The Italian Job,Get in. Get out. Get even.,F. Gary Gray,2003,"Action, Crime","gold, california, helicopter, hacker, venice, italy, chase, parent child relationship, subway, mountain, austria, safe, heist, remake, caper, revenge, murder, double crossed, boat chase, los angeles, california, explosion, convict, hollywood sign, television repair, mini cooper",https://image.tmdb.org/t/p/w500/eSkjK4kctyrWpFhxl35GPvSs6tI.jpg
O Mágico de Oz,The Wizard of Oz,"We're off to see the Wizard, the wonderful Wizard of Oz!","Victor Fleming, George Cukor, Norman Taurog, Richard Thorpe, King Vidor",1939,"Adventure, Fantasy, Family","witch, adolescence, dream, based on novel or book, secret identity, lion, tornado, twister, scarecrow, musical, kansas, usa, imaginary land, cowardliness, monkey, female villain, wizard, sepia color, hourglass, red shoes, based on young adult novel, tin man, exuberant, vibrant",https://image.tmdb.org/t/p/w500/bSA6DbAC5gdkaooU164lQUX6rVs.jpg
Dr. Fantástico ou: Como eu Aprendi a Parar de Me Preocupar e Amar a Bomba,Dr. Strangelove or: How I Learned to Stop Worrying and Love the Bomb,The hot-line suspense comedy.,Stanley Kubrick,1964,"Drama, Comedy, War","usa president, general, cold war, strategic air command, dark comedy, nuclear missile, satire, black and white, war room, bomber pilot, nuclear weapons, ex-nazi, anti war, doomsday device, absurdism, provocative, bold",https://image.tmdb.org/t/p/w500/gHm96BRW4GoI339rF1vYoYTB6Qe.jpg
Salt,Salt,Who is Salt?,Phillip Noyce,2010,"Action, Mystery, Thriller","race against time, cia, assassination, espionage, kidnapping, spy, cold war, soviet union, double agent, revenge, on the run, shootout, female protagonist, hitwoman, terrorism, russian spy, intelligence officer",https://image.tmdb.org/t/p/w500/ppXyhOe8UCEOrBRSYqE3SkHwrcR.jpg
O Vingador do Futuro,Total Recall,What Is Real?,Len Wiseman,2012,"Action, Science Fiction, Thriller","dystopia, secret agent, remake, machine gun, resistance fighter, false memory, robot cop, suppression, rebel hero, safe deposit box, british colonialism, smog, gatling gun, center of the earth, implanted memory",https://image.tmdb.org/t/p/w500/fucmGeZYM4yzqJUnDTc4pKQNCej.jpg
O Gigante de Ferro,The Iron Giant,It came from outer space!,Brad Bird,1999,"Family, Animation, Science Fiction, Drama","friendship, small town, based on novel or book, self sacrifice, cold war, alien, meteorite, giant robot, autumn, fear of unknown, 1950s, mother son relationship",https://image.tmdb.org/t/p/w500/mThOw5rXLtdbY3WmuTsS9zsQBMG.jpg
Ghost: Do Outro Lado da Vida,Ghost,"Before Sam was murdered, he told Molly he'd love and protect her forever.",Jerry Zucker,1990,"Fantasy, Drama, Thriller, Mystery, Romance","fortune teller, corruption, afterlife, money transfer, money laundering, pottery, hell, heaven, murder, death, ghost, spiritism",https://image.tmdb.org/t/p/w500/w9RaPHov8oM5cnzeE27isnFMsvS.jpg
Transcendence: A Revolução,Transcendence,"Yesterday, Dr. Will Caster was only human...",Wally Pfister,2014,"Thriller, Science Fiction, Drama, Mystery","mind control, artificial intelligence (a.i.), computer virus, technology, nanotechnology, super computer, resurrection, love, terrorism, scientist, extremist, moral dilemma, computer scientist, mind transfer, quantum computer, mind uploading",https://image.tmdb.org/t/p/w500/qmOKJWl3wnXDcLhjtJHnCCCvAiO.jpg
O Turista,The Tourist,It all started when he met a woman.,Florian Henckel von Donnersmarck,2010,"Action, Thriller, Romance","hotel, paris, france, undercover agent, venice, italy, fake identity, boat chase",https://image.tmdb.org/t/p/w500/oXe1nw4HcS32YVpvxwsWEVdvEXA.jpg
Encantada,Enchanted,This fairytale princess is about to meet a real Prince Charming.,Kevin Lima,2007,"Comedy, Family, Fantasy, Romance","princess, new york city, magic, fairy tale, poison, queen, prince, musical, portal, female protagonist, manhattan, new york city, evil queen, fantasy world, evil witch, true love, part animation, live action and animation, central park, new york city",https://image.tmdb.org/t/p/w500/8KCNzCArLlvLdQoHx6npua2VSVc.jpg
A Escolha Perfeita 2,Pitch Perfect 2,We're back pitches,Elizabeth Banks,2015,"Comedy, Music","sequel, singer, audition, group of friends, duringcreditsstinger, singing competition, woman director, acapella, music movie",https://image.tmdb.org/t/p/w500/fQaEGzFmvTYu3G641WV0Tg9auAt.jpg
O Operário,The Machinist,How do you wake up from a nightmare if you’re not asleep?,Brad Anderson,2004,"Thriller, Drama","factory, insomnia, post it, machinist, osha, taunting, manhole, one armed man, torment, mother's day, losing weight, old photograph, dostoevsky",https://image.tmdb.org/t/p/w500/diAYqR4xdF9Hnj7qun6DEQhRrT2.jpg
Premonição,Final Destination,No accidents. No coincidences. No escapes.,James Wong,2000,Horror,"airport, omen, premonition, airplane accident, corpse, death, near-death experience, cheating death",https://image.tmdb.org/t/p/w500/1mXhlQMnlfvJ2frxTjZSQNnA9Vp.jpg
Colateral,Collateral,It started like any other night.,Michael Mann,2004,"Drama, Crime, Thriller","taxi, police, hitman, hostage, self-fulfilling prophecy, taxi driver, fbi, nightclub, briefcase, sociopath, professional hit, one night, gun violence, lapd, contract killer, neo-noir, cabbie, federal prosecutor, taxi ride, suspense thriller, los angeles airport (lax)",https://image.tmdb.org/t/p/w500/iOpi3ut5DhQIbrVVjlnmfy2U7dI.jpg
Magnatas do Crime,The Gentlemen,Criminal. Class.,Guy Ritchie,2020,"Comedy, Crime","london, england, robbery, businessman, dark comedy, betrayal, marijuana, business, jewish american, gunfight, brutality, cynical, american abroad, irishman, scheme, gangsters",https://image.tmdb.org/t/p/w500/jtrhTYB7xSrJxR1vusu99nvnZ1g.jpg
Barbie,Barbie,She's everything. He's just Ken.,Greta Gerwig,2023,"Comedy, Adventure, Fantasy","feminism, satire, patriarchy, based on toy, female protagonist, doll, submissive, fantasy world, motherhood, existentialism, woman director, mother daughter relationship, gender discrimination, barbie, secret world",https://image.tmdb.org/t/p/w500/iuFNMS8U5cb6xfzi51Dbkovj7vM.jpg
Uncharted: Fora do Mapa,Uncharted,Fortune favors the bold.,Ruben Fleischer,2022,"Action, Adventure","lighter, treasure hunt, treasure map, based on video game, lost treasure, duringcreditsstinger, missing relative",https://image.tmdb.org/t/p/w500/rJHC1RUORuUhtfNb4Npclx0xnOf.jpg
Alien 3,Alien³,The bitch is back.,David Fincher,1992,"Science Fiction, Action, Horror","prison, android, spacecraft, dystopia, imprisonment, space travel, space colony, redemption, rottweiler, sequel, alien, space, creature, planet, shaved head, crash landing, impregnation, penal colony, furnace, suspended animation, xenomorph",https://image.tmdb.org/t/p/w500/xh5wI0UoW7DfS1IyLy3d2CgrCEP.jpg
A Princesa e o Sapo,The Princess and the Frog,Every love story begins with a kiss...,"Ron Clements, John Musker",2009,"Romance, Family, Animation","princess, voodoo, new orleans, louisiana, restaurant, kiss, cajun, firefly, based on fairy tale, duringcreditsstinger, big dreams, frog prince, charlatan, 1920s, magic spell",https://image.tmdb.org/t/p/w500/yprv5PbnEksoVj2v6XEnDBg9joR.jpg
After: Depois da Verdade,After We Collided,Can love overcome the past?,Roger Kumble,2020,"Romance, Drama","based on novel or book, love, teenage crush",https://image.tmdb.org/t/p/w500/kiX7UYfOpYrMFSAGbI6j1pFkLzQ.jpg
Apocalypto,Apocalypto,No one can outrun their destiny.,Mel Gibson,2006,"Action, Drama, History","loss of loved one, maya civilization, village, solar eclipse, slavery, tribe, native american, forest, human sacrifice, central america, ancient civilization, 16th century, ancient language film",https://image.tmdb.org/t/p/w500/cBFQsU1LDBEOl0Ik0cygeB6wCLE.jpg
Um Parto de Viagem,Due Date,Leave your comfort zone.,Todd Phillips,2010,"Comedy, Drama","highway, slacker, hitchhiker, wallet, sunglasses, rest stop, vicodin, waffle",https://image.tmdb.org/t/p/w500/4dzo4uWmkgp20uwm0jpiduRtvju.jpg
Cidadão Kane,Citizen Kane,It's terrific!,Orson Welles,1941,"Mystery, Drama","media tycoon, florida, art collector, newspaper, capitalist, journalist, sleigh, banker, american dream, failure, money, snowglobes, child",https://image.tmdb.org/t/p/w500/sav0jxhqiH0bPr2vZFU0Kjt2nZL.jpg
As Aventuras de Tintim,The Adventures of Tintin,"This year, discover how far adventure will take you.",Steven Spielberg,2011,"Adventure, Animation, Mystery","treasure, captain, riddle, morocco, treasure hunt, liquor, based on comic, sunken treasure, reporter, 1950s",https://image.tmdb.org/t/p/w500/mKYkNro2btaWMsnYSuyqrBdHQo3.jpg
Matrix Resurrections,The Matrix Resurrections,Return to the Source.,Lana Wachowski,2021,"Science Fiction, Action, Adventure","future, man vs machine, underground world, artificial intelligence (a.i.), computer, virtual reality, prophecy, dystopia, cyberpunk, aftercreditsstinger, dream world, woman director, gnosticism",https://image.tmdb.org/t/p/w500/8c4a8kE7PizaGQQnditMmI1xbRp.jpg
A Entidade,Sinister,"Once you see him, nothing can save you.",Scott Derrickson,2012,"Horror, Thriller, Mystery","drowning, pennsylvania, usa, writing, child murder, snuff, tape, home movie footage, murder, massacre, power outage, held captive, hanging, death, car fire, attic, occult, super 8mm footage, moving in, crime novelist, novel writing, supernatural horror",https://image.tmdb.org/t/p/w500/nzx10sca3arCeYBAomHan4Q6wa1.jpg
Marte Ataca!,Mars Attacks!,Nice planet. We'll take it!,Tim Burton,1996,"Comedy, Fantasy, Science Fiction","usa president, the white house, planet mars, saving the world, cataclysm, total destruction, laser gun, ambassador, congress, flying saucer, dark comedy, parody, based on comic, alien, creature, alien invasion, horror comedy, outer space, absurd",https://image.tmdb.org/t/p/w500/hll4O5vSAfnZDb6JbnP06GPtz7b.jpg
Creed II,Creed II,There's More to Lose than a Title,Steven Caple Jr.,2018,"Drama, Action","sports, rivalry, sequel, los angeles, california, boxing, dedicated, box ring, ukraine",https://image.tmdb.org/t/p/w500/v3QyboWRoA4O9RbcsqH8tJMe8EB.jpg
Apollo 13: Do Desastre ao Triunfo,Apollo 13,"Houston, we have a problem.",Ron Howard,1995,"Drama, History","rescue, florida, race against time, moon, nasa, spaceman, based on true story, houston, survival, space, disaster, explosion, astronaut, hypothermia, apollo program, lunar mission, spacecraft accident",https://image.tmdb.org/t/p/w500/oYUZHYMwNKnE1ef4WE5Hw2a9OAY.jpg
Irmão Urso,Brother Bear,Nature Calls,"Aaron Blaise, Robert Walker",2003,"Adventure, Animation, Family","friendship, sibling relationship, transformation, grizzly bear, inuit, bear, sibling rivalry, turns into animal, unlikely friendship, aftercreditsstinger, duringcreditsstinger, animal lead, brother bear, bjørne brødre",https://image.tmdb.org/t/p/w500/otptPbEY0vBostmo95xwiiumMJm.jpg
Peter Pan,Peter Pan,It will live in your heart forever!,"Clyde Geronimi, Wilfred Jackson, Hamilton Luske, Jack Kinney",1953,"Animation, Family, Adventure, Fantasy","sibling relationship, flying, becoming an adult, magic, bravery, fairy, mermaid, child hero, peter pan, musical, pirate gang, pirate, native peoples",https://image.tmdb.org/t/p/w500/6UTZmeQcxbtW32MyR5nKIx7ID4f.jpg
Sem Escalas,Non-Stop,The hijacking was just the beginning,Jaume Collet-Serra,2014,"Action, Thriller, Mystery","airplane, fight, airplane hijacking, conspiracy, airplane crash, theft, cell phone, hijack, transatlantic, one night, mystery killer, flight attendant",https://image.tmdb.org/t/p/w500/Nkgaj3X0W2jHQ1TzHEgWFpN3kJ.jpg
Halloween - A Noite do Terror,Halloween,The Night He Came Home!,John Carpenter,1978,"Horror, Thriller","mask, police, halloween, babysitter, marijuana, stalking, serial killer, maniac, killing spree, family, evil, psychotic, escaped killer",https://image.tmdb.org/t/p/w500/wijlZ3HaYMvlDTPqJoTCWKFkCPU.jpg
Um Laço de Amor,Gifted,,Marc Webb,2017,"Drama, Comedy","cat, mathematics, intellectually gifted, child prodigy, teacher, school, prize, child custody, legal drama, gifted children, custody hearing",https://image.tmdb.org/t/p/w500/7YB2YrMwIm1g8FyZtlvmVDfRnAT.jpg
A Ilha,The Island,Your time will come...,Michael Bay,2005,"Action, Thriller, Science Fiction, Adventure","genetics, love of one's life, escape, transplantation, freedom, clone, dystopia, cloning, false memory, plague, human cloning, organ harvest, 2010s",https://image.tmdb.org/t/p/w500/n4HyHxnKCJG8SbqeLEK1nU5JbIR.jpg
Heróis de Ressaca,The World's End,Good food. Fine ales. Total Annihilation.,Edgar Wright,2013,"Comedy, Action, Science Fiction","addiction, alcoholism, end of the world, apocalypse, homage",https://image.tmdb.org/t/p/w500/kpglnOBYmKn0AkkWDzGxzKHDbds.jpg
Os Miseráveis,Les Misérables,Fight. Dream. Hope. Love.,Tom Hooper,2012,"History, Drama","rebellion, army, robbery, france, based on novel or book, love triangle, love at first sight, brothel, mayor, french revolution, musical, arrest, based on play or musical, barricade, wedding, prostitution, falling in love, corpse, parole, convict, forced prostitution, police inspector, girl disguised as boy, historical drama, 19th century, out of wedlock child, historical romance, death of a child, abusive family, corrupt businessman",https://image.tmdb.org/t/p/w500/90PyvT7SI5INKhMC6P7B5NJVx4t.jpg
Anastasia,Anastasia,Discover the Adventure Behind the Greatest Mystery of our Time.,"Don Bluth, Gary Goldman",1997,"Animation, Family, Fantasy, Adventure","nightmare, czar / tsar / tzar, musical, sorcerer, russian revolution (1917), train explosion, 1920s, villain song",https://image.tmdb.org/t/p/w500/3qbAX0cltrlbCXpgMmuv0LLrfp8.jpg
Borat: O Segundo Melhor Repórter do Glorioso País Cazaquistão Viaja à América,Borat: Cultural Learnings of America for Make Benefit Glorious Nation of Kazakhstan,"Come to Kazakhstan, it's nice!",Larry Charles,2006,Comedy,"journalist, california, prostitute, rodeo, kazakhstan, demeanor course, chicken, driving school, satire, mockumentary, social satire, anti-semitism, bear, reporter, aftercreditsstinger, duringcreditsstinger",https://image.tmdb.org/t/p/w500/kfkyALfD4G1mlBJI1lOt2QCra4i.jpg
Guardiões da Galáxia Vol. 3,Guardians of the Galaxy Vol. 3,Once more with feeling.,James Gunn,2023,"Science Fiction, Adventure, Action","hero, superhero, mad scientist, based on comic, sequel, superhero team, space opera, raccoon, aftercreditsstinger, duringcreditsstinger, marvel cinematic universe (mcu), cosmic, outer space, chosen family",https://image.tmdb.org/t/p/w500/r2J02Z2OpNTctfOSN1Ydgii51I3.jpg
O Gângster,American Gangster,There are two sides to the American dream,Ridley Scott,2007,"Drama, Crime","new york city, vietnam, drug smuggling, society, gangster, drug trafficking, heroin, junkie, ghetto, nightclub, ambition, rise and fall, cop, organized crime, drug dealing, police corruption, wedding, police detective, family, surveillance, bribery, law enforcement, aftercreditsstinger, dishonesty, 1960s, violence",https://image.tmdb.org/t/p/w500/sX9idXDqRUxE5ffww3n3RV5gL55.jpg
Hook: A Volta do Capitão Gancho,Hook,What if Peter Pan grew up?,Steven Spielberg,1991,"Adventure, Fantasy, Comedy, Family","rescue, daughter, flying, swordplay, sword, fairy tale, peter pan, memory loss, duel, pirate, hook, hook for a hand",https://image.tmdb.org/t/p/w500/a6rB1lGXoGms7gWxRfJneQmAjNV.jpg
Casablanca,Casablanca,They had a date with fate in Casablanca!,Michael Curtiz,1943,"Drama, Romance","corruption, nazi, escape, love triangle, resistance, spy, patriotism, casablanca, morocco, vichy regime, visa, nationalism, world war ii, morocco, film noir, war",https://image.tmdb.org/t/p/w500/5K7cOHoay2mZusSLezBOY0Qxh8a.jpg
Bad Boys II,Bad Boys II,"If you can't stand the heat, get out of Miami.",Michael Bay,2003,"Adventure, Action, Comedy, Thriller, Crime","drug smuggling, miami, florida, undercover agent, cuba, ku klux klan, kidnapping, money laundering, mexican standoff, ecstasy, male friendship, guantánamo, sequel, shootout, criminal underworld, drug lord, exploding house, dea agent, undercover operation, buddy cop, narcotics detective, action hero, buddy movie, haitian gang, dead bodies, buddy detective duo, police partners, russian mobster",https://image.tmdb.org/t/p/w500/yCvB5fG5aEPqa1St7ihY6KEAsHD.jpg
12 Horas para Sobreviver: O Ano da Eleição,The Purge: Election Year,Keep America great,James DeMonaco,2016,"Action, Horror, Thriller","dystopia, sequel, calvary, legalized murder, attack on politician, military attack",https://image.tmdb.org/t/p/w500/1VlgsPgOozGCzSdDenfLBoo4eNH.jpg
O Aviador,The Aviator,The way of the future,Martin Scorsese,2004,Drama,"ladykiller, pilot, biography, womanizer, phobia, aviation, u.s. congress, flying boat, test flight",https://image.tmdb.org/t/p/w500/lx4kWcZc3o9PaNxlQpEJZM17XUI.jpg
Carga Explosiva,The Transporter,Rules are made to be broken.,"Louis Leterrier, Corey Yuen",2002,"Action, Crime, Thriller","martial arts, transporter, france, human trafficking, organized crime, police chase, gunfight, explosion, young woman, getaway driver, assassination attempt, rules, bmw, ex special forces, french police, french detective, nice france, precision, transport, no questions asked, french inspector, modified vehicle",https://image.tmdb.org/t/p/w500/v3QIFUWgtVN4wejVuDZowuyJ20W.jpg
Presságio,Knowing,What happens when the numbers run out?,Alex Proyas,2009,"Action, Mystery, Science Fiction, Thriller","cataclysm, code, time capsule, end of the world, astrophysicist, grieving widower, lexington massachusetts, westford massachusetts, prediction, researcher, numbers, news",https://image.tmdb.org/t/p/w500/nO9gTGDNdYnPr9ILKNQmk6EVTVR.jpg
O Primeiro Homem,First Man,One giant leap into the unknown,Damien Chazelle,2018,"History, Drama","moon, based on novel or book, sacrifice, nasa, wife, obsession, space travel, space mission, biography, engineer, based on true story, moon landing, space, cancer, astronaut, historical event, death of daughter, compromise, test pilot, 1960s, apollo program",https://image.tmdb.org/t/p/w500/i91mfvFcPPlaegcbOyjGgiWfZzh.jpg
Poder Sem Limites,Chronicle,Of what are you capable?,Josh Trank,2012,"Science Fiction, Drama, Thriller","friendship, flying, seattle, washington, telekinesis, coming of age, outcast, loneliness, super power, found footage, aftercreditsstinger, abuse, based on short film, teenager",https://image.tmdb.org/t/p/w500/xENglsVIIWEEhhB5lgpy33tGcKI.jpg
Bravura Indômita,True Grit,Punishment comes one way or another,"Ethan Coen, Joel Coen",2010,"Drama, Adventure, Western","bounty hunter, based on novel or book, father murder, loss of loved one, texas ranger, arkansas, alcoholism, betrayal, eye patch",https://image.tmdb.org/t/p/w500/tCrB8pcjadZjsDk7rleGJaIv78k.jpg
A Órfã,Orphan,There's something wrong with Esther.,Jaume Collet-Serra,2009,"Horror, Thriller, Mystery","nun, deaf-mute, orphan, troubled marriage, aftercreditsstinger, duringcreditsstinger",https://image.tmdb.org/t/p/w500/lCGpOgoTOGLtZnBiGY9HRg5Xnjd.jpg
Cidades de Papel,Paper Towns,Get Lost. Get Found.,Jake Schreier,2015,"Mystery, Drama, Romance","high school, friendship, based on novel or book, classmate, based on young adult novel",https://image.tmdb.org/t/p/w500/eoF6wYVj1vbrCWjL0rBkdZpgrxS.jpg
A Dama e o Vagabundo,Lady and the Tramp,She's from the leash and license set... he's footloose and collar free!,"Clyde Geronimi, Wilfred Jackson, Hamilton Luske, Jack Cutting",1955,"Family, Animation, Romance","love of one's life, spaghetti, lover (female), kiss, cartoon cat, cartoon dog, pets",https://image.tmdb.org/t/p/w500/r9FiDSdBwNHdRwN0NMRrqfEHJGO.jpg
Era Uma Vez na América,Once Upon a Time in America,"Crime, passion and lust for power.",Sergio Leone,1984,"Drama, Crime","new york city, regret, lovesickness, rape, life and death, sexual abuse, street gang, corruption, based on novel or book, prohibition era, gangster, sadistic, money laundering, opium, mafia boss, murder, memory, jewish american, torture, brooklyn bridge, childhood friends, 1920s, 1960s, 1930s",https://image.tmdb.org/t/p/w500/i0enkzsL5dPeneWnjl1fCWm6L7k.jpg
Túmulo dos Vagalumes,火垂るの墓,,Isao Takahata,1988,"Animation, Drama, War","sibling relationship, hunger, world war ii, wartime, shelter, adult animation, anti war, anime, orphan siblings, children in wartime",https://image.tmdb.org/t/p/w500/k9tv1rXZbOhH7eiCk378x61kNQ1.jpg
Percy Jackson e o mar de monstros,Percy Jackson: Sea of Monsters,"Where There Are Gods, There Are Monsters.",Thor Freudenthal,2013,"Adventure, Family, Fantasy","sea, monster, based on novel or book, poison, hermes, tale, poseidon, fantasy world, demigod, golden fleece, olympus, quest, kronos, based on young adult novel",https://image.tmdb.org/t/p/w500/tAu90qEpLqwqiZLsMqpaMVr55oN.jpg
A Favorita,The Favourite,,Yorgos Lanthimos,2018,"Drama, Comedy, Thriller","great britain, queen, rivalry, rabbit, lgbt, 18th century, cousin cousin relationship, duchess, palace intrigue, aristocracy, british monarchy, war of the spanish succession, drop disease, queen anne",https://image.tmdb.org/t/p/w500/cwBq0onfmeilU5xgqNNjJAMPfpw.jpg
Boyhood: Da Infância à Juventude,Boyhood,12 years in the making.,Richard Linklater,2014,Drama,"high school, family's daily life, college, urban life, coming of age, growing up, domestic abuse, parenting, divorce, family, divorced parents, abusive husband, teenager",https://image.tmdb.org/t/p/w500/2BvtvDUyxiMJ4dmKfiQf4qdOHQN.jpg
A Outra Face,Face/Off,"In order to trap him, he must become him.",John Woo,1997,"Action, Crime, Science Fiction","prison, biological weapon, prisoner, bomb, undercover, psychopath, fbi, mexican standoff, face transplant, prison escape, flashback, revenge, tragedy, organized crime, shootout, boat chase, los angeles, california, doctor, disguise, vendetta, surgery, criminal gang, golden gun, archvillain, bullet ballet, archenemy, brother brother relationship, siblings, maximum security prison, fbi agent",https://image.tmdb.org/t/p/w500/rcSuBqYGKSGcptZGxYPT5jsN7zN.jpg
Trem-Bala,Bullet Train,The end of the line is just the beginning.,David Leitch,2022,"Action, Comedy, Thriller","mission, japan, assassin, based on novel or book, train, luck, deadly snake, duringcreditsstinger, one location, 子弹列车, ridiculous",https://image.tmdb.org/t/p/w500/j8szC8OgrejDQjjMKSVXyaAjw3V.jpg
O Fantástico Sr. Raposo,Fantastic Mr. Fox,Dig the life fantastic!,Wes Anderson,2009,"Adventure, Animation, Comedy, Family","based on novel or book, tree, peasant, fox, cider, tale, farm life, anthropomorphism, revenge, stop motion",https://image.tmdb.org/t/p/w500/njbTizADSZg4PqeyJdDzZGooikv.jpg
A Barraca do Beijo 2,The Kissing Booth 2,Rules can be broken...but so can hearts.,Vince Marcello,2020,"Comedy, Romance",,https://image.tmdb.org/t/p/w500/mb7wQv0adK3kjOUr9n93mANHhPJ.jpg
Jogos Mortais II,Saw II,Get Me A Glass Of Water...,Darren Lynn Bousman,2005,Horror,"sadism, riddle, serial killer, torture, survival horror, death match, macabre, mind game, death game",https://image.tmdb.org/t/p/w500/gTnaTysN8HsvVQqTRUh8m35mmUA.jpg
Rota de Fuga,Escape Plan,No one breaks out alone.,Mikael Håfström,2013,"Action, Thriller","prison, ship, prisoner, escape, prison escape",https://image.tmdb.org/t/p/w500/k09ydRsOtdjCUxierkknRdujIF2.jpg
Águas Rasas,The Shallows,What was once in the deep is now in the shallows.,Jaume Collet-Serra,2016,"Horror, Drama, Thriller","surfer, island, beach, mexico, animal attack, survival, creature, young woman, shark, great white shark, trapped, animal horror, prey",https://image.tmdb.org/t/p/w500/42HlPJmiE6rQdtT2lYzPPMQYvqG.jpg
17 Outra Vez,17 Again,Who says you're only young once?,Burr Steers,2009,Comedy,"high school, fake identity, bullying, high school sports, adult as a child, do over, age change",https://image.tmdb.org/t/p/w500/wqE9b0bdZsubI82zdX1ykLfPajh.jpg
A Bela Adormecida,Sleeping Beauty,Awaken to a World of Wonders!,"Les Clark, Clyde Geronimi, Eric Larson, Wolfgang Reitherman, Hamilton Luske",1959,"Fantasy, Animation, Romance, Family","princess, magic, kingdom, fairy tale, sleep, fairy, prince, castle, kiss, musical, knight, dragon, dungeon, based on fairy tale",https://image.tmdb.org/t/p/w500/e3K5cLvVRXVxhw4mXQET92p1dnz.jpg
Hellboy II: O Exército Dourado,Hellboy II: The Golden Army,Believe it or not... He's the good guy.,Guillermo del Toro,2008,"Fantasy, Horror, Adventure, Action","rebellion, superhero, auction, northern ireland, based on comic, resignation, spear, superhero team, super villain, remorse, self exile, citizen action, war zone, robot fighting, father son conflict",https://image.tmdb.org/t/p/w500/fGQAO4RgUzspO7L4u5KXirIn34s.jpg
Batman Eternamente,Batman Forever,"Courage now, truth always, Batman forever!",Joel Schumacher,1995,"Action, Crime, Fantasy","riddle, superhero, villain, rose, based on comic, partner, robin, broken neck, psychologist, criminal, district attorney, millionaire, super power, falling down stairs, tied up, tommy gun, beretta, knocked out, disfigurement, father figure, good versus evil",https://image.tmdb.org/t/p/w500/mzzNBVwTiiY94xAXDMWJpNPW2US.jpg
O Destino de uma Nação,Darkest Hour,Never never never surrender,Joe Wright,2017,"Drama, History","world war ii, biography, based on true story, london underground, british politics, british prime minister, british history, dunkirk, 1940s, winston churchill",https://image.tmdb.org/t/p/w500/z0K8uoNbrYKkbaP7wIeadJ4BmSL.jpg
A Lenda do Tesouro Perdido: Livro dos Segredos,National Treasure: Book of Secrets,The greatest adventure history has ever revealed.,Jon Turteltaub,2007,"Action, Adventure, Mystery, Thriller","gold, treasure, london, england, assassination, usa president, the white house, paris, france, parent child relationship, riddle, secret society, treasure hunt, desk, library of congress, archaeologist, revisionist history, ex-husband ex-wife relationship, american civil war, archeology, south dakota, ancestor, secret formula, decipher, anxious, hidden history, lincoln memorial, history and legacy, fictionalized history, mount rushmore, secret history, hidden clues, u.s. history, historical artifacts, buckingham palace, mount vernon estate, virginia",https://image.tmdb.org/t/p/w500/xxoIBbvmTj1ZttzV439jAvoovTw.jpg
De Repente 30,13 Going on 30,"For some, 13 feels like it was just yesterday. For Jenna, it was.",Gary Winick,2004,"Comedy, Fantasy, Romance","new york city, photographer, editor-in-chief, time travel, wish, child as an adult, friends in love, age change, time jump",https://image.tmdb.org/t/p/w500/iNZdSIfhSCMtRILDNyhLn8UKeSG.jpg
Happy Feet: O Pinguim,Happy Feet,WARNING: May Cause Toe-Tapping.,"George Miller, Warren Coleman, Judy Morris",2006,"Animation, Comedy, Family","fish, ocean, zoo, penguin, tap dancing, anthropomorphism, love, crush, snow, singing, antarctica, family, duringcreditsstinger",https://image.tmdb.org/t/p/w500/zP4CK9O70P8GDilfTkPm4lrmaks.jpg
A Grande Muralha,The Great Wall,1700 years to build. 5500 miles long. What were they trying to keep out?,Yimou Zhang,2016,"Action, Adventure, Fantasy","monster, china, archer, female soldier, historical fiction, explosion, period drama, british soldier, great wall of china, 15th century, female general, war",https://image.tmdb.org/t/p/w500/p70dq1YxabemdZDm5K6Q8G10wSn.jpg
Terra Selvagem,Wind River,Nothing is harder to track than the truth.,Taylor Sheridan,2017,"Crime, Drama, Mystery, Thriller","wyoming, usa, rape, gun, fbi, mountain, investigation, native american, forest, murder, shootout, photograph, native american reservation, binoculars, rape and revenge, snowmobile, missing and murdered indigenous women",https://image.tmdb.org/t/p/w500/pySivdR845Hom4u4T2WNkJxe6Ad.jpg
Cowboys & Aliens,Cowboys & Aliens,First Contact. Last Stand.,Jon Favreau,2011,"Action, Science Fiction, Thriller, Western","spacecraft, sheriff, robbery, escape, arizona, laser, apache nation, native american, based on comic, alien, outlaw, ufo, gunfight, creature, alien invasion, 19th century",https://image.tmdb.org/t/p/w500/9uZsGCP4rvOHVGCpMpYq5gNCuNI.jpg
Projeto Gemini,Gemini Man,Who will save you from yourself?,Ang Lee,2019,"Science Fiction, Action, Adventure, Thriller","hitman, clone",https://image.tmdb.org/t/p/w500/uTALxjQU8e1lhmNjP9nnJ3t2pRU.jpg
Demolidor: O Homem sem Medo,Daredevil,"When the streets have gone to Hell, have faith in the devil.",Mark Steven Johnson,2003,"Fantasy, Action","blindness and impaired vision, narration, superhero, based on comic, daredevil, hazardous waste, mob hit, duringcreditsstinger",https://image.tmdb.org/t/p/w500/oCDBwSkntYamuw8VJIxMRCtDBmi.jpg
Amor & Outras Drogas,Love & Other Drugs,Addicted to one-night stands or dependent on one another?,Edward Zwick,2010,"Drama, Comedy, Romance","letter, sexual freedom, love, viagra, free spirit",https://image.tmdb.org/t/p/w500/wZLM2uKJRYNchLmiCIjosX0rXy8.jpg
À Prova de Morte,Death Proof,A crash course in revenge,Quentin Tarantino,2007,"Action, Thriller","sports car, sadism, psychopath, disc jockey, ladykiller, exploitation, gore, stunt, female friendship, women's prison, stalker, stuntman, grindhouse, beaten to death, slasher, sadist, killer car, duringcreditsstinger, bloody, april march",https://image.tmdb.org/t/p/w500/vtu6H4NWnQVqEp3aanUq3hNeeot.jpg
Desventuras em Série,Lemony Snicket's A Series of Unfortunate Events,Mishaps. Misadventures. Mayhem. Oh Joy.,Brad Silberling,2004,"Adventure, Comedy, Family","steampunk, orphan, orphan siblings, unfortunate, based on young adult novel",https://image.tmdb.org/t/p/w500/r7S57FpBsCljWc9fBUo2Iy5XGew.jpg
Romeu + Julieta,Romeo + Juliet,My only love sprung from my only hate.,Baz Luhrmann,1996,"Drama, Romance","suicide, gang war, forbidden love, based on play or musical, murder, gun violence, star crossed lovers, shakespeare in modern dress, teenage romance, masquerade",https://image.tmdb.org/t/p/w500/eLf4jclPijOqfEp6bDAmezRFxk5.jpg
Bloodshot,Bloodshot,Being a superhero is in his blood,Dave Wilson,2020,"Action, Science Fiction, Adventure","nanotechnology, superhero, based on comic, memory, psychotronic, valiant comics",https://image.tmdb.org/t/p/w500/8WUVHemHFH2ZIP6NWkwlHWsyrEL.jpg
Atividade Paranormal,Paranormal Activity,What Happens When You Sleep?,Oren Peli,2007,"Horror, Mystery","haunting, psychic, entity, demonic possession, found footage",https://image.tmdb.org/t/p/w500/tmclkEpjeo4Zu564gf3KrwIOuKw.jpg
Chamas da Vingança,Man on Fire,"Creasy's art is death, and he is about to paint his masterpiece.",Tony Scott,2004,"Action, Drama, Thriller","cia, mexico, mexico city, mexico, based on novel or book, kidnapping, bodyguard, diary, bible, remake, stuffed animal, revenge, cell phone, alcoholic, grenade launcher, child kidnapping, bloodshed, swim meet, corrupt cop",https://image.tmdb.org/t/p/w500/v8H6dPqXhHWW137ubxqD4HdHTib.jpg
Dredd,Dredd,Judgement is coming.,Pete Travis,2012,"Action, Science Fiction","metropolis, corruption, police, judge, gangster, crime fighter, dystopia, post-apocalyptic future, executive case, based on comic, futuristic, survival, criminal, justice, drug lord, based on graphic novel, female villain",https://image.tmdb.org/t/p/w500/wLx65gtGVnUFCxceHWGszcruCZj.jpg
Aristogatas,The Aristocats,A tune-filled animated extravaganza.,Wolfgang Reitherman,1970,"Animation, Comedy, Family, Adventure","paris, france, return, butler, suspension, inheritance, cartoon cat, kitten, 1910s, cartoon goose",https://image.tmdb.org/t/p/w500/1BVOSmQUhphMgnTxnXyfQ9tL1Sc.jpg
A Torre Negra,The Dark Tower,There are other worlds than these,Nikolaj Arcel,2017,"Fantasy, Action, Science Fiction","mind control, gunslinger, based on novel or book, portal, parallel world, another world",https://image.tmdb.org/t/p/w500/i9GUSgddIqrroubiLsvvMRYyRy0.jpg
"Jack, o Caçador de Gigantes",Jack the Giant Slayer,Prepare for a giant adventure,Bryan Singer,2013,"Fantasy, Action, Adventure, Family","based on fairy tale, giant",https://image.tmdb.org/t/p/w500/9jSI7saUX9Qz0JLh19jX2ulEwL7.jpg
A Colina Escarlate,Crimson Peak,Love makes monsters of us all.,Guillermo del Toro,2015,"Horror, Romance","psychopath, poison, haunted house, mining, murder, gothic, incest, ghost, old mansion, brutal murder",https://image.tmdb.org/t/p/w500/s6cFBCAlfFBwBKVgJOme3JpjZLo.jpg
O Protetor 2,The Equalizer 2,There is no equal.,Antoine Fuqua,2018,"Action, Thriller, Crime","drug dealer, martial arts, cia, rape, kidnapping, hostage, hurricane, sequel, revenge, murder, gang, massacre, elite forces, vigilante justice",https://image.tmdb.org/t/p/w500/cQvc9N6JiMVKqol3wcYrGshsIdZ.jpg
O Homem Que Mudou o Jogo,Moneyball,What are you really worth?,Bennett Miller,2011,Drama,"underdog, california, sports, 1970s, baseball, based on true story, oakland, california, job transfer, oakland athletics, franchise, talent manager, statistics, 1980s, 2000s, mlb",https://image.tmdb.org/t/p/w500/4yIQq1e6iOcaZ5rLDG3lZBP3j7a.jpg
O Exterminador do Futuro: Destino Sombrio,Terminator: Dark Fate,Welcome to the day after judgement day,Tim Miller,2019,"Science Fiction, Action","helicopter, mexico city, mexico, artificial intelligence (a.i.), cyborg, dystopia, time travel, sequel, plane crash, terminator",https://image.tmdb.org/t/p/w500/vqzNJRH4YyquRiWxCCOH0aXggHI.jpg
Na Mira do Chefe,In Bruges,Shoot first. Sightsee later.,Martin McDonagh,2008,"Comedy, Drama, Crime","drug dealer, hitman, tourist, dark comedy, bruges, belgium, church, guilt, death, town square, vietnamese, canadian stereotype, neo-noir, christmas",https://image.tmdb.org/t/p/w500/jMiBBqk72VRo1Y39x2ZbbenEU3a.jpg
John Wick 4: Baba Yaga,John Wick: Chapter 4,"No way back, one way out.",Chad Stahelski,2023,"Action, Thriller, Crime","new york city, martial arts, hitman, sequel, organized crime, osaka, japan, blindness, aftercreditsstinger, hunted, consequences, professional assassin, neo-noir, berlin, suspenseful, intense",https://image.tmdb.org/t/p/w500/vZloFAK7NmvMGKE7VkF5UHaz0I.jpg
Código de Conduta,Law Abiding Citizen,Justice at any cost.,F. Gary Gray,2009,"Drama, Crime, Thriller","prison, assassin, philadelphia, pennsylvania, bomb, secret passage, deal, investigation, explosion, justice, criminal mastermind, district attorney, courtroom, rape and revenge, vigilantism, vigilante justice",https://image.tmdb.org/t/p/w500/fcEXcip7v0O1ndV4VUdFqJSqbOg.jpg
O Aprendiz de Feiticeiro,The Sorcerer's Apprentice,It's The Coolest Job Ever.,Jon Turteltaub,2010,"Fantasy, Adventure, Action","witch, mission, magic, mystic, castle, sorcerer's apprentice, sorcery, sorcerer, falling in love, based on movie, reflection, magic trick, wizard, aftercreditsstinger, magical creature, statue, college student, electric power, morgana, magician, magic book, live action remake, good versus evil, electricity, spell & sorcery, salem witch, magic shop, magic ring, callback, raising the dead",https://image.tmdb.org/t/p/w500/b5pIUsGll0418NyfNA5eYCI9aoK.jpg
O Diário de Bridget Jones,Bridget Jones's Diary,Health Warning: Adopting Bridget's lifestyle could seriously damage your health.,Sharon Maguire,2001,"Comedy, Romance, Drama","daughter, london, england, lovesickness, england, sexual frustration, alcohol, parent child relationship, telecaster, birthday, cigarette, diary, lawyer, reporter, extramarital affair, duringcreditsstinger, woman director",https://image.tmdb.org/t/p/w500/2GFbvryLXbS2K80oadfzNoPo90O.jpg
O Nevoeiro,The Mist,"Belief divides them, mystery surrounds them, but fear changes everything.",Frank Darabont,2007,"Horror, Science Fiction, Thriller","monster, based on novel or book, supermarket, fight, faith, prayer, artist, spider, fog, bible, giant monster, survival, disaster, anger, thunderstorm, father son relationship",https://image.tmdb.org/t/p/w500/1CvJ6diBACKPVGOpcWuY4XPQdqX.jpg
Infiltrado,Wrath of Man,A one man army.,Guy Ritchie,2021,"Crime, Thriller, Action","robbery, crime boss, revenge, shootout, shooter, los angeles, california, theft, security guard, ex soldier, cash truck",https://image.tmdb.org/t/p/w500/M7SUK85sKjaStg4TKhlAVyGlz3.jpg
Drácula de Bram Stoker,Bram Stoker's Dracula,Love Never Dies.,Francis Ford Coppola,1992,"Romance, Horror","adultery, london, england, transylvania, vampire, bite, camping, maze, remake, rough sex, wake, religious conflict, correspondence, 19th century, 15th century",https://image.tmdb.org/t/p/w500/scFDS0U5uYAjcVTyjNc7GmcZw1q.jpg
Batman & Robin,Batman & Robin,"Strength Now. Courage Always. Family, Above All. Batman and Robin!",Joel Schumacher,1997,"Action, Science Fiction, Adventure, Comedy","dual identity, double life, crime fighter, superhero, based on comic, credit card, super power, super villain, good versus evil",https://image.tmdb.org/t/p/w500/cGRDufDDSrFrv7VI4YnmWnslne0.jpg
Arranha-Céu - Coragem sem Limite,Skyscraper,Don't look down,Rawson Marshall Thurber,2018,"Action, Thriller","fire, china, skyscraper, hong kong, high tech, security system, pearl, penthouse, world's tallest building, trapped in burning building",https://image.tmdb.org/t/p/w500/52ml62vClzrlqvXZq2FEW6UF6c1.jpg
Atração Perigosa,The Town,Welcome to the bank robbery capital of America.,Ben Affleck,2010,"Crime, Drama, Thriller","drug dealer, based on novel or book, ambulance, boston, massachusetts, money laundering, bank manager, massachusetts, florist, flower shop, stolen money, hold-up robbery, volunteer, heist, friends, boston garden, police chase, best friend, bank robbery, car fire, fenway park",https://image.tmdb.org/t/p/w500/3NIzyXkfylsjflRKSz8Fts3lXzm.jpg
A Hora do Pesadelo,A Nightmare on Elm Street,"If Nancy doesn't wake up screaming, she won't wake up at all!",Wes Craven,1984,Horror,"dream, nightmare, sadism, psychopath, sleep, child murder, supernatural, ohio, murder, slasher, trapped, alcoholic, boiler room, booby trap, disfigurement, medical test, nightmare becomes reality, supernatural horror",https://image.tmdb.org/t/p/w500/wGTpGGRMZmyFCcrY2YoxVTIBlli.jpg
O Corcunda de Notre Dame,The Hunchback of Notre Dame,Join the party!,"Gary Trousdale, Kirk Wise",1996,"Drama, Animation, Family","dance, paris, france, based on novel or book, judge, sword, obsession, mockery, ugliness, cathedral, musical, fool, bell, religion, orphan, army captain, festival, angry mob, notre dame cathedral, witch hunt, 15th century",https://image.tmdb.org/t/p/w500/hImMgT9B27evYSRmfztqdDtX6qi.jpg
Os Mercenários 3,The Expendables 3,New team. New attitude. New mission.,Patrick Hughes,2014,"Action, Adventure, Thriller","cia, rescue mission, arms dealer, sequel, hospital, battle, sledgehammer, revolver",https://image.tmdb.org/t/p/w500/ruW3malZtlg66ODfg614dFbXO68.jpg
Encontro Marcado,Meet Joe Black,Sooner or later everyone does.,Martin Brest,1998,"Fantasy, Drama, Romance","life and death, broken engagement, love at first sight, fireworks, religion and supernatural, based on play or musical, fate, teenage crush, doctor, millionaire, death personified, death incarnate, angel of death, encontro marcado",https://image.tmdb.org/t/p/w500/fDPAjvfPMomkKF7cMRmL5Anak61.jpg
Lego Batman: O Filme,The Lego Batman Movie,Always be yourself. Unless you can be Batman.,Chris McKay,2017,"Animation, Action, Comedy, Family","superhero, based on comic, based on toy, spin off, super power, lego",https://image.tmdb.org/t/p/w500/snGwr2gag4Fcgx2OGmH9otl6ofW.jpg
A Mula,The Mule,Nobody Runs Forever,Clint Eastwood,2018,"Crime, Drama","mexico, drug crime, drug mule, based on true story, drug cartel, dea agent, korean war veteran, based on magazine, newspaper or article, 2000s, sinaloa",https://image.tmdb.org/t/p/w500/vkOfx5meJvFb4qmAJU7j6v8IIpZ.jpg
O Amor Não Tira Férias,The Holiday,It's Christmas Eve and we are going to go celebrate being young and being alive.,Nancy Meyers,2006,"Comedy, Romance","london, england, movie business, christmas party, country house, vacation, surrey, los angeles, california, multiple storylines, woman director, christmas, house swapping",https://image.tmdb.org/t/p/w500/6fbqG49Q7IWBWdyJ7asNTcNbnG6.jpg
Dumbo,Dumbo,The One...The Only...The FABULOUS...,"Samuel Armstrong, Norman Ferguson, Wilfred Jackson, Jack Kinney, Bill Roberts, Ben Sharpsteen",1941,"Animation, Family","mother, dream, nightmare, suffering, circus, clown, ear, musical, crow, affection, storch, big ears, cartoon mouse, cartoon elephant",https://image.tmdb.org/t/p/w500/4x9FmvdJ464Fg7A9XcbYSmxfVw3.jpg
Quem Vai Ficar com Mary?,There's Something About Mary,Love Is In The Hair.,"Bobby Farrelly, Peter Farrelly",1998,"Romance, Comedy","surgeon, romantic comedy, stalker, dream girl, taboo, screwball comedy, frisbee, troubadour, intellectual disability",https://image.tmdb.org/t/p/w500/g03pwohXHOI75InM3zraiaEGguO.jpg
O Diário da Princesa,The Princess Diaries,She rocks. She rules. She reigns.,Garry Marshall,2001,"Comedy, Family, Romance","princess, high school, based on novel or book, grandparent grandchild relationship, heir to the throne, royalty, social outcast, fictitious country, based on young adult novel",https://image.tmdb.org/t/p/w500/wA4lgl8gmoICSShviCkEB61nIBB.jpg
O Caçador e a Rainha do Gelo,The Huntsman: Winter's War,The story before Snow White,Cedric Nicolas-Troyan,2016,"Action, Adventure, Drama","witch, strong woman, magic, fairy tale, female soldier, female empowerment, huntsman, wicked woman, live action remake",https://image.tmdb.org/t/p/w500/cjAGYsTPmmhZOwzrgon0Drpu43K.jpg
Evereste,Everest,The Storm Awaits.,Baltasar Kormákur,2015,"Adventure, Drama, History","himalaya mountain range, mountain, hiking, snowstorm, based on true story, climbing, snow, death, blizzard, mountain climbing, mount everest",https://image.tmdb.org/t/p/w500/4xmndWnTYTE4bDdlWrkZyaGcZlo.jpg
RoboCop: O Policial do Futuro,RoboCop,Part man. Part machine. All cop. The future of law enforcement.,Paul Verhoeven,1987,"Action, Thriller, Science Fiction","experiment, cyborg, crime fighter, dystopia, giant robot, evil corporation, cyberpunk, detroit, michigan, law enforcement, gentrification, corrupt system, megacorporation",https://image.tmdb.org/t/p/w500/hHtOgGb3NihlyRATHlKPaFApbrd.jpg
American Pie: A Segunda Vez é Ainda Melhor,American Pie 2,This Summer It's All About Sticking Together.,J.B. Rogers,2001,"Comedy, Romance","summer, beach house, group of friends, tantra, superglue, sex comedy",https://image.tmdb.org/t/p/w500/854ZZxXdeabAs90mrV72NqShJqR.jpg
O Lugar Onde Tudo Termina,The Place Beyond the Pines,One moment can change your life.,Derek Cianfrance,2013,"Drama, Crime","corruption, parent child relationship, hostage, motel, carnival, stuntman, house party, mechanic, religion, bag of money, motorcycle, police officer, bank robbery, rookie cop, haunted by the past, legacy, evidence room, diverging narrative",https://image.tmdb.org/t/p/w500/vY5j2xQzMGWmxBuhQo0HfA4Lxqb.jpg
Glass Onion: Um Mistério Knives Out,Glass Onion: A Knives Out Mystery,"When the game ends, the mystery begins.",Rian Johnson,2022,"Comedy, Crime, Mystery","detective, greece, investigation, mona lisa (la gioconda), satire, sequel, murder, billionaire, whodunit, puzzle box, clue, identical twin, murder mystery, arrested development, covid-19",https://image.tmdb.org/t/p/w500/vDGr1YdrlfbU9wxTOdpf3zChmv9.jpg
Círculo de Fogo: A Revolta,Pacific Rim: Uprising,Rise up.,Steven S. DeKnight,2018,"Action, Fantasy, Science Fiction, Adventure","army, monster, giant monster, damage, sequel, alien, giant robot, creature, robot, kaiju, alien monster, teenage hero, robot suits, mount fuji",https://image.tmdb.org/t/p/w500/qh3LRJG0ddJPe6Q7SqMJhBWxGHu.jpg
O Ilusionista,The Illusionist,Nothing is what it seems,Neil Burger,2006,"Fantasy, Drama, Thriller, Romance","princess, magic, rivalry, love, vienna, austria, super power, crown prince, duchess, childhood sweetheart",https://image.tmdb.org/t/p/w500/4I1oOPHNrHLcvz3wTMuETJLws9z.jpg
O Quarto do Pânico,Panic Room,,David Fincher,2002,"Crime, Drama, Thriller","new york city, bravery, safe, burglary, single mother, home invasion, divorcee, teenage daughter, diabetic, ex-husband ex-wife relationship, moving in, trapped in a house, bearer bonds, mother daughter relationship, robbery crew, suspense thriller",https://image.tmdb.org/t/p/w500/7BabiNfuSycl58M9Cgl3Nf97n1F.jpg
Bee Movie: A História de uma Abelha,Bee Movie,Born to bee wild.,"Steve Hickner, Simon J. Smith",2007,"Family, Animation, Adventure, Comedy","factory worker, airplane, court, tennis, florist, flower shop, college, pilot, beehive, aftercreditsstinger, cartoon bee",https://image.tmdb.org/t/p/w500/rYBaXgvTKFS8iZC7Wr8SMomSauQ.jpg
Cães de Guerra,War Dogs,An American dream,Todd Phillips,2016,"Comedy, Crime, Drama","corruption, smuggling (contraband), iraq, rise and fall, drugs, american exceptionalism",https://image.tmdb.org/t/p/w500/uH9qGH5XS1iZXCSb3tgu40dxQoh.jpg
A Fuga das Galinhas,Chicken Run,This ain't no chick flick. It's poultry in motion.,"Peter Lord, Nick Park",2000,"Animation, Comedy, Family","farm, northern england, escape, freedom, chicken, yorkshire, stop motion, explosion, farmer, pie machine, claymation, plasticine, royal air force, raf",https://image.tmdb.org/t/p/w500/oYbVT9e0k2ZSrRhDSCw2Yqshe1n.jpg
Jack Reacher: Sem Retorno,Jack Reacher: Never Go Back,Justice is Coming.,Edward Zwick,2016,"Action, Thriller","based on novel or book, homicide, falsely accused, opium, new orleans, louisiana, sequel, false accusations, hdd",https://image.tmdb.org/t/p/w500/cOg3UT2NYWHZxp41vpxAnVCOC4M.jpg
Red: Crescer é uma Fera,Turning Red,Growing up is a beast.,Domee Shi,2022,"Animation, Family, Comedy, Fantasy","friendship, canada, concert, temple, shapeshifting, toronto, canada, coming of age, teenage girl, female protagonist, east asian lead, animal, domineering mother, perfectionist, aftercreditsstinger, chinese canadian, woman director, ancestor, boy band, mother daughter relationship, red panda",https://image.tmdb.org/t/p/w500/qsdjk9oAKSQMWs0Vt5Pyfh6O4GZ.jpg
Curtindo a Vida Adoidado,Ferris Bueller's Day Off,One man's struggle to take it easy.,John Hughes,1986,Comedy,"chicago, illinois, high school, independence, coming of age, caper, breaking the fourth wall, teen movie, fantasy sequence, car theft, skipping school, aftercreditsstinger, duringcreditsstinger, truancy, day in a life, 1980s, teenager",https://image.tmdb.org/t/p/w500/9LTQNCvoLsKXP0LtaKAaYVtRaQL.jpg
MIB: Homens de Preto - Internacional,Men in Black: International,The universe is expanding,F. Gary Gray,2019,"Comedy, Science Fiction, Action","london, england, paris, france, secret organization, sahara desert, based on comic, sequel, co-workers relationship, alien invasion, brooklyn, new york city, eiffel tower, paris, buddy cop, alien friendship, weapons trafficking, marrakesh, morocco",https://image.tmdb.org/t/p/w500/dPrUPFcgLfNbmDL8V69vcrTyEfb.jpg
Viagem ao Centro da Terra: O Filme,Journey to the Center of the Earth,Same Planet. Different World.,Eric Brevig,2008,"Action, Science Fiction, Adventure, Comedy, Family","based on novel or book, volcano, iceland, prehistory, prehistoric creature, dinosaur",https://image.tmdb.org/t/p/w500/myhj05hTAcQL2rhOrMqWxiioo49.jpg
Fome de Poder,The Founder,Risk taker. Rule breaker. Game changer.,John Lee Hancock,2016,"Drama, History","greed, ambition, biography, family business , based on true story, salesman, corporate greed, fast food, corporate power, franchise, 1950s, burger, mcdonald's",https://image.tmdb.org/t/p/w500/8gLIksu5ggdfBL1UbeTeonHquxl.jpg
Los Angeles: Cidade Proibida,L.A. Confidential,Everything is suspect... Everyone is for sale... And nothing is what it seems.,Curtis Hanson,1997,"Crime, Mystery, Thriller","corruption, based on novel or book, call girl, shotgun, detective, femme fatale, domestic violence, whodunit, corpse, district attorney, movie star, good cop bad cop, neo-noir, 1950s",https://image.tmdb.org/t/p/w500/lWCgf5sD5FpMljjpkRhcC8pXcch.jpg
El Camino: Um Filme de Breaking Bad,El Camino: A Breaking Bad Movie,,Vince Gilligan,2019,"Crime, Drama, Thriller, Action","new mexico, drugs, meth lab, albuquerque, new mexico, crystal meth, based on tv series, methamphetamine",https://image.tmdb.org/t/p/w500/ePXuKdXZuJx8hHMNr2yM4jY2L7Z.jpg
Tempestade: Planeta em Fúria,Geostorm,Some things were never meant to be controlled.,Dean Devlin,2017,"Action, Science Fiction, Thriller","future, artificial intelligence (a.i.), weather manipulation, end of the world, murder, space, conspiracy, disaster, apocalypse, storm, space station, space shuttle, catastrophe, disaster movie, global threat, environmental disaster, overpopulated world",https://image.tmdb.org/t/p/w500/nrsx0jEaBgXq4PWo7SooSnYJTv.jpg
Ilha dos Cachorros,Isle of Dogs,Welcome to the Isle of Dogs.,Wes Anderson,2018,"Adventure, Comedy, Animation","island, japan, stop motion, dog, garbage dump, pets",https://image.tmdb.org/t/p/w500/c0nUX6Q1ZB0P2t1Jo6EeFSVnOGQ.jpg
Entrando Numa Fria Maior Ainda,Meet the Fockers,Misery loves family.,Jay Roach,2004,"Comedy, Romance","florida, cia, nurse, parent child relationship, anti-authoritarian upbringing, parents-in-law, orderly, just married, sex therapy, bad father-in-law, family, illegitimate son, meddling father",https://image.tmdb.org/t/p/w500/yr63jamc8NuEXUNQPX1fyjoEF2Q.jpg
O Ataque,White House Down,It will start like any other day,Roland Emmerich,2013,"Action, Drama, Thriller","usa president, the white house, conspiracy, secret service",https://image.tmdb.org/t/p/w500/hXLScIERphkTsMGdfKKvF4p4SPB.jpg
Invasão a Londres,London Has Fallen,The world's leaders have assembled. So have their enemies.,Babak Najafi,2016,"Action, Thriller","london, england, usa president, terrorism, political assassination, terrorist attack",https://image.tmdb.org/t/p/w500/korY0GInEJThWEm23MRmErQ3GqT.jpg
Professora Sem Classe,Bad Teacher,She doesn't give an F.,Jake Kasdan,2011,Comedy,"classroom, manipulation, teacher, school, middle school, incompetence, gold digger, workplace comedy",https://image.tmdb.org/t/p/w500/zpIY4qUSX91J9XpPgr0hFrk1eKr.jpg
Atirador,Shooter,Yesterday was about honor. Today is about justice.,Antoine Fuqua,2007,"Action, Drama, Mystery, Thriller, Crime","sniper, philadelphia, pennsylvania, assassination, based on novel or book, kidnapping, fbi, ethiopia, senator, kentucky, president, tennessee, on the run, conspiracy, gunsmith, dog, ex-marine, patriot, u.s. marine, military veteran, contractor, framed for murder, secluded cabin, archbishop, langley virginia, ex military, war widow, army colonel, manhunt, death of friend, fbi agent, bozeman montana, gunnery sergeant, wyoming, fugitive suspect, assassination plot, marine sniper, spotter",https://image.tmdb.org/t/p/w500/tyRP8JedrDkPPvH3JxKYsdP2esu.jpg
Sucker Punch: Mundo Surreal,Sucker Punch,Feed Your Head,Zack Snyder,2011,"Action, Fantasy, Thriller","escape, asylum, brothel, dragon, robot, inmate, alternative, lobotomy, rape culture",https://image.tmdb.org/t/p/w500/8oBc33JEnYm3rqPIwGtQXQbP96j.jpg
Homem-Aranha: Através do Aranhaverso,Spider-Man: Across the Spider-Verse,It's how you wear the mask that matters.,"Joaquim Dos Santos, Kemp Powers, Justin K. Thompson",2023,"Animation, Action, Adventure","new york city, sacrifice, superhero, comic book, based on comic, sequel, romance, alternate dimension, india, alternate version, super power, brooklyn, new york city, superhero team, spider bite, super villain, cliffhanger, teen superhero, chelsea, alternate universe, teen romance, female superhero, slow burn romance, interdimensional travel, defying fate",https://image.tmdb.org/t/p/w500/8Vt6mWEReuy4Of61Lnj5Xj704m8.jpg
Tropas Estelares,Starship Troopers,The only good bug is a dead bug.,Paul Verhoeven,1997,"Adventure, Action, Thriller, Science Fiction","spacecraft, space marine, army, moon, based on novel or book, asteroid, intelligence, dystopia, buenos aires, argentina, space battle, satire, giant insect, creature, soldier, drill instructor, military, bugs",https://image.tmdb.org/t/p/w500/cxCmv23O7p3hyHwqoktHYkZcGsY.jpg
Sexo Sem Compromisso,No Strings Attached,Friendship has its benefits.,Ivan Reitman,2011,"Comedy, Romance","parent child relationship, casual meeting, sexual humor, student of medicine, friends, open relationship, best friend, valentine's day, casual sex, friends in love, duringcreditsstinger, fling, father son conflict",https://image.tmdb.org/t/p/w500/9C09L1U9S13J4Ut029Qhu0oLcTQ.jpg
Alien - A Ressurreição,Alien Resurrection,It's already too late.,Jean-Pierre Jeunet,1997,"Science Fiction, Horror, Action","android, smuggling (contraband), dystopia, mercenary, sequel, alien, betrayal, cloning, creature, scientist, flamethrower, gene manipulation, man in wheelchair, breeding, genetic engineering, regeneration, xenomorph, alien queen, explosive decompression",https://image.tmdb.org/t/p/w500/9aRDMlU5Zwpysilm0WCWzU2PCFv.jpg
A Hora do Rush,Rush Hour,The fastest hands in the East meet the biggest mouth in the West.,Brett Ratner,1998,"Action, Comedy, Crime","martial arts, fbi, two man army, chinese mafia, los angeles, california, east asian lead, buddy cop, consul, crime lord, art treasures, child kidnapping, duringcreditsstinger, action hero",https://image.tmdb.org/t/p/w500/we7wOLVFgxhzLzUt0qNe50xdIQZ.jpg
A Visita,The Visit,No one loves you like your grandparents.,M. Night Shyamalan,2015,"Horror, Mystery","farm, rap music, sibling relationship, pennsylvania, usa, grandparents, murder, single mother, oven, found footage, hide and seek, diaper",https://image.tmdb.org/t/p/w500/3pES4OVFcKSB5Ls1fqbMLANkQMj.jpg
Ponte para Terabítia,Bridge to Terabithia,"Close your eyes, but keep your mind wide open.",Gabor Csupo,2007,"Adventure, Drama, Family","friendship, sibling relationship, bullying, neighbor, school, drawing, based on children's book, school bus, creek, clubhouse, reality vs fantasy, outsider, fantasy world, overflowing with imagination",https://image.tmdb.org/t/p/w500/3xFxGodKPMFLheS8rujFSmLfcq4.jpg
Eu Sou o Número Quatro,I Am Number Four,Three like him have already been killed…he is Number Four.,D.J. Caruso,2011,"Action, Thriller, Science Fiction, Adventure","based on novel or book, secret identity, heroism, alien, teenage boy, super power, teenage hero, interspecies romance, based on young adult novel, teenager",https://image.tmdb.org/t/p/w500/973sCL0OjAk2Igq46SDwhyDFv3n.jpg
Déjà Vu,Déjà Vu,"If you think it's just a feeling, go back... and look again.",Tony Scott,2006,"Action, Thriller, Science Fiction","deja vu, technology, fbi, patriotism, new orleans, louisiana, time travel, wormhole, terrorism, investigator, alternate timeline, ferry",https://image.tmdb.org/t/p/w500/wJAz3m9kTbdTWfQ2ZJEFojWKeoj.jpg
A Bruxa de Blair,The Blair Witch Project,Everything you've heard is true.,"Daniel Myrick, Eduardo Sánchez",1999,"Horror, Mystery","witch, legend, camping, map, supernatural, wilderness, forest, maryland, mockumentary, paranormal, friends, survival, urban legend, fear, witchcraft, evil, found footage, videotape, lost in the woods",https://image.tmdb.org/t/p/w500/9050VGrYjYrEjpOvDZVAngLbg1f.jpg
Esquadrão 6,6 Underground,They say no one can save the world. Meet no one.,Michael Bay,2019,"Action, Comedy, Thriller","dictator, florence, italy, shootout, fictitious country, evil dictator, anxious, action packed, street shootout, amused",https://image.tmdb.org/t/p/w500/lnWkyG3LLgbbrIEeyl5mK5VRFe4.jpg
O Farol,The Lighthouse,There is enchantment in the light.,Robert Eggers,2019,"Drama, Fantasy, Thriller, Horror","island, nightmare, isolation, mermaid, hallucination, lighthouse, lighthouse keeper   , gay interest, storm, male masturbation, new england, madness, drunkenness, 19th century, isolated island, one location, two-hander",https://image.tmdb.org/t/p/w500/4SC4cyzHWWzDEdszdxHYPWd32YH.jpg
Mary Poppins,Mary Poppins,It's supercalifragilisticexpialidocious!,Robert Stevenson,1964,"Comedy, Family, Fantasy","london, england, sibling relationship, based on novel or book, parent child relationship, magic, famous score, nanny, musical, family, kite flying, live action and animation, 1910s, chimney sweep, suffragettes, adoring",https://image.tmdb.org/t/p/w500/1DjJh0vwGwi6KugPZfDiliO25XP.jpg
Halloween,Halloween,Face Your Fate.,David Gordon Green,2018,"Horror, Thriller","post-traumatic stress disorder (ptsd), trauma, halloween, knife, illinois, sequel, murder, boogeyman, serial killer, slasher, murderer, escaped killer, holiday horror",https://image.tmdb.org/t/p/w500/f7JAX5EGk4GgsEnus6OxyzwpFp7.jpg
High School Musical,High School Musical,,Kenny Ortega,2006,"Comedy, Drama, Family, Music, Romance, TV Movie","high school, becoming an adult, school performance, musical, high school sports, jock, clique, peer pressure, teenage romance, music movie",https://image.tmdb.org/t/p/w500/1DGmWZjUJPeKGFRHGCA6VPFUBML.jpg
Atlantis: O Reino Perdido,Atlantis: The Lost Empire,Atlantis is waiting...,"Gary Trousdale, Kirk Wise",2001,"Animation, Family, Adventure, Science Fiction","sea, submarine, mediterranean, atlantis, expedition, museum, cartoon, steampunk, underwater, sea monster, adventurer, ancient civilization, journey, 1910s, dieselpunk",https://image.tmdb.org/t/p/w500/8fUEFPUTF7kBMuKPiSQHxPvd8EZ.jpg
Blade II,Blade II,Faster. Sharper. Deadlier.,Guillermo del Toro,2002,"Fantasy, Horror, Action, Thriller","martial arts, mutation, vampire, lasersight, superhero, katana, supernatural, based on comic, vampire hunter (slayer), revenge, tragic villain, super power, reaper, sword duel, urban gothic, anxious, good versus evil",https://image.tmdb.org/t/p/w500/wAn6VYamKbnOtfyTZ6arVtkMzDv.jpg
Cubo,Cube,Don't look for a reason... Look for a way out.,Vincenzo Natali,1997,"Thriller, Science Fiction, Mystery","escape, entrapment, riddle, autism, mathematics, claustrophobia, maze, prime number, psychology, trapdoor, gore, trap, murder, labyrinth, survival horror, numbers, cube, mechanical, industrial",https://image.tmdb.org/t/p/w500/iNwm6fpDqQ4WjwhYI8EW6LPklod.jpg
Hannibal,Hannibal,"His genius undeniable. His evil, unspeakable.",Ridley Scott,2001,"Crime, Drama, Thriller","venice, italy, fbi, sequel, serial killer, psychological thriller, cannibal, child molester, forensic, aftercreditsstinger, psychological horror, evil man, psychological drama",https://image.tmdb.org/t/p/w500/v5wAZwRqpGWmyAaaJ8BBHYuNXnj.jpg
G.I. Joe: A Origem de Cobra,G.I. Joe: The Rise of Cobra,"When all else fails, they don't.",Stephen Sommers,2009,"Adventure, Action, Thriller, Science Fiction","government, technology, hostage, laser, warhead, president, revenge, murder, attack, terrorism, explosion, scientist, evil, cobra",https://image.tmdb.org/t/p/w500/mc9b25IAprHfsaOz0wTshOwGHcY.jpg
Quebrando a Banca,21,They proved the Vegas Blackjack System was beatable...by beating the hell out of it.,Robert Luketic,2008,"Drama, Crime","friendship, card game, casino, gambling, professor, harvard university, cohabitant, college, girlfriend, studies, dormitory, blackjack, las vegas",https://image.tmdb.org/t/p/w500/efG8Po57alqSlhqHU1lXJ3duG6t.jpg
Escape Room,Escape Room,Find The Clues Or Die,Adam Robitel,2019,"Horror, Thriller, Mystery","chicago, illinois, key, riddle, code, puzzle, game, clue, magnet, box, cube, escape room, traumatized person, teamwork, mysterious box, sliding puzzle, pool table, death game",https://image.tmdb.org/t/p/w500/8Ls1tZ6qjGzfGHjBB7ihOnf7f0b.jpg
Hush: A Morte Ouve,Hush,Silence can be killer,Mike Flanagan,2016,"Horror, Thriller","computer, isolation, deaf-mute, deaf, knife, alone, murder, mute, serial killer, stabbing, cat and mouse, trapped, bow and arrow, iphone, one location",https://image.tmdb.org/t/p/w500/zHzBTd502IZf60x8n2g0TB01vPF.jpg
Marley & Eu,Marley & Me,Heel the love.,David Frankel,2008,"Comedy, Family","journalist, based on novel or book, puppy, love, dog, duringcreditsstinger, pets, columnist, animal lead, pet ownership, comforting",https://image.tmdb.org/t/p/w500/vMNqPN7EdRjqHnccCqtEkC61r3y.jpg
Esquadrão Classe A,The A-Team,There Is No Plan B,Joe Carnahan,2010,"Thriller, Action, Adventure, Comedy, Crime","war crimes, military court, military service, double crossed, aftercreditsstinger, duringcreditsstinger, private military company",https://image.tmdb.org/t/p/w500/k3mKy2zYfzqGg9o5JeDyzSEPPHO.jpg
Insônia,Insomnia,A tough cop. A brilliant killer. An unspeakable crime.,Christopher Nolan,2002,"Thriller, Crime","hotel, small town, homicide, confession, blackmail, detective, fbi, investigation, hallucination, insomnia, flashback, love, remake, murder, alaska, shootout, guilt, phone call, neo-noir, midnight sun, planted evidence, crime writer, corrupt cop",https://image.tmdb.org/t/p/w500/riVXh3EimGO0y5dgQxEWPRy5Itg.jpg
Queime Depois de Ler,Burn After Reading,Intelligence is relative.,"Ethan Coen, Joel Coen",2008,"Comedy, Drama","washington dc, usa, blackmail, paranoia, black humor, plastic surgery, autobiography, memory, corpse, divorce, gym, disc, ex priest, fitness, online dating, memoirs, personal trainer",https://image.tmdb.org/t/p/w500/jdwSkQu3XirmX18MNj8CqFWsCk.jpg
Rocketman: A Ascensão Meteórica de Uma Estrela,Rocketman,Based on a true fantasy,Dexter Fletcher,2019,"Music, Drama, History","london, england, drug abuse, pop star, 1970s, musical, biography, based on true story, alcoholism, singer, rock music, los angeles, california, pianist, lgbt, rise to fame, 1960s, gay theme",https://image.tmdb.org/t/p/w500/f4FF18ia7yTvHf2izNrHqBmgH8U.jpg
Monstros vs. Alienígenas,Monsters vs Aliens,"When aliens attack, monsters fight back.","Rob Letterman, Conrad Vernon",2009,"Animation, Family, Adventure, Science Fiction","alien, giant robot, duringcreditsstinger, 3d",https://image.tmdb.org/t/p/w500/hpHarddVj34j53T7NsoUGdKj4mP.jpg
Máquinas Mortais,Mortal Engines,Some scars never heal,Christian Rivers,2018,"Adventure, Science Fiction","based on novel or book, dystopia, post-apocalyptic future, revenge, wasteland, steampunk, futuristic vehicle, based on young adult novel",https://image.tmdb.org/t/p/w500/gLhYg9NIvIPKVRTtvzCWnp1qJWG.jpg
Os Instrumentos Mortais: Cidade dos Ossos,The Mortal Instruments: City of Bones,You have been chosen,Harald Zwart,2013,"Fantasy, Action, Mystery","based on novel or book, angel, vampire, werewolf, warlock, downworlder, shadowhunter, demon hunter, based on young adult novel",https://image.tmdb.org/t/p/w500/fspW2P3ggzBjdIw5HpJOw8HKtQK.jpg
The Post: A Guerra Secreta,The Post,Truth be told,Steven Spielberg,2017,"Drama, History","vietnam war, newspaper, journalist, washington dc, usa, politics, 1970s, journalism, biography, based on true story, richard nixon, pentagon papers, government cover-up, publisher, political thriller",https://image.tmdb.org/t/p/w500/h4XG3g6uMMPIBPjAoQhC2QIMdkl.jpg
"Gasparzinho, o Fantasminha Camarada",Casper,Seeing is believing,Brad Silberling,1995,"Fantasy, Comedy, Family","friendship, afterlife, supernatural, halloween, bullying, treasure hunt, based on comic, friends, teenage girl, ghost hunting, super power, psychiatry, ghost, disorder, young heroes, imaginary, mischievous children, ghost child, mischief, unfinished business",https://image.tmdb.org/t/p/w500/2ah8fNJFZVU3vcXhU5xfAYi2eym.jpg
O Predador,The Predator,The hunt has evolved.,Shane Black,2018,"Science Fiction, Action, Adventure","predator, sequel, alien, creature, alien invasion, military",https://image.tmdb.org/t/p/w500/wMq9kQXTeQCHUZOG4fAe5cAxyUA.jpg
O Senhor das Armas,Lord of War,"Where there's a will, there's a weapon",Andrew Niccol,2005,"Crime, Drama, Thriller","hotel, new york city, civil war, dictator, cold war, drug addiction, cocaine, warlord, car bomb, arms dealer, based on true story, interpol, prostitution, liberia",https://image.tmdb.org/t/p/w500/3MGQD4yXokufNlW1AyRXdiy7ytP.jpg
Robin Hood,Robin Hood,"Rise and rise again, until lambs become lions",Ridley Scott,2010,"Action, Adventure, Drama","robin hood, archer, sherwood forest, knight, historical fiction, bow and arrow, middle ages (476-1453), medieval, king of england, 12th century",https://image.tmdb.org/t/p/w500/9NS5QGOfck24yL3bZqWeW06PgPC.jpg
Joias Brutas,Uncut Gems,This is how I win.,"Benny Safdie, Josh Safdie",2019,"Drama, Thriller, Crime","bet, infidelity, new york city, gambling, auction, ethiopia, dark comedy, basketball, money, art house, debt, apartment building, opal, pawnshop, character study, jeweler, city life, neo-noir, independent film, black opal",https://image.tmdb.org/t/p/w500/6XN1vxHc7kUSqNWtaQKN45J5x2v.jpg
A Bússola de Ouro,The Golden Compass,There are worlds beyond our own - the compass will show the way.,Chris Weitz,2007,"Adventure, Fantasy","compass, experiment, england, polar bear, airship, steampunk, animal, alternative universe, based on young adult novel",https://image.tmdb.org/t/p/w500/lyaS7S4emzEaYUcSnCvyqfJpOcA.jpg
Êxodo: Deuses e Reis,Exodus: Gods and Kings,"Once brothers, now enemies.",Ridley Scott,2014,"Adventure, Drama, Action","epic, moses, bible, racism, slave, ancient egypt, old testament, ramses",https://image.tmdb.org/t/p/w500/uaDj37JtvLan9tihxZ18e6qL33b.jpg
Aliados,Allied,The enemy is listening.,Robert Zemeckis,2016,"Action, Drama, War, Romance, Thriller","nazi, resistance, spy, world war ii, past, love, couple, north africa, 1940s, french woman",https://image.tmdb.org/t/p/w500/sV4lXM32quwminL3TP36nlNPp7Q.jpg
Azul é a Cor Mais Quente,La Vie d'Adèle - Chapitres 1 et 2,,Abdellatif Kechiche,2013,"Romance, Drama","homophobia, self-discovery, coming of age, love, lesbian relationship, sexual attraction, based on graphic novel, high school student, sexual desire, teenage sexuality, lgbt, sexual awakening, literary adaptation, social class, french cinema, lille, france, self exploration, erotic, lesbian, age-gap relationship, teenager",https://image.tmdb.org/t/p/w500/kgUk1wti2cvrptIgUz0VTAtSF6w.jpg
Todo Mundo em Pânico 2,Scary Movie 2,More merciless. More shameless.,Keenen Ivory Wayans,2001,Comedy,"exorcism, haunted house, parody, spoof, horror spoof, secret door, college student, school project, haunted mansion, horror parody",https://image.tmdb.org/t/p/w500/7Eb1JWK0Cb0rbfsYjwfc9g0PbQH.jpg
Um Olhar do Paraíso,The Lovely Bones,The story of a life and everything that came after...,Peter Jackson,2009,"Fantasy, Drama","rape, based on novel or book, afterlife, loss of loved one, tree, 1970s, serial killer, corpse, pedophile, teenage love, grieving, childhood sexual abuse, based on young adult novel",https://image.tmdb.org/t/p/w500/sn0iDphRxQ7I6aLd9igIgACITak.jpg
Spirit: O Corcel Indomável,Spirit: Stallion of the Cimarron,Leader. Hero. Legend.,"Kelly Asbury, Lorna Cook",2002,"Animation, Adventure, Comedy, Family, Drama","freedom, mustang, rivalry, wildlife, animal, cavalry, indian war, eyebrow, wild horse, pets",https://image.tmdb.org/t/p/w500/cUgYrz4twiJ3QgVGpRfey984NIB.jpg
Medo e Delírio,Fear and Loathing in Las Vegas,"Buy the ticket, take the ride",Terry Gilliam,1998,"Adventure, Drama, Comedy","journalist, casino, based on novel or book, 1970s, paranoia, cocaine, dark comedy, lsd, hallucination, fake identity, surrealism, road trip, lawyer, hitchhiker, las vegas, drugs, buddy, desert, gonzo journalist, cadillac convertible, police convention, psychedelia, hotel suite",https://image.tmdb.org/t/p/w500/tisNLcMkxryU2zxhi0PiyDFqhm0.jpg
O Doador de Memórias,The Giver,Search for truth. Find freedom.,Phillip Noyce,2014,"Drama, Science Fiction","new love, based on novel or book, dystopia, anti conformity, memory, alternate reality, color, 2040s, based on young adult novel",https://image.tmdb.org/t/p/w500/dul62Av4pgi5x8LP7ELHzNyka9Z.jpg
A Rocha,The Rock,Alcatraz. Only one man has ever broken out. Now five million lives depend on two men breaking in.,Michael Bay,1996,"Action, Adventure, Thriller","war veteran, san francisco, california, fbi, mercenary, gas attack, alcatraz prison, prison escape, shootout, u.s. navy seal, terrorism, british spy, chemist, commando, hostage situation, tourist attraction, u.s. marine, military, island prison, tourists in peril, nerve gas, disillusioned, terrorist threat, chemical weapon, fbi agent, chemical warfare, navy seals",https://image.tmdb.org/t/p/w500/j5mxLNWjUlXUUk8weFBtnF4afIR.jpg
A Morte do Demônio,Evil Dead,The most terrifying film you will ever experience.,Fede Alvarez,2013,Horror,"sequel, zombie, demon, survival horror, book of the dead, necronomicon, interracial friendship, aftercreditsstinger, duringcreditsstinger, supernatural power",https://image.tmdb.org/t/p/w500/1gDV0Lm9y8ufIKzyf0h0GBgb9Zj.jpg
Sonic 2: O Filme,Sonic the Hedgehog 2,Welcome to the next level.,Jeff Fowler,2022,"Action, Adventure, Family, Comedy","mad scientist, sequel, revenge, based on video game, duringcreditsstinger, hedgehog, live action and animation",https://image.tmdb.org/t/p/w500/6DrHO1jr3qVrViUO6s6kFiAGM7.jpg
Horizonte Profundo: Desastre no Golfo,Deepwater Horizon,"When faced with our darkest hour, hope is not a tactic",Peter Berg,2016,"Drama, Action","rescue, sea, post-traumatic stress disorder (ptsd), based on true story, disaster, explosion, oil spill, trapped, oil rig , disaster movie, gulf of mexico, bp",https://image.tmdb.org/t/p/w500/u6c5xkR0eIzlnxcQoMBlySH6ann.jpg
Moulin Rouge: Amor em Vermelho,Moulin Rouge!,No Laws. No Limits. One Rule. Never Fall In Love.,Baz Luhrmann,2001,"Drama, Romance, Music","paris, france, nightclub, fairy, courtesan, duke, musical, poet, terminal illness, love, writer, prostitution, death, illness, tuberculosis, bohemian, dance hall, 19th century, 1900s, belle epoque, dying in arms, jukebox musical, admiring",https://image.tmdb.org/t/p/w500/qH2Z5MXMwURxCcC5EBfSKjluzih.jpg
Milagre na Cela 7,7. Koğuştaki Mucize,,Mehmet Ada Öztekin,2019,Drama,"parent child relationship, prison cell, remake, wrongful imprisonment, based on movie, mentally challenged",https://image.tmdb.org/t/p/w500/bOth4QmNyEkalwahfPCfiXjNh1r.jpg
Um Contratempo,Contratiempo,"Every story has two sides. The truth, only one.",Oriol Paulo,2017,"Drama, Mystery, Thriller","barcelona, spain, businessman, falsely accused, manipulative lover, unreliable narrator, uncover truth, grieving father, accused of murder, mountain resort, locked room mystery",https://image.tmdb.org/t/p/w500/fptnZJbLzKUHeNlYrAynbyoL5YJ.jpg
"Duff: Você Conhece, Tem ou É",The DUFF,"You either know one, you have one, or you are one.",Ari Sandel,2015,"Romance, Comedy","high school, friendship, based on novel or book, geek, relationship, high school student, teen comedy, duringcreditsstinger, girl next door, based on young adult novel, teenager, american high school",https://image.tmdb.org/t/p/w500/aHzdMSKwq9ucnP2yXl5zYIfKgGl.jpg
Robôs,Robots,The Biggest Comedy Ever Assembled!,"Chris Wedge, Carlos Saldanha",2005,"Animation, Comedy, Family, Science Fiction","inventor, businessman, robot, dishonesty",https://image.tmdb.org/t/p/w500/fnKCh67l2DDG9NxxIlk9IpsXQ99.jpg
Carrie: A Estranha,Carrie,Know her name. Fear her power.,Kimberly Peirce,2013,"Drama, Horror","high school, based on novel or book, telekinesis, remake, revenge, prank, murder, prom, religion, explosion, humiliation, woman director",https://image.tmdb.org/t/p/w500/kloXz9qwO23z9Kbt3z3MgnjF4xO.jpg
O Círculo,The Circle,Knowing is good. Knowing everything is better.,James Ponsoldt,2017,"Drama, Thriller, Science Fiction","technology, video surveillance, criminal, technicians, tech company",https://image.tmdb.org/t/p/w500/bQVqd5rWrx5GbXhJNuvKy4Viz6j.jpg
Power Rangers,Power Rangers,Together we are more.,Dean Israelite,2017,"Action, Adventure, Science Fiction","spacecraft, autism, bullying, super power, superhero team, lgbt, reboot, female villain, ethnic diversity, based on tv series",https://image.tmdb.org/t/p/w500/iRAZIEgfB9N0BObV0QI61Nxh92h.jpg
Os Agentes do Destino,The Adjustment Bureau,Fight for your fate.,George Nolfi,2011,"Science Fiction, Thriller, Romance","hotel, future, plan, dancer, hat, marriage, senator, kiss, politician, honesty, alone, speech, fate, foot chase, covert agency, courthouse, political campaign, destiny, based on short story",https://image.tmdb.org/t/p/w500/A4wKf04g4DCVAWC67uPGozIJPGw.jpg
Perfume: A História de um Assassino,Perfume: The Story of a Murderer,Obsession can cause the unthinkable.,Tom Tykwer,2006,"Crime, Fantasy, Drama","daughter, small town, bad smell, prostitute, paris, france, based on novel or book, obsession, orgy, genius, supernatural, lone wolf, nose, lavender, child prodigy, fish market, murder, death, perfume, 18th century",https://image.tmdb.org/t/p/w500/2wrFrUej8ri5EpjgIkjKTAnr686.jpg
Guerreiro,Warrior,Family is worth fighting for.,Gavin O'Connor,2011,"Drama, Action","bank, training, beating, mixed martial arts, teacher, muscleman, combat, alcoholic, gym, exercise, pittsburgh, pennsylvania",https://image.tmdb.org/t/p/w500/iM8n4nZJPR2abpnyZ36FUgHiRjr.jpg
A Princesa Prometida,The Princess Bride,It's as real as the feelings you feel.,Rob Reiner,1987,"Adventure, Family, Fantasy, Comedy, Romance","dream, based on novel or book, narration, wrestling, miracle, sword fight, revenge, boat chase, pirate, wedding, swashbuckler, evil prince, screwball, impersonation, giant man, story within the story, hidden identity, fictitious country, grandfather grandson relationship, battle of wits, hilarious, romantic",https://image.tmdb.org/t/p/w500/dvjqlp2sAhUeFjUOfQDgqwpphHj.jpg
Os Excêntricos Tenenbaums,The Royal Tenenbaums,Family isn't a word ... It's a sentence.,Wes Anderson,2001,"Comedy, Drama","forgiveness, cigarette, child prodigy, terminal illness, dysfunctional family, family conflict",https://image.tmdb.org/t/p/w500/syaECBy6irxSgeF0m5ltGPNTWXL.jpg
A Era do Gelo: O Big Bang,Ice Age: Collision Course,One small step. One giant mess.,"Michael Thurmeier, Galen T. Chu",2016,"Adventure, Animation, Family, Comedy, Science Fiction","fire, fireworks, mammoth, sequel, prehistory, singing, critically bashed, cavemen, meteor crash",https://image.tmdb.org/t/p/w500/tFzUkdhPOForVrEfvxydXfPLrZR.jpg
Louca Obsessão,Misery,"Paul Sheldon used to write for a living. Now, he’s writing to stay alive.",Rob Reiner,1990,"Drama, Thriller","based on novel or book, nurse, psychopath, colorado, car crash, author, slasher, psychological thriller, torture, obsessed fan, blizzard, bedridden, female psychopath",https://image.tmdb.org/t/p/w500/klPO5oh1LOxiPpdDXZo1ADgpKcw.jpg
Os Fantasmas de Scrooge,A Christmas Carol,Season's Greedings,Robert Zemeckis,2009,"Animation, Family, Fantasy","london, england, based on novel or book, holiday, greed, victorian england, money, ghost, lesson, christmas music, moneylender, christmas, 19th century, scrooge, christmas eve",https://image.tmdb.org/t/p/w500/t41VHjYItCYHBh2hijsTID44cNv.jpg
Máquina Mortífera,Lethal Weapon,If these two can learn to stand each other... the bad guys don't stand a chance.,Richard Donner,1987,"Adventure, Action, Comedy, Thriller, Crime","showdown, police, self-destruction, mixed martial arts, los angeles, california, police detective, ex soldier, wisecrack humor, buddy cop, lapd, maverick cop, homicide detective, christmas, death of wife, action hero",https://image.tmdb.org/t/p/w500/fTq4ThIP3pQTYR9eDepsbDHqdcs.jpg
Vizinhos 2,Neighbors 2: Sorority Rising,New neighbors.,Nicholas Stoller,2016,Comedy,"alcohol, college, sequel, sorority, neighbor, family, fraternity, bathroom humor",https://image.tmdb.org/t/p/w500/eyjcLLwxuRXACbglIbwWwaXK9DN.jpg
O Telefone Preto,The Black Phone,Never talk to strangers.,Scott Derrickson,2022,"Horror, Thriller","mask, small town, child abuse, dream, sibling relationship, kidnapping, sadistic, 1970s, supernatural, cellar, colorado, bullying, basement, serial killer, based on short story, alcoholic father, child kidnapping",https://image.tmdb.org/t/p/w500/lr11mCT85T1JanlgjMuhs9nMht4.jpg
A Hora Mais Escura,Zero Dark Thirty,The greatest manhunt in history.,Kathryn Bigelow,2012,"Thriller, Drama, History","hotel, van, mossad, cia, assassination, prisoner, car dealer, iraq, pakistan, f word, man hunt, u.s. navy seal, female protagonist, gunfight, terrorism, raid, text message, monkey, dog, special forces, tied up, military, area 51, terrorist group, torturing, woman director, al qaeda, prison camp, water torture, suicide bombing, political thriller, ex special forces, post 9/11, helicopter crash, islamabad",https://image.tmdb.org/t/p/w500/coeTvXKAYZlrcIfsCfYV5Hw1npu.jpg
Equilibrium,Equilibrium,"In a future where freedom is outlawed, outlaws will become heroes.",Kurt Wimmer,2002,"Action, Science Fiction, Thriller","martial arts, resistance, dystopia, fascism, anti hero, totalitarian regime, destroy, phasing, book burning, outlaw, urban setting, government agent",https://image.tmdb.org/t/p/w500/eW3YrxOh3rd6PnRgMSftYoflvfe.jpg
Perfeitos Desconhecidos,Perfetti sconosciuti,Everyone has three lives: A public life. A private life... and a secret life.,Paolo Genovese,2016,"Comedy, Drama","friendship, jealousy, husband wife relationship, italian, italy, truth, confidence, honesty, love, love affair, trust, game, childhood friends, love fiction",https://image.tmdb.org/t/p/w500/3wknM629Vryofb1HNo2YnLQnQyn.jpg
A Família Addams,The Addams Family,Weird Is Relative,Barry Sonnenfeld,1991,"Comedy, Fantasy","dancing, dead wish, secret passage, fencing, black humor, uncle, eccentric, mansion, macabre, loan shark, accountant, creepy, disembodied hand, anxious, long lost sibling",https://image.tmdb.org/t/p/w500/qFf8anju5f2epI0my8RdwwIXFIP.jpg
Encontro Explosivo,Knight and Day,Every Hit Man Deserves a Second Shot!,James Mangold,2010,"Action, Comedy","airport, chase, gas station, spy, garage, pilot, secret agent, rope, exploding building, boy genius, duringcreditsstinger, unassuming, lighthearted, cliché",https://image.tmdb.org/t/p/w500/phhp52CZZJiGYmiOTp9ZBDkGHB3.jpg
Os Sem-Floresta,Over the Hedge,Taking back the neighborhood... One snack at a time.,"Tim Johnson, Karey Kirkpatrick",2006,"Family, Comedy, Animation","suburbian idyll, garbage, entrapment, squirrel, garden, grizzly bear, forest, racoon, suburb, animal, cartoon turtle",https://image.tmdb.org/t/p/w500/PHNurftfUJTStsTgIkaxglvm2k.jpg
Feito na América,American Made,Based on a True Lie,Doug Liman,2017,"Action, Comedy, Crime, Drama, Thriller","cia, drug smuggling, money laundering, pilot, based on true story, drug cartel, illegal drugs, dea agent, 1980s, pablo escobar",https://image.tmdb.org/t/p/w500/23ILgoPSO5ShKcTZOuiTVfqFAUB.jpg
American Pie: O Reencontro,American Reunion,Save the best piece for last.,"Jon Hurwitz, Hayden Schlossberg",2012,Comedy,"husband wife relationship, sequel, family reunion, masturbation, scat, high school reunion, quitting a job, milf, duringcreditsstinger",https://image.tmdb.org/t/p/w500/de5QBIdVR4dnkBZ4a0zjkS4lTg.jpg
Formiguinhaz,Antz,Every ant has his day.,"Eric Darnell, Tim Johnson, Lawrence Guterman",1998,"Adventure, Animation, Comedy, Family","princess, work, worker, hero, general, ant, assignment, friends, soldier, individuality",https://image.tmdb.org/t/p/w500/lWPjxbUMpAHFkJpZHHNWhQaRsax.jpg
O Rei Leão 2: O Reino de Simba,The Lion King II: Simba's Pride,The Circle of Life Continues...,"Darrell Rooney, Rob LaDuca",1998,"Family, Adventure, Animation, Action","friendship, baby, africa, lion, shakespeare in modern dress, father daughter relationship, familiar",https://image.tmdb.org/t/p/w500/sWR1x6UCMCGN9xEf8RGhPS934X0.jpg
Alvin e os Esquilos,Alvin and the Chipmunks,The Original Entourage,Tim Hill,2007,"Comedy, Family, Fantasy, Animation","friendship, concert, pop star, approach, pop, record producer, surprise, forest, anthropomorphism, chipmunk, songwriter, talking to animals, duringcreditsstinger, live action and animation",https://image.tmdb.org/t/p/w500/vRiB9uvcD0WYp7k2pAeWz9ukpuN.jpg
Inimigos Públicos,Public Enemies,America's Most Wanted.,Michael Mann,2009,"Crime, Action","escape, gun, gangster, machinegun, horse race, biography, prison guard, prison escape, bank robbery, surveillance, tied up, cops and robbers , handgun, pocket watch, escape from jail, 1930s, manhunt, vicious killings, 1900s, sex, fbi agent, tied to a tree, tied, semi-automatic rifle",https://image.tmdb.org/t/p/w500/ezFQaPf4cOEfsl39Me0gSV29d7V.jpg
Tirando o Atraso,Dirty Grandpa,Jason is ready for adulthood. His grandpa isn't.,Dan Mazer,2016,Comedy,"funeral, golf, grandfather, road trip, crude humor, retired, pervert, army general, spring break, law firm, fiancé fiancée relationship, sex comedy, mini cooper, engaged couple, death of wife, imminent wedding, moving, grandfather grandson relationship, corporate lawyer, death of grandmother, boca raton, florida",https://image.tmdb.org/t/p/w500/dETlaFOsefoeZqtgAsF5eiB3OiG.jpg
A Qualquer Custo,Hell or High Water,Blood always follows money.,David Mackenzie,2016,"Western, Crime, Drama","brother, bank robber, road trip, gun battle, police officer killed, criminal, bank robbery, held at gunpoint, car fire, cowboy, small western town, neo-western, divorced father, bullet hole",https://image.tmdb.org/t/p/w500/ljRRxqy2aXIkIBXLmOVifcOR021.jpg
"Sem Dor, Sem Ganho",Pain & Gain,Their American dream is bigger than yours.,Michael Bay,2013,"Action, Crime, Comedy","miami, florida, scam, weight lifting, weightlifting, duringcreditsstinger",https://image.tmdb.org/t/p/w500/9WqA0Ry9wmTzFvom8mNbcyKZQgP.jpg
A Múmia: Tumba do Imperador Dragão,The Mummy: Tomb of the Dragon Emperor,A New Evil Awakens.,Rob Cohen,2008,"Adventure, Action, Fantasy","china, sword, pyramid, mummy, yeti, chinese emperor, tomb, great wall of china, terracotta army, 1940s, 3rd century bc",https://image.tmdb.org/t/p/w500/A3acM1lX5PNWQa6r5qeMAJOxbnT.jpg
O Passageiro,The Commuter,Lives are on the line,Jaume Collet-Serra,2018,"Action, Thriller, Mystery","conspiracy, train",https://image.tmdb.org/t/p/w500/rDeGK6FIUfVcXmuBdEORPAGPMNg.jpg
A Menina que Roubava Livros,The Book Thief,Courage beyond words.,Brian Percival,2013,Drama,"nazi, world war ii, children in wartime, based on young adult novel",https://image.tmdb.org/t/p/w500/wj4U5sMLcJMa3WR9CpRR9e2sdgZ.jpg
Missão Madrinha de Casamento,Bridesmaids,Save the date.,Paul Feig,2011,"Comedy, Romance","jealousy, parent child relationship, fight, competition, materialism, bridesmaid, female friendship, sexual humor, wealth, fear of commitment, wedding party, best friend, maid of honor, drunk, wedding dress, group of friends, missing person, casual sex, vanity, girl fight, out of control",https://image.tmdb.org/t/p/w500/gJtA7hYsBMQ7EM3sPBMUdBfU7a0.jpg
Zoolander,Zoolander,3% Body Fat. 1% Brain Activity.,Ben Stiller,2001,Comedy,"male model, time magazine, fashion show, fictional awards show, coal mine, modeling, abraham lincoln, actor playing themself",https://image.tmdb.org/t/p/w500/qdrbSneHZjJG2Dj0hhBxzzAo4HB.jpg
Dumbo,Dumbo,Soar to new heights.,Tim Burton,2019,"Family, Fantasy, Adventure","elephant, circus, missouri, remake, live action and animation, 1910s, live action remake, dumbo",https://image.tmdb.org/t/p/w500/deTOAcMWuHTjOUPQphwcPFFfTQz.jpg
Platoon,Platoon,The first casualty of war is innocence.,Oliver Stone,1986,"Drama, War, Action","dying and death, vietnam war, ambush, war crimes, village, mine, bunker, infantry, jungle, gang rape, soldier, battle, violent death, false accusations, platoon, combat, casualty of war, marijuana joint, marijuana pipe, anti war, wounded soldier, conscripts, military draft, violent man, american soldiers, tour of duty, murder witness, army vs civilians, war crime",https://image.tmdb.org/t/p/w500/m3mmFkPQKvPZq5exmh0bDuXlD9T.jpg
Mistério no Mediterrâneo,Murder Mystery,First class problems. Second class detectives.,Kyle Newacheck,2019,"Action, Comedy, Mystery","chase, yacht, cop, money, murder, monaco, inheritance, whodunit, troubled marriage, wanted, formula one (f1)",https://image.tmdb.org/t/p/w500/bSMSO9xupd4R4vwTPqigHn2quLN.jpg
Snowden: Herói ou Traidor,Snowden,The only safe place is on the run.,Oliver Stone,2016,"Drama, History, Crime, Thriller","biography, idealism, idealist, national security agency (nsa), surveillance, whistleblower, political thriller, fighting the system, five eyes",https://image.tmdb.org/t/p/w500/yfK7zxNL63VWfluFuoUaJj5PdNw.jpg
Scooby-Doo,Scooby-Doo,Be afraid. Be kind of afraid.,Raja Gosnell,2002,"Mystery, Adventure, Comedy","voodoo, amateur detective, talking dog, based on cartoon, resort, criminal investigation, theme park",https://image.tmdb.org/t/p/w500/mTAiBJGg8mqEfnYHHbi37ZoRSZm.jpg
O Pequeno Stuart Little,Stuart Little,The Little family just got bigger.,Rob Minkoff,1999,"Family, Fantasy, Comedy, Adventure","sibling relationship, based on novel or book, cat, gangster, orphanage, adoption, mouse, stepbrother, world trade center",https://image.tmdb.org/t/p/w500/jwydlxxLPVxM5uCfJybEsANzvvg.jpg
Eclipse Mortal,Pitch Black,Don't be afraid of the dark. Be afraid of what's in the dark,David Twohy,2000,"Thriller, Science Fiction, Action","darkness, dystopia, comet, alien life-form, survival, creature, eclipse, flask, spaceship crash",https://image.tmdb.org/t/p/w500/3AnlxZ5CZnhKKzjgFyY6EHxmOyl.jpg
Penetras Bons de Bico,Wedding Crashers,Life's a Party. Crash It.,David Dobkin,2005,"Comedy, Romance","cake, sailing, fake identity, wedding, lying",https://image.tmdb.org/t/p/w500/lFM3lk2zVzC1YFnKm0r6LbFPyRu.jpg
Caminhos da Floresta,Into the Woods,Be careful what you wish for...,Rob Marshall,2014,"Fantasy, Comedy","witch, princess, fairy tale, prince, musical, based on play or musical, curse, beanstalk, based on fairy tale, duringcreditsstinger, red riding hood",https://image.tmdb.org/t/p/w500/k37bYqOUWMqhrfzmR8Mk9sy2jxH.jpg
"Apertem os Cintos, o Piloto Sumiu",Airplane!,"What's slower than a speeding bullet, and able to hit tall buildings at a single bound?","Jim Abrahams, David Zucker, Jerry Zucker",1980,Comedy,"chicago, illinois, post-traumatic stress disorder (ptsd), airplane, cataclysm, guitar, alcohol, stewardess, taxi driver, passenger, fear of flying, pilot, medicine, air controller, landing, saxophone, autopilot, parody, spoof, food poisoning, los angeles, california, alcohol abuse, aftercreditsstinger, inflatable life raft, anarchic comedy",https://image.tmdb.org/t/p/w500/hiURvJjCgk0s10urHVCg80TFF11.jpg
Hotel Transilvânia 3: Férias Monstruosas,Hotel Transylvania 3: Summer Vacation,He's going to need a vacation after this vacation.,Genndy Tartakovsky,2018,"Animation, Comedy, Family, Fantasy","monster, vampire, vacation, cruise ship, summer vacation, dracula",https://image.tmdb.org/t/p/w500/gjAFM4xhA5vyLxxKMz38ujlUfDL.jpg
Como Não Perder Essa Mulher,Don Jon,Everyone loves a happy ending.,Joseph Gordon-Levitt,2013,"Romance, Comedy, Drama","pornography, new jersey, sex addiction, sexual fantasy, internet porn, male masturbation, masturbation, exercise, true love",https://image.tmdb.org/t/p/w500/uh8bwvgGXeUKzdL4oSul9zxyTcd.jpg
Need for Speed: O Filme,Need for Speed,For honor. For love. For redemption.,Scott Waugh,2014,"Action, Crime, Drama, Thriller","competition, street race, money, super speed, based on video game, driver, duringcreditsstinger",https://image.tmdb.org/t/p/w500/z42kyMizgDKetejusZgucSQsQ4l.jpg
Donnie Brasco,Donnie Brasco,Based on a true story.,Mike Newell,1997,"Crime, Drama, Thriller","florida, new york city, undercover, gangster, 1970s, based on true story, mobster, mafia, dirty cop, informant, surveillance, card playing, stealing money, marriage counselor, drug deal, fbi agent, brutal violence",https://image.tmdb.org/t/p/w500/xtKLvpOfARi1XVm8u2FTdhY5Piq.jpg
Matilda,Matilda,A little magic goes a long way.,Danny DeVito,1996,"Comedy, Family, Science Fiction","based on novel or book, parent child relationship, difficult childhood, child prodigy, childhood trauma, telekinesis, school, teacher student relationship, schoolmarm, based on young adult novel",https://image.tmdb.org/t/p/w500/wYoDpWInsBEVSmWStnRH06ddoyk.jpg
A Praia,The Beach,Somewhere on this planet it must exist.,Danny Boyle,2000,"Drama, Adventure, Romance, Thriller","exotic island, beach, based on novel or book, hippie, map, commune, delusion, group dynamics, shark attack, leader, thailand, backpacker, community, marijuana, shark, extramarital affair, voiceover",https://image.tmdb.org/t/p/w500/r6Sr0uSiVbQOvqoebZoy5rzlPvJ.jpg
Contato,Contact,"If it's just us, it seems like an awful waste of space.",Robert Zemeckis,1997,"Drama, Science Fiction, Mystery","based on novel or book, nasa, extraterrestrial technology, new mexico, prime number, radio wave, wormhole, fanatic, spirituality, religion, scientist, sabotage, ham radio, astronomy, alien contact, mechanical engineering, observatory, eccentric man, radio telescope",https://image.tmdb.org/t/p/w500/bCpMIywuNZeWt3i5UMLEIc0VSwM.jpg
60 Segundos,Gone in Sixty Seconds,"Ice Cold, Hot Wired.",Dominic Sena,2000,"Action, Crime, Thriller","california, sibling relationship, car race, brother, blackmail, detective, car thief, heist, remake, betrayal, organized crime, shootout, police chase, explosion, lock pick, stakeout, illegal drugs, stolen cars, action hero, ford mustang, blacklight",https://image.tmdb.org/t/p/w500/qo5Ifam64rDlp4oprXGhK5X0qIs.jpg
Robin Hood,Robin Hood,Meet Robin Hood and his MERRY MENagerie!,"Wolfgang Reitherman, David Hand",1973,"Animation, Family","hero, right and justice, fox, robin hood, forest, animal as human, sherwood forest, outlaw, teacher, thief, bear",https://image.tmdb.org/t/p/w500/alcY9jZBgKw9OB7hiPYVNvh03Sb.jpg
Se Eu Ficar,If I Stay,Live for Love.,R.J. Cutler,2014,Drama,"coma, based on novel or book, musician, teenage girl, car accident, out of body experience, teen drama, based on young adult novel",https://image.tmdb.org/t/p/w500/7Twh8h3Wh7GC9npTAEUThgkxkWL.jpg
O Vencedor,The Fighter,Every dream deserves a fighting chance.,David O. Russell,2010,Drama,"sports, irish-american, boxer, biography, family business , dysfunctional family, family conflict, hometown, boxing trainer, crack addict, lowell massachusetts, blue collar worker, church bells, documentary filmmaking, jumping rope, shadow boxing, duringcreditsstinger, boxing, professional athlete, black sheep, devoted girlfriend, local hero",https://image.tmdb.org/t/p/w500/gmTLorYhXJZgdzUsUhvm1ZkRTl0.jpg
A Paixão de Cristo,The Passion of the Christ,"By his wounds, we were healed.",Mel Gibson,2004,Drama,"mission, suffering, roman empire, christianity, jewry, roman, crucifixion, apostle, last supper, bible, satan, easter, torture, brutality, jesus christ, christian film, aramaic, ancient language film",https://image.tmdb.org/t/p/w500/v9f9MMrq2nGQrN7cHnQRmEq9lSE.jpg
Rocky IV,Rocky IV,Get ready for the next world war.,Sylvester Stallone,1985,Drama,"dying and death, friendship, transporter, sports, loss of loved one, cold war, soviet union, boxer, kgb, training, victory, matter of life and death, loss of powers, revenge, siberia, christmas, boxing",https://image.tmdb.org/t/p/w500/v33qcJ5NTYIcoII9CB0A8rSU8VA.jpg
Greenland,Greenland,,Ric Roman Waugh,2020,"Action, Thriller, Drama","husband wife relationship, panic, kidnapping, looting, natural disaster, state of emergency, comet, end of the world, meteorite, disaster, apocalypse, destruction of planet, diabetic, army base, emergency, greenland, atlanta, georgia",https://image.tmdb.org/t/p/w500/bNo2mcvSwIvnx8K6y1euAc1TLVq.jpg
As Patricinhas de Beverly Hills,Clueless,Sex. Clothes. Popularity. Is there a problem here?,Amy Heckerling,1995,"Comedy, Romance","puberty, high school, based on novel or book, make a match, spoiled child, coming of age, conflict, wedding, makeover, woman director, popular girl, gay theme",https://image.tmdb.org/t/p/w500/8AwVTcgpTnmeOs4TdTWqcFDXEsA.jpg
Jogos Mortais III,Saw III,Suffering? You Haven't Seen Anything Yet...,Darren Lynn Bousman,2006,"Horror, Thriller, Crime","sadism, brain tumor, suffocation, torture, survival horror, death match, mutilation, mind game, death game, harsh",https://image.tmdb.org/t/p/w500/9wEGgXytb6Xy26MFtDq2rsiQBLs.jpg
Homem-Formiga e a Vespa: Quantumania,Ant-Man and the Wasp: Quantumania,Witness the beginning of a new dynasty.,Peyton Reed,2023,"Action, Adventure, Science Fiction","hero, superhero, ant, based on comic, sequel, family, superhero team, aftercreditsstinger, duringcreditsstinger, marvel cinematic universe (mcu)",https://image.tmdb.org/t/p/w500/qnqGbB22YJ7dSs4o6M7exTpNxPz.jpg
1408,1408,The only demons in room 1408 are those within you.,Mikael Håfström,2007,"Horror, Mystery, Thriller","hotel, hotel room, new york city, research, fire, husband wife relationship, window, loss of loved one, door, painting, telephone, haunted house, writer, ghost hunter",https://image.tmdb.org/t/p/w500/yE9MCW7ZNxSw5SC1TMqm51pMBIV.jpg
Profissão de Risco,Blow,Based on a True Story.,Ted Demme,2001,"Crime, Drama","drug smuggling, war on drugs, drug trafficking, 1970s, drug addiction, rise and fall",https://image.tmdb.org/t/p/w500/yYZFVfk8aeMP4GxBSU9MTvqs9mJ.jpg
Alien vs. Predador,AVP: Alien vs. Predator,Whoever wins... We lose,Paul W.S. Anderson,2004,"Adventure, Science Fiction, Action, Horror","space marine, saving the world, predator, praise, pyramid, alien, creature, cosmos, xenomorph",https://image.tmdb.org/t/p/w500/ySWu5bCnnmgV1cVacvFnFIhgOjp.jpg
Okja,Okja,,Bong Joon Ho,2017,"Adventure, Drama, Science Fiction, Fantasy","new york city, monster, slaughterhouse, east asian lead, twins, environmentalist, aftercreditsstinger, animal liberation, live action and animation, zoologist, korean, meat industry, seoul, south korea",https://image.tmdb.org/t/p/w500/pHlRr2MfjK77VIIAO7p0R4jhsJI.jpg
A Vida de Brian,Life of Brian,He wasn't the messiah. He was a very naughty boy.,Terry Jones,1979,Comedy,"roman empire, jewry, three kings, crucifixion, bethlehem, independence movement, satire, parody, religion, sermon on the mount, anarchic comedy",https://image.tmdb.org/t/p/w500/lSSA64WF0M0BXnjwr2quMh6shCl.jpg
[REC],[REC],One witness. One camera.,"Jaume Balagueró, Paco Plaza",2007,"Horror, Mystery","obsession, bite, religion and supernatural, attempt to escape, cinematographer, lodger, live-reportage, found footage, firefighter",https://image.tmdb.org/t/p/w500/pqINeili6YJBlr8X6u7LdEzW6Yg.jpg
Rocky II - A Revanche,Rocky II,Once he fought for a dream. Now he's fighting for love!,Sylvester Stallone,1979,Drama,"hero, husband wife relationship, coma, transporter, love of one's life, intensive care, sports, publicity, boxer, training, world champion, victory, hospital, boxing",https://image.tmdb.org/t/p/w500/t2WuqQ0Jbyaql1WXNFx9dr6Ldpt.jpg
Doutor Sono,Doctor Sleep,Dare to go back.,Mike Flanagan,2019,"Horror, Thriller, Fantasy","based on novel or book, supernatural, haunted house, sequel, psychic power",https://image.tmdb.org/t/p/w500/p69QzIBbN06aTYqRRiCOY1emNBh.jpg
Lara Croft: Tomb Raider - A Origem da Vida,Lara Croft: Tomb Raider - The Cradle of Life,,Jan de Bont,2003,"Action, Adventure, Fantasy, Thriller","medallion, helicopter, biological weapon, prisoner, shanghai, china, riddle, ex-lover, greece, kazakhstan, mercenary, jet ski, earthquake, chinese mafia, treasure hunt, alexander the great, pandora's box, kenya, scuba diving, female protagonist, hong kong, mi6, motorcycle, scientist, underwater, archaeologist, based on video game, antidote, great wall of china, archeology, crime syndicate, mythological, bio terrorism, weapons training, good versus evil",https://image.tmdb.org/t/p/w500/ylIEGeAr2ygSClK4FDj9mi2Ah22.jpg
Os Imperdoáveis,Unforgiven,Some legends will never be forgotten. Some wrongs can never be forgiven.,Clint Eastwood,1992,Western,"prostitute, sheriff, right and justice, regret, wyoming, usa, kansas, usa, revenge, mutilation, one last job, reputation, 19th century, englishman, pig farmer",https://image.tmdb.org/t/p/w500/54roTwbX9fltg85zjsmrooXAs12.jpg
Quero Ser John Malkovich,Being John Malkovich,Ever wanted to be someone else? Now you can.,Spike Jonze,1999,"Comedy, Drama, Fantasy","witch, sexual identity, individual, secret love, transvestism, identity, subconsciousness, new identity, pet, chimp, puppeteer, appropriation of another human being, externally controlled action, pet shop, actor playing themself",https://image.tmdb.org/t/p/w500/xVSvIwRNzwXSs0CLefiiG6A96m4.jpg
Cinema Paradiso,Nuovo Cinema Paradiso,An enchanted village. A wonderful friendship. Star-crossed lovers. And the magic of the movies.,Giuseppe Tornatore,1988,"Drama, Romance","parent child relationship, sicily, italy, movie business, kiss, coming of age, flashback, magic realism, haunted by the past, censorship, nuovo cinema paradiso, movie theater",https://image.tmdb.org/t/p/w500/8SRUfRUi6x4O68n0VCbDNRa6iGL.jpg
Resident Evil 2: Apocalipse,Resident Evil: Apocalypse,The evil continues...,Alexander Witt,2004,"Horror, Action, Science Fiction","rescue, martial arts, dystopia, mutant, conspiracy, evil corporation, zombie, based on video game",https://image.tmdb.org/t/p/w500/way9dOm4dM2sm9UMcu2PEXMTX0q.jpg
A Mosca,The Fly,Be afraid. Be very afraid.,David Cronenberg,1986,"Horror, Science Fiction","monster, experiment, mutation, toronto, canada, mutant, transformation, remake, creature, scientist, bodily dismemberment, parasite underneath skin, fly (insect), animal horror, melting, fly/human hybrid, in-home laboratory, body horror",https://image.tmdb.org/t/p/w500/8gZWMhJHRvaXdXsNhERtqNHYpH3.jpg
A Volta do Todo Poderoso,Evan Almighty,A comedy of biblical proportions,Tom Shadyac,2007,"Fantasy, Comedy, Family","rescue, parent child relationship, faith, married couple, support, marriage, father, god, spin off, animal, nature, flood, duringcreditsstinger, noah's ark, ark, almighty",https://image.tmdb.org/t/p/w500/5vjH8oQFZXJ0gTOPsJKWidVsWmg.jpg
Um Príncipe em Nova York,Coming to America,The four funniest men in America are Eddie Murphy.,John Landis,1988,"Comedy, Romance","new york city, fast food restaurant, prince, fake identity, heir to the throne, fish out of water, duringcreditsstinger, rich man, searching for love, rich family, pretending to be poor",https://image.tmdb.org/t/p/w500/djRAvxyvvN2yqlJKDbT3uy4vOBw.jpg
Viagem 2: A Ilha Misteriosa,Journey 2: The Mysterious Island,Believe the Impossible. Discover the Incredible.,Brad Peyton,2012,"Adventure, Action, Science Fiction","mission, giant lizard, missing person, duringcreditsstinger",https://image.tmdb.org/t/p/w500/hLZHJjsZ83Wfn3MRteNb6ew0WC7.jpg
Os Caça-Fantasmas 2,Ghostbusters II,Guess who's coming to save the world again?,Ivan Reitman,1989,"Comedy, Fantasy","new york city, painting, supernatural, ghostbuster, paranormal phenomena, slime, mythology, reincarnation, product placement, crude humor, single mother, paranormal investigation, old flame, courtroom, urban setting, book store, chrysler building, ghost, river of slime, revolving door, occult research, ghostbusters",https://image.tmdb.org/t/p/w500/yObYPMA58DnTMvJooFW7GG6jWAt.jpg
King's Man: A Origem,The King's Man,Witness the bloody origin.,Matthew Vaughn,2021,"Action, Adventure, Thriller","london, england, world war i, spy, based on comic, prequel, rasputin, world domination, duringcreditsstinger, 1910s, spy universe, admiring",https://image.tmdb.org/t/p/w500/mpOzVPDFDI15WaKV6dqpYp441rZ.jpg
Querido John,Dear John,Love brought them together. Will fate tear them apart?,Lasse Hallström,2010,"Drama, Romance, War","army, based on novel or book, romance, love, u.s. soldier, 9/11",https://image.tmdb.org/t/p/w500/2lAPv2jQ5eh54l4EttA9wjDljED.jpg
Os Estagiários,The Internship,Hiring them was a brilliant mistake.,Shawn Levy,2013,Comedy,"friendship, california, competition, job interview, mattress shop, silicon valley, rivalry, fish out of water, dating, loss of job, downsizing, job hunting, summer job, salesmen, laid off, computer programming, college student, starting over, google, computer programmer, dream job, odd one out, quidditch, partying, teamwork, computer skills, all work no play, rules and regulations, internship, sales pitch, 40-something, digital age",https://image.tmdb.org/t/p/w500/hIh3ZgsZ31nbUAGn5SKIZGKiKCX.jpg
Era Uma Vez no Oeste,C'era una volta il West,There were three men in her life. One to take her… one to love her —and one to kill her.,Sergio Leone,1968,"Drama, Western","small town, loss of loved one, harmonica, wedding party, spaghetti western, arizona territory, intercontintental railroad, outlaw gang, water pump, mysterious character, boom town, railroad company, hope for a new life, railroad construction, preserved film",https://image.tmdb.org/t/p/w500/qbYgqOczabWNn2XKwgMtVrntD6P.jpg
Gente Grande 2,Grown Ups 2,Just because they're a little older doesn't mean they've grown up.,Dennis Dugan,2013,Comedy,"friendship, journey in the past, past, friends",https://image.tmdb.org/t/p/w500/hT6ijOtjtYrnyDhN7VA2QWyGFAm.jpg
Sing 2,Sing 2,Where will your dreams take you?,"Garth Jennings, Christophe Lourdelet",2021,"Animation, Family","stage, villain, sequel, anthropomorphism, singing, animal, illumination",https://image.tmdb.org/t/p/w500/aWeKITRFbbwY8txG5uCj4rMCfSP.jpg
Sobrenatural: Capítulo 2,Insidious: Chapter 2,It will take what you love most.,James Wan,2013,"Horror, Thriller","haunted house, possession, demon, family, ghost, bride in black",https://image.tmdb.org/t/p/w500/w5JjiB3O1CLDXbTJe1QpU5RHmlU.jpg
O Grande Herói,Lone Survivor,Based on true acts of courage,Peter Berg,2013,"War, Action, Drama, History","based on novel or book, fight, afghanistan, biography, taliban, survival, u.s. navy seal, military, dangerous mission, soldiers",https://image.tmdb.org/t/p/w500/zaBIrloyhGK7iNTZMb3f9SARsl8.jpg
Um Dia,One Day,Twenty years. Two people.,Lone Scherfig,2011,"Drama, Romance","based on novel or book, comedian, love, author, writer, divorce, friends in love, woman director, missed opportunity",https://image.tmdb.org/t/p/w500/xGclxjTTbOdR18zqoldGTjfzSkl.jpg
Filadélfia,Philadelphia,No one would take on his case... until one man was willing to take on the system.,Jonathan Demme,1993,Drama,"philadelphia, pennsylvania, court, jurors, aids, pennsylvania, usa, homophobia, lawsuit, partner, hiv, lawyer, dying, lgbt, discrimination, judiciary, 1980s, courtroom drama, gay theme",https://image.tmdb.org/t/p/w500/tFe5Yoo5zT495okA49bq1vPPkiV.jpg
Casamento Sangrento,Ready or Not,In-laws will be the death of her.,"Matt Bettinelli-Olpin, Tyler Gillett",2019,"Comedy, Horror, Thriller","escape, ritual, marriage, satanism, games, gore, pact with the devil, wealth, murder, wedding, wedding dress, satanic cult, death game",https://image.tmdb.org/t/p/w500/vOl6shtL0wknjaIs6JdKCpcHvg8.jpg
Fúria de Titãs 2,Wrath of the Titans,Feel the Wrath,Jonathan Liebesman,2012,"Fantasy, Adventure","hades, mythology, greek mythology, zeus, perseus, gods, ancient greece, ares, based on myths, legends or folklore",https://image.tmdb.org/t/p/w500/b9n2R3xZWQ8MVZgndQoV34stS0h.jpg
Upgrade: Atualização,Upgrade,Not man. Not machine. More.,Leigh Whannell,2018,"Action, Thriller, Science Fiction","future, artificial intelligence (a.i.), hacker, police, technology, cyborg, dystopia, revenge, murder, drone, cyberpunk, transhumanism, brutality, implant, surgery, quadriplegic, near future, body enhancement, violence, microship",https://image.tmdb.org/t/p/w500/5f28TXtvHioXirX2n1XH8EJ314v.jpg
Mad Max,Mad Max,The Maximum Force Of The Future.,George Miller,1979,"Adventure, Action, Thriller, Science Fiction","australia, baby, chain, dystopia, post-apocalyptic future, exploitation, villain, bridge, matter of life and death, benzine, biker, cop, partner, truck, vigilante, motorcycle, motorcycle gang, exploding car, adventurer, action hero, good versus evil",https://image.tmdb.org/t/p/w500/5LrI4GiCSrChgkdskVZiwv643Kg.jpg
Ghostbusters: Mais Além,Ghostbusters: Afterlife,Discover the past. Protect the future.,Jason Reitman,2021,"Fantasy, Comedy, Adventure","small town, afterlife, ghostbuster, nostalgia, sequel, ghost, aftercreditsstinger, duringcreditsstinger, dead grandfather, ancient evil, otherworldly beings, paranormal events, father absence, ghostbusters",https://image.tmdb.org/t/p/w500/ggcBBYgnwrRAdx2vTthSAZDfrrk.jpg
Mama,Mama,A Mother's Love is Forever,Andy Muschietti,2013,Horror,"supernatural, haunted house, woods, cabin, ghost, mother daughter relationship",https://image.tmdb.org/t/p/w500/eo8BhR8Q5STmWE9sMLsEPagxmy6.jpg
Steve Jobs,Steve Jobs,Can a great man be a good man?,Danny Boyle,2015,"Drama, History","computer, biography, based on true story, father daughter relationship",https://image.tmdb.org/t/p/w500/d7a6v7LduguBKAnVrGHt9lFH3mQ.jpg
Perfeita é a Mãe!,Bad Moms,Party like a mother.,"Jon Lucas, Scott Moore",2016,Comedy,"infidelity, alcohol, mother role, hit-and-run, single mother, divorce, family, bathroom humor",https://image.tmdb.org/t/p/w500/9PaIkUnfOcU1wi5cFbamnmAkjEs.jpg
Dragão Vermelho,Red Dragon,Before the Silence.,Brett Ratner,2002,"Crime, Drama, Thriller","based on novel or book, psychopath, fbi, murder, serial killer, cannibal, dentures, megalomania, mind game, criminal profiler, tabloid reporter, chloroform, psychotronic film, fbi agent, stethoscope",https://image.tmdb.org/t/p/w500/ou9ZKA2cms02b7CdCdVqGkKu0O0.jpg
Terror em Silent Hill,Silent Hill,"Once you enter Silent Hill, there is no turning back.",Christophe Gans,2006,"Horror, Mystery","hotel, pedophilia, child abuse, monster, suffering, nurse, nun, darkness, sadism, orphanage, classroom, moral ambiguity, child murder, mother role, witch burning, symbolism, supernatural, fog, possession, heroism, gore, barbed wire, surrealism, revenge, survival, religion, school, hospital, another dimension, torture, creature, massacre, pedophile, brutality, demon, religious fundamentalism, child molester, gothic, conscience, molestation, based on video game, missing child, dismemberment, persecution, religious cult, child molestation, ghost town, mist, immolation, sleepwalking, nightmare becomes reality, limbo, bugs, sexual predator, mother daughter relationship, biopunk, skinning, supernatural power, supernatural horror, psychotronic film, extreme violence, child sexual abuse, religious fanaticism, condescending",https://image.tmdb.org/t/p/w500/r0bEDWO2w4a43K2xTNSF284qOsc.jpg
Extermínio 2,28 Weeks Later,When days turn to weeks... the horror returns.,Juan Carlos Fresnadillo,2007,"Horror, Thriller, Science Fiction","dying and death, london, england, sibling relationship, chaos, loss of loved one, mutant, supernatural, survival, on the run, zombie, escapade, virus, plague, female corpse, deadly",https://image.tmdb.org/t/p/w500/ja8nzgtzhJq0vtX3BJcnbceIxCF.jpg
Bonequinha de Luxo,Breakfast at Tiffany's,"Audrey Hepburn plays that daring, darling Holly Golightly to a new high in entertainment delight!",Blake Edwards,1961,"Comedy, Romance, Drama","new york city, love of one's life, broken engagement, cat, store window, cigarette, free spirit, writer, millionaire, jewelry store, gold digger, older woman younger man relationship, kept man, rich woman, best friends",https://image.tmdb.org/t/p/w500/79xm4gXw4l7A5D0XukUOJRocFYQ.jpg
Velozes & Furiosos 10,Fast X,The end of the road begins.,Louis Leterrier,2023,"Action, Crime, Thriller","sequel, revenge, betrayal, racing, family, cliffhanger, cars",https://image.tmdb.org/t/p/w500/fiVW06jE7z9YnO4trhaMEdclSiC.jpg
A Troca,Changeling,"To find her son, she did what no one else dared.",Clint Eastwood,2008,"Crime, Drama, Mystery","based on true story, clergyman, child in peril, police corruption, los angeles, california, single mother, street urchin, missing child, mental asylum, mental hospital, shock treatment, 1920s, missing son, mother son relationship, desperate woman, disbelieving cop, child abduction, telephone switchboard operator, biographical, female hysteria, police coverup",https://image.tmdb.org/t/p/w500/iECXjFF8JkTnNJvik14WbPpc9s9.jpg
Um Pequeno Favor,A Simple Favor,Can you keep a secret?,Paul Feig,2018,"Crime, Thriller, Mystery, Comedy","small town, based on novel or book, widow, female friendship, life insurance, best friend, missing person, vlogger",https://image.tmdb.org/t/p/w500/5EJWZQ8dh99hfgXP9zAD5Ak5Hrn.jpg
Invencível,Unbroken,Survival. Resilience. Redemption.,Angelina Jolie,2014,"Drama, War","japan, berlin, germany, based on novel or book, sports, world war ii, prisoner of war, u.s. air force, biography, pacific war, raft, shark, woman director, olympic athlete",https://image.tmdb.org/t/p/w500/djETrCXW11Fb5hEl7vvc3bfs3oc.jpg
Sex Tape: Perdido na Nuvem,Sex Tape,A movie about a movie they don't want you to see.,Jake Kasdan,2014,Comedy,"marriage, internet, relationship, family, sex tape",https://image.tmdb.org/t/p/w500/u2h7UnSHrbAA5WBoKhdH1rlDZfz.jpg
Tinha Que Ser Ele?,Why Him?,Of all the guys his daughter could have chosen...,John Hamburg,2016,Comedy,"daughter, rivalry, parent-in-law child-in-law relationship",https://image.tmdb.org/t/p/w500/eezFoKz7bXgdbjeieeCYJFXPKSu.jpg
Quero Matar Meu Chefe 2,Horrible Bosses 2,New crime. Same tools.,Sean Anders,2014,Comedy,"prison, kidnapping, sex addiction, sequel, sex tape",https://image.tmdb.org/t/p/w500/boBOkwIqgrs8noxBUSDkkicKa4K.jpg
Touro Indomável,Raging Bull,,Martin Scorsese,1980,Drama,"jealousy, transporter, sports, brother, paranoia, violent husband, boxer, biography, fistfight, broken nose, domestic violence, over-the-hill fighter",https://image.tmdb.org/t/p/w500/3Ph6BrMvgniIzFfsloKbSdXWcd8.jpg
A Pele que Habito,La piel que habito,,Pedro Almodóvar,2011,"Drama, Horror, Mystery, Thriller","mask, based on novel or book, madrid, spain, isolation, obsession, face transplant, plastic surgery, half-brother, sex change, revenge, dress, plastic surgeon, skin, nonlinear timeline, locked up, captivity",https://image.tmdb.org/t/p/w500/xTQ3SifXs7KmoToNIgStXG59ZZL.jpg
Triplo X,xXx,A New Breed Of Secret Agent.,Rob Cohen,2002,"Action, Adventure, Thriller","mission, biological weapon, sports car, cold war, prague, czech republic, nsa agent, adrenaline junkie, thrill seeker",https://image.tmdb.org/t/p/w500/86BnliVDBo2TjKmrgQTJIPHxAKd.jpg
A Felicidade Não se Compra,It's a Wonderful Life,It's a wonderful laugh! It's a wonderful love!,Frank Capra,1946,"Drama, Family, Fantasy","small town, angel, suicide attempt, holiday, bank, great depression, family business , nervous breakdown, old house, alternate reality, newlywed, magic realism, told in flashback, guardian angel, high school dance, christmas",https://image.tmdb.org/t/p/w500/mV3VcmMJN6Zwahj42dy9WwPUyRI.jpg
Superman: O Retorno,Superman Returns,You’ll Believe A Man Can Fly Again!,Bryan Singer,2006,"Science Fiction, Action, Adventure","saving the world, superhero, invulnerability, based on comic, sequel, super power, kryptonite, superhuman strength",https://image.tmdb.org/t/p/w500/385XwTQZDpRX2d3kxtnpiLrjBXw.jpg
As Panteras,Charlie's Angels,Get some action.,McG,2000,"Action, Adventure, Comedy, Crime, Thriller","martial arts, undercover agent, spy, secret agent, satire, female friendship, millionaire, agent, heroine, spy hero, based on tv series",https://image.tmdb.org/t/p/w500/u5GbILxLgfeNHCnTtTRuhmAC9i4.jpg
Tempo,Old,It's only a matter of time.,M. Night Shyamalan,2021,"Thriller, Mystery, Horror","beach, time warp, time, murder, family, based on graphic novel, family holiday, sickness, time-manipulation, human experiment, medical experiment, experimental drug, secret experiment",https://image.tmdb.org/t/p/w500/vclShucpUmPhdAOmKgf3B3Z4POD.jpg
Desejo e Reparação,Atonement,Torn apart by betrayal. Separated by war. Bound by love.,Joe Wright,2007,"Drama, Romance","new love, sibling relationship, based on novel or book, wind, nurse, loss of loved one, flirt, world war ii, innocence, lie, letter, twist, redemption, mistake, author, summer, dunkirk, london blitz, sepsis",https://image.tmdb.org/t/p/w500/hMRIyBjPzxaSXWM06se3OcNjIQa.jpg
Amadeus,Amadeus,Everything you've heard is true...,Milos Forman,1984,"History, Music, Drama","opera, composer, musician, marriage crisis, italy, talent, emperor, austria, mozart, god, murder, vienna, austria, envy, 18th century",https://image.tmdb.org/t/p/w500/1n5VUlCqgmVax1adxGZm8oCFaKc.jpg
Contatos Imediatos do Terceiro Grau,Close Encounters of the Third Kind,We are not alone,Steven Spielberg,1977,"Science Fiction, Drama","wyoming, usa, indiana, usa, flying saucer, extraterrestrial technology, obsession, evacuation, blackout, secret base, alien life-form, alien, ufo, vision, alien abduction, missing person, alien contact, mother ship, extraterrestrial life form, alien language, alien space craft, escapade, obsessive quest, flying ship, ufo sighting, alien encounter, lightshow, extraterrestrial humanoids, mysterious lights, alien spaceship, aliens, extraterrestrial capsule, moving lights, humanoid alien, secret space ufos, flashing lights",https://image.tmdb.org/t/p/w500/4zfedS25uMAhgm6YQhc9bhKHbLl.jpg
Dança com Lobos,Dances with Wolves,Inside everyone is a frontier waiting to be discovered.,Kevin Costner,1990,"Adventure, Drama, Western","friendship, mutiny, countryside, based on novel or book, unsociability, wolf, culture clash, self-discovery, freedom, desertion, language barrier, dakota, buffalo, native american, kansas, usa, sioux, tennessee, snow, pawnee tribe, 19th century, lakota, bison, early america",https://image.tmdb.org/t/p/w500/cvaBVpS0GzKqBd63pFT8f1E8OKv.jpg
Quase 18,The Edge of Seventeen,You're only young once… is it over yet?,Kelly Fremon Craig,2016,"Comedy, Drama","high school, friendship, sibling relationship, portland, oregon, coming of age, teen angst, loneliness, teenage girl, best friend, dating, woman director, generation z",https://image.tmdb.org/t/p/w500/iY5UEYuGxHfaYJ3vAUAWwFGMV7V.jpg
Os Outros Caras,The Other Guys,NY's finest were busy.,Adam McKay,2010,"Action, Comedy, Crime","narration, fire engine, buddy cop, ceo, zip line, buddy comedy, carjacking, aftercreditsstinger, duringcreditsstinger, shot",https://image.tmdb.org/t/p/w500/wNEHNqo3MgHmj3BUiPSqqq5czcm.jpg
Joy: O Nome do Sucesso,Joy,,David O. Russell,2015,"Drama, Comedy","factory, strong woman, inventor, biography, based on true story, new york state, entrepreneur, mop, 1990s, stolen patent",https://image.tmdb.org/t/p/w500/drHYguFkQO4nQQFUhRYqIbl45oT.jpg
No Coração do Mar,In the Heart of the Sea,Based on the incredible true story that inspired Moby Dick,Ron Howard,2015,"Thriller, Drama, Adventure, Action, History","sea, suicide, ship, ocean, whale, shipwreck, hunger, based on true story, survival, stranded, cannibal, whaling, death, new england, lost at sea, whaling ship, starvation, 19th century, whale oil, nantucket",https://image.tmdb.org/t/p/w500/weVvNPfk6FM9vBg3BXtRtNAmiYM.jpg
Invictus,Invictus,His people needed a leader. He gave them a champion.,Clint Eastwood,2009,"Drama, History","sports, stadium, south africa, apartheid, idealism, nelson mandela, based on true story, idealist, rugby, president, racism, poverty, celebration, duringcreditsstinger, 1990s, fighting the system",https://image.tmdb.org/t/p/w500/cNUoXM8dtg5mRt90GLrAHBP9IGE.jpg
The Old Guard,The Old Guard,Forever is harder than it looks,Gina Prince-Bythewood,2020,"Action, Fantasy","immortality, superhero, mercenary, based on comic, gay theme",https://image.tmdb.org/t/p/w500/cjr4NWURcVN3gW5FlHeabgBHLrY.jpg
O Âncora: A Lenda de Ron Burgundy,Anchorman: The Legend of Ron Burgundy,They bring you the news so you don't have to get it yourself.,Adam McKay,2004,Comedy,"1970s, journalism, sexism, ladder, panda, tv show in film, mustache, screwball comedy, battle of the sexes, misogynist, teleprompter, gang warfare, aftercreditsstinger, duringcreditsstinger, news spoof",https://image.tmdb.org/t/p/w500/Rdzsh3s6waplhSD7PUaBJovB7v.jpg
Hércules,Hercules,"Before he was a legend, he was a man.",Brett Ratner,2014,"Action, Adventure","killing, mercenary, past, based on comic, battle, ancient greece, hercules, warrior, sagen, 4th century bc",https://image.tmdb.org/t/p/w500/5X3VOy9lD44VclKsWTi8gHZGjhL.jpg
Dose Dupla,2 Guns,"2 Guns, 1 Bank.",Baltasar Kormákur,2013,"Action, Comedy, Crime","undercover agent, undercover, based on comic, money, fugitive, bank robbery, dea agent",https://image.tmdb.org/t/p/w500/ptURGAFktibhk7DEAbMazlmNqWa.jpg
A Autópsia,The Autopsy of Jane Doe,Every body has a secret.,André Øvredal,2016,"Horror, Mystery","parent child relationship, supernatural, crematorium, autopsy, morgue, murder, bell, corpse, thunderstorm, coroner, autopsy room, elevator, cause of death, ax",https://image.tmdb.org/t/p/w500/6K0wjP8kPCiPYy9PtXBGuypyt5I.jpg
Os Pinguins de Madagascar,Penguins of Madagascar,The movie event that will blow their cover,"Eric Darnell, Simon J. Smith",2014,"Family, Animation, Adventure, Comedy","rescue, wolf, spy, zoo, penguin, cartoon, madagascar, anthropomorphism, revenge, spin off, animal, talking animal",https://image.tmdb.org/t/p/w500/dXbpNrPDZDMEbujFoOxmMNQVMHa.jpg
Deuses do Egito,Gods of Egypt,The battle for eternity begins,Alex Proyas,2016,"Action, Adventure, Fantasy","rescue, egypt, fight, nile, mythology, thief, desert, ancient egypt, gods, egyptian mythology, myth",https://image.tmdb.org/t/p/w500/hzH7fwaTyQNITLo40Hu3R7cVMqv.jpg
O Fugitivo,The Fugitive,A murdered wife. A one-armed man. An obsessed detective. The chase begins.,Andrew Davis,1993,"Action, Thriller, Drama","chicago, illinois, escape, chase, doomed man, surgeon, death sentence, u.s. marshal, flashback, remake, betrayal, fugitive, on the run, conspiracy, police corruption, doctor, home invasion, disguise, one armed man, framed for murder, action hero, manhunt",https://image.tmdb.org/t/p/w500/b3rEtLKyOnF89mcK75GXDXdmOEf.jpg
Os Irmãos Cara de Pau,The Blues Brothers,They're on a mission from God.,John Landis,1980,"Music, Comedy, Action, Crime","prison, chicago, illinois, dancing, concert, country music, nazi, jazz, nun, music instrument, blues, shopping mall, road trip, church, buddy, parole, music",https://image.tmdb.org/t/p/w500/3DiSrcYELCLkwnjl9EZp2pkKGep.jpg
Animais Fantásticos: Os Segredos de Dumbledore,Fantastic Beasts: The Secrets of Dumbledore,Return to the magic.,David Yates,2022,"Fantasy, Adventure, Family","prison, witch, berlin, germany, magic, election campaign, curse, bhutan, fantasy world, wizard, magical creature, 1930s, good versus evil, wizarding world",https://image.tmdb.org/t/p/w500/jrgifaYeUtTnaH7NF5Drkgjg2MB.jpg
Vanilla Sky,Vanilla Sky,LoveHateDreamsLifeWorkPlayFriendshipSex.,Cameron Crowe,2001,"Mystery, Science Fiction, Romance, Fantasy, Thriller, Drama","regret, jealousy, amnesia, dream, love of one's life, nightmare, love triangle, virtual reality, ex-girlfriend, surreal, plastic surgery, illusion, face operation, life extension, time, puzzle, flashback, confusion, love, remake, wealth, memory loss, tragic love, doctor, car accident, fear, relationship, heartbreak, freak accident, disfigured face, surgery, lost love, individuality, disfigurement, wealthy man",https://image.tmdb.org/t/p/w500/cAh2pCiNPftsY3aSqJuIOde7uWr.jpg
O Projeto Adam,The Adam Project,Past meets future.,Shawn Levy,2022,"Adventure, Science Fiction","escape, time travel, explore, 2050s",https://image.tmdb.org/t/p/w500/wFjboE0aFZNbVOF05fzrka9Fqyx.jpg
Karate Kid: A Hora da Verdade,The Karate Kid,Only the 'Old One' could teach him the secrets of the masters.,John G. Avildsen,1984,"Action, Family, Drama","high school, friendship, martial arts, sports, fight, halloween, cheerleader, karate, bullying, sensei, teen movie, los angeles, california, dating, martial arts master, single mother, sabotage, beaten, high school student, martial arts tournament, martial arts training, crane, sport competition, school dance, semi autobiographical, mentor protégé relationship, teenage gang, teenage romance, hard work, high school romance, the karate kid",https://image.tmdb.org/t/p/w500/1mp4ViklKvA0WXXsNvNx0RBuiit.jpg
Planeta do Tesouro,Treasure Planet,Find your place in the universe.,"Ron Clements, John Musker",2002,"Adventure, Animation, Family, Fantasy, Science Fiction","mutiny, space marine, based on novel or book, loss of loved one, cyborg, map, pirate gang, treasure hunt, treasure map, alien, little boy, money, space, steampunk, planet, robot, troubled teen, robot cop, space pirate, flying ship, hoverboard, robot police",https://image.tmdb.org/t/p/w500/zMKatZ0c0NCoKzfizaCzVUcbKMf.jpg
Caça aos Gângsteres,Gangster Squad,No Names. No Badges. No Mercy.,Ruben Fleischer,2013,"Crime, Drama, Action, Thriller","gangster, los angeles, california, 1940s, griffith observatory",https://image.tmdb.org/t/p/w500/1eW9kFSuTQfyMvZKtxlnwKRBvI.jpg
"E Aí, Meu Irmão, Cadê Você?","O Brother, Where Art Thou?",They have a plan... but not a clue.,"Joel Coen, Ethan Coen",2000,"Adventure, Comedy, Crime","music record, country music, based on novel or book, prophecy, southern usa, mississippi river, seduction, fraud",https://image.tmdb.org/t/p/w500/2YztYilviFCYcEtDAnrOstUWGie.jpg
Para Sempre,The Vow,,Michael Sucsy,2012,"Drama, Romance","amnesia, coma, based on true story, romance, memory loss, car accident, valentine's day",https://image.tmdb.org/t/p/w500/qHNjcjKa6VHJsa0Eu0DHl2BaYw3.jpg
Resident Evil 3: A Extinção,Resident Evil: Extinction,All bets are off,Russell Mulcahy,2007,"Horror, Action, Science Fiction","clone, dystopia, mutant, post-apocalyptic future, conspiracy, evil corporation, zombie, based on video game",https://image.tmdb.org/t/p/w500/6yaLr7Ymg5cvbtSVi5hHwBKx35I.jpg
Operação Cupido,The Parent Trap,"Twice the Fun, Double the Trouble.",Nancy Meyers,1998,"Comedy, Family","california, summer camp, twin sister, remake, matchmaking, twins separated at birth, identity swap, divorced parents, woman director, napa valley, sister sister relationship, parent child reunion",https://image.tmdb.org/t/p/w500/dNqgjqxHIdfsQRQL5XTujNfX9pj.jpg
American Pie: O Casamento,American Wedding,Forever hold your piece.,Jesse Dylan,2003,"Comedy, Romance","marriage proposal, sibling relationship, wedding reception, handcuffs, spanner, blow job, stag night, wedding, sex comedy, best man, bachelor party",https://image.tmdb.org/t/p/w500/pCO3lJv2PzPkJty29APxCVSjyoE.jpg
Riddick 3,Riddick,Survival Is His Revenge,David Twohy,2013,"Science Fiction, Action, Thriller","dystopia, mercenary, sequel, alien, revenge, planet, spaceship",https://image.tmdb.org/t/p/w500/hfkZacQIrFjrpgKZoWZ94ifWRSq.jpg
Um Amor para Recordar,A Walk to Remember,It all comes down to who's by your side.,Adam Shankman,2002,"Drama, Romance","high school, based on novel or book, theatre group, north carolina, romance, coming of age, cancer, tragic love, valentine's day, nostalgic, star crossed lovers, teen drama, sentimental, romantic, adoring, distressing, empathetic, hopeful",https://image.tmdb.org/t/p/w500/8lUYMvWdHA0Q0k5F76RQCeCBUkA.jpg
A Vila,The Village,There is no turning back,M. Night Shyamalan,2004,"Drama, Mystery, Thriller","pennsylvania, usa, twist, forest, rural area, blindness, courtship, mentally handicapped man, aura, village council, bosque, plot twist",https://image.tmdb.org/t/p/w500/v7UvYtKfIVaHLaHwVgfalyrK7Ho.jpg
Um Milhão de Maneiras de Pegar na Pistola,A Million Ways to Die in the West,Bring protection.,Seth MacFarlane,2014,"Comedy, Western","gunslinger, farmer, wild west, aftercreditsstinger, duringcreditsstinger, laxative, absurd, dramatic, hilarious",https://image.tmdb.org/t/p/w500/n9SicwnoNGWBwE75le27sUhCLMm.jpg
Ponyo: Uma Amizade que Veio do Mar,崖の上のポニョ,Welcome to a world where anything is possible.,Hayao Miyazaki,2008,"Animation, Fantasy, Family","princess, fish, cliff, mermaid, anime",https://image.tmdb.org/t/p/w500/yp8vEZflGynlEylxEesbYasc06i.jpg
Ace Ventura 2: Um Maluco na África,Ace Ventura: When Nature Calls,New animals. New adventures. Same hair.,Steve Oedekerk,1995,"Crime, Comedy, Adventure","kidnapping, africa, indigenous, human animal relationship, bat, stupidity, slapstick comedy, animal, pets",https://image.tmdb.org/t/p/w500/wcinCf1ov2D6M3P7BBZkzQFOiIb.jpg
Anjos da Noite: O Despertar,Underworld: Awakening,Vengeance Returns,"Måns Mårlind, Björn Stein",2012,"Fantasy, Action, Horror","daughter, experiment, vampire, hybrid, child vampire, conspiracy, werewolf, fictional war, gothic, dark fantasy, werewolf child, urban gothic, good versus evil",https://image.tmdb.org/t/p/w500/jN0uuc8U6M3sTg9zEaliJV60Stf.jpg
Ponto Final: Match Point,Match Point,Passion Temptation Obsession.,Woody Allen,2005,"Drama, Thriller, Crime, Romance","adultery, london, england, love triangle, sports, upper class, tennis, river thames, love, wealth, lust, gold digger, instructor, social climbing",https://image.tmdb.org/t/p/w500/vHjEVTD8ucuwKSFOZJeyAnTZYli.jpg
Cruzada,Kingdom of Heaven,"Be without fear in the face of your enemies. Safeguard the helpless, and do no wrong",Ridley Scott,2005,"Drama, Action, Adventure, History, War","epic, blacksmith, muslim, crusade, jerusalem, israel, swordsman, knight, religion, order of the templars, knight templars, 12th century, saladin, king richard, christian",https://image.tmdb.org/t/p/w500/uk55nBEFIQFveIiy9jvLGiVtk4h.jpg
Por Um Punhado de Dólares,Per un pugno di dollari,"In his own way he is perhaps, the most dangerous man who ever lived!",Sergio Leone,1964,Western,"gunslinger, based on novel or book, hostility, greed, gang war, remake, murder, spaghetti western, dollars trilogy",https://image.tmdb.org/t/p/w500/lBwOEpwVeUAmrmglcstnaGcJq3Y.jpg
Oppenheimer,Oppenheimer,The world forever changes.,Christopher Nolan,2023,"Drama, History","husband wife relationship, based on novel or book, atomic bomb, patriotism, new mexico, world war ii, atomic bomb test, physics, biography, based on true story, interrogation, guilt, historical event, nuclear weapons, communism, red scare, mccarthyism, top secret project, moral dilemma, usa politics, 1940s, antisemitism, 20th century, manhattan project, los alamos",https://image.tmdb.org/t/p/w500/8Gxv8gSFCU0XGDykEGv7zR1n2ua.jpg
A Hospedeira,The Host,You will be one of us,Andrew Niccol,2013,"Action, Adventure, Science Fiction","based on novel or book, mass murder, dystopia, genocide, alien invasion, duringcreditsstinger, interspecies romance, alien parasites, based on young adult novel",https://image.tmdb.org/t/p/w500/ok2sl6rGITZ0W94DeRU4VkB2ssW.jpg
Con Air: A Rota de Fuga,Con Air,They were deadly on the ground; Now they have wings.,Simon West,1997,"Action, Thriller, Crime","prison, helicopter, airplane, escape, undercover, ambush, war veteran, gas station, psychopath, bravery, mexican standoff, sandstorm, hijacking, us army, prison guard, u.s. marshal, serial killer, shootout, las vegas, explosion, brutality, convict, desert, war hero, diabetic, dea agent, hostile takeover, skyjacker, motorcycle chase, disguises, action hero, army veteran, prisoner transport, transport plane",https://image.tmdb.org/t/p/w500/kOKjgrEzGOP92rVQ6srA9jtp60l.jpg
Verdade ou Desafio,Truth or Dare,"First you play the game, then the game plays you.",Jeff Wadlow,2018,"Thriller, Horror","mexico, sacrifice, college, hallucination, rejection, betrayal, demon, game, group of friends, spring break, doppelgänger, truth or dare, vulnerability, magic ritual",https://image.tmdb.org/t/p/w500/ei2waWQAG8NP244WShIFgGu9IOu.jpg
RED 2 - Aposentados e Ainda Mais Perigosos,RED 2,The best never rest.,Dean Parisot,2013,"Action, Comedy, Crime, Thriller","london, england, cia, paris, france, england, europe, based on comic, mi6, agent, hired killer, exploding airplane",https://image.tmdb.org/t/p/w500/jW7bHZgkHKUtUJCsThFuqbZGVUL.jpg
Todo Mundo em Pânico 3,Scary Movie 3,Great trilogies come in threes.,David Zucker,2003,Comedy,"parody, spoof, vhs, horror spoof, alien invasion, crop circle, tv news anchor, mysterious death, horror parody, dumb blonde",https://image.tmdb.org/t/p/w500/gLTVGCtUfD80sMDkbxAiWNso7Ne.jpg
Rocky III - O Desafio Supremo,Rocky III,The greatest challenge.,Sylvester Stallone,1982,Drama,"dying and death, transporter, sports, trainer, boxer, comeback, defeat, training, world champion, challenger, victory, rematch, revenge, wealth, fame, boxing",https://image.tmdb.org/t/p/w500/uWiTgedRzBRNeED7Nj7YB4TXBGg.jpg
O Juiz,The Judge,Defend your Honor.,David Dobkin,2014,Drama,"small town, indiana, usa, judge, parent child relationship, dysfunctional family, trial, family relationships, lawyer, courtroom, courtroom drama, father son relationship, legal thriller",https://image.tmdb.org/t/p/w500/tefUxj4Gg9hgQNgfEYd7kJQrIlD.jpg
Stardust: O Mistério da Estrela,Stardust,This Summer A Star Falls. The Chase Begins.,Matthew Vaughn,2007,"Adventure, Fantasy, Romance, Family","witch, new love, based on novel or book, kingdom, transformation, prince, beauty, wall, falling star, goat, royalty, unrequited love, pirate, fratricide, air pirate, turned into animal",https://image.tmdb.org/t/p/w500/AsCrevARwF6eCrF2v8zpLdn0gth.jpg
A Caça,Jagten,The lie is spreading.,Thomas Vinterberg,2012,Drama,"pedophilia, parent child relationship, lie, father, kindergarten, teacher, school, pedophile, divorce",https://image.tmdb.org/t/p/w500/jkixsXzRh28q3PCqFoWcf7unghT.jpg
Xeque-Mate,Lucky Number Slevin,Wrong time. Wrong place. Wrong number.,Paul McGuigan,2006,"Drama, Thriller, Crime, Mystery","sniper, assassin, assassination, gambling debt, identity, boss, gangster, mistake in person, fbi, murder, sniper rifle, horse racing, gambler, hoodlum",https://image.tmdb.org/t/p/w500/x21s3p5wPww534nYj1cWakTcqz4.jpg
Death Note,Death Note,,Adam Wingard,2017,"Crime, Fantasy, Horror, Thriller","notebook, based on manga, death, anime, based on anime, live action remake",https://image.tmdb.org/t/p/w500/1X19j2albvewAdnTNHx2fFXjOcC.jpg
Intriga Internacional,North by Northwest,"A 2000 MILE CHASE . . . That blazes a trail of TERROR to a gripping, spine-chilling climax !",Alfred Hitchcock,1959,"Mystery, Thriller","new york city, assassination, undercover agent, espionage, spy, mistaken identity, deception, romance, fugitive, on the run, advertising, framed, on the road, government agent, road movie, framed for murder, trains, cold war era, adventure, man on the run, couple on the run, moral relativism",https://image.tmdb.org/t/p/w500/ay0dOKJgyK4VEh3xakV15UgvJMF.jpg
O Castelo no Céu,天空の城ラピュタ,"One day, a girl came down from the sky…",Hayao Miyazaki,1986,"Adventure, Fantasy, Animation, Action, Family, Romance","army, flying, magic, mine, castle, lost civilisation, pirate, orphan, government agent, floating, pendant, blue sky, air pirate, crystal, anime",https://image.tmdb.org/t/p/w500/41XxSsJc5OrulP0m7TrrUeO2hoz.jpg
Predadores,Predators,The hunt is on.,Nimród Antal,2010,"Science Fiction, Action, Thriller","hunter, predator, yakuza, hunting human beings, alien life-form, sequel, alien, alien planet, jungle, creature, soldier, warrior",https://image.tmdb.org/t/p/w500/54LZIRznS0Zjn7ZDXrsGVe3HXei.jpg
Space Jam: Um Novo Legado,Space Jam: A New Legacy,Welcome to the Jam!,Malcolm D. Lee,2021,"Family, Animation, Comedy, Science Fiction","sports, cartoon, basketball, game, live action and animation, space jam",https://image.tmdb.org/t/p/w500/5bFK5d3mVTAvBCXi5NPWH0tYjKl.jpg
Atlantis: O Retorno de Milo,Atlantis: Milo's Return,The all-new adventures,"Victor Cook, Toby Shelton, Tad Stones",2003,"Fantasy, Animation, Science Fiction, Family, Action","submarine, atlantis, cartoon, animal attack, villain, native american, viking, sequel, steampunk, adventurer, norse mythology, sea battle, 1910s",https://image.tmdb.org/t/p/w500/jrZEWzSlbQTlsJobDmzuFNzlxbh.jpg
A Batalha de Riddick,The Chronicles of Riddick,All the power in the universe can't change destiny,David Twohy,2004,"Action, Science Fiction","prison, dystopia, matter of life and death, space, intergalactic travel",https://image.tmdb.org/t/p/w500/iSaB7jBgsU6sXqKneZpdeRw5MSV.jpg
Akira,AKIRA,Neo-Tokyo is about to E.X.P.L.O.D.E.,Katsuhiro Ôtomo,1988,"Animation, Science Fiction, Action","army, street gang, saving the world, total destruction, experiment, general, megacity, atomic bomb, stadium, underground, mutation, dystopia, cyberpunk, motorcycle gang, adult animation, psychotronic, anime, 2010s",https://image.tmdb.org/t/p/w500/neZ0ykEsPqxamsX6o5QNUFILQrz.jpg
Antes do Amanhecer,Before Sunrise,Can the greatest romance of your life last only one night?,Richard Linklater,1995,"Drama, Romance","sunrise, talking, soulmates, walking, austria, vienna, austria, romantic",https://image.tmdb.org/t/p/w500/kf1Jb1c2JAOqjuzA3H4oDM263uB.jpg
Anjos da Noite: A Evolução,Underworld: Evolution,"My God. Brother, what have you done?",Len Wiseman,2006,"Fantasy, Action, Thriller","budapest, hungary, vampire, key, light, forbidden love, rivalry, werewolf, gothic, evolution, dark fantasy, lycanthrope, urban gothic",https://image.tmdb.org/t/p/w500/yT1EDKhCzAumcZeBoAxqm0nY2H8.jpg
A Liga Extraordinária,The League of Extraordinary Gentlemen,The power of seven become a league of one.,Stephen Norrington,2003,"Fantasy, Action, Thriller, Science Fiction","saving the world, submarine, venice, italy, immortality, based on comic, steampunk, super power, jekyll and hyde, evil plot, captain nemo, allan quatermain, secret lair, nautilus, immortal, victorian era, moriarty, invisible man, vampiress (female vampire)",https://image.tmdb.org/t/p/w500/kdAuVFP63XXxnb983ry2pLCKd9S.jpg
R.I.P.D. - Agentes do Além,R.I.P.D.,To protect and serve the living.,Robert Schwentke,2013,"Fantasy, Action, Comedy","gold, wife, detective, investigation, police operation, undead, based on comic, partner, love, revenge, death, husband, ghost, police department, detectives",https://image.tmdb.org/t/p/w500/rS0kByPD4YF8pQ85KjzMdGiu7Xf.jpg
As Bem-Armadas,The Heat,They're just trying to stay alive long enough to kill each other.,Paul Feig,2013,"Action, Comedy, Crime","drug dealer, police, undercover, workaholic, boston, massachusetts, fbi, crime boss, witness protection, ambition, murder, drugs, female cop, drinking, interrogation, drug lord, family conflict, female detective, buddy cop, buddy comedy, opposites, tough cop, arrogance, dea, drunkenness, special agent, brother sister relationship, fbi agent, no friends, foul mouthed",https://image.tmdb.org/t/p/w500/yERBa1y5zNUOTRKQPiDCPIc2fuv.jpg
A História Sem Fim,Die unendliche Geschichte,A boy who needs a friend finds a world that needs a hero in a land beyond imagination!,Wolfgang Petersen,1984,"Adventure, Fantasy, Family, Drama","based on novel or book, wolf, magic, fairy tale, horse, mythology, child hero, anthropomorphism, bully, school, creature, reading, book store, fantasy world, giant, gnome, quest, child protagonist, father son relationship, based on young adult novel, magical necklace",https://image.tmdb.org/t/p/w500/jq67Zg1TVXNZxTvcXxfIdxK3IWV.jpg
Roma,Roma,There are periods in history that scar societies and moments in life that transform us as individuals.,Alfonso Cuarón,2018,Drama,"mexico city, mexico, 1970s, middle class, family relationships, black and white, maid, autobiographical, master servant relationship, domestic worker",https://image.tmdb.org/t/p/w500/kxZUWtJGbGqaUdXCYg2CTs8wyEc.jpg
A Máscara do Zorro,The Mask of Zorro,No one has seen his face... but everyone ... knows this mark.,Martin Campbell,1998,"Action, Adventure","epic, california, hero, horseback riding, spy, superhero, sword fight, revenge, vigilante, swashbuckler, action hero, zorro, vigilante justice",https://image.tmdb.org/t/p/w500/bdMufwGDDzqu4kTSQwrKc5WR4bu.jpg
Morbius,Morbius,A new Marvel legend arrives.,Daniel Espinosa,2022,"Action, Science Fiction, Fantasy","vampire, based on comic, duringcreditsstinger, supervillain, it's morbin time",https://image.tmdb.org/t/p/w500/6JjfSchsU6daXk2AKX8EEBjO3Fm.jpg
Cada Um na Sua Casa,Home,Worlds Collide,Tim Johnson,2015,"Fantasy, Comedy, Animation, Science Fiction, Family","spacecraft, alien, space, alien invasion, alien friendship, awful leader, taking resposibility",https://image.tmdb.org/t/p/w500/ln7DqfqyKosTw1xoa92Q7FRT3Jh.jpg
O Menu,The Menu,Painstakingly prepared. Brilliantly executed.,Mark Mylod,2022,"Comedy, Thriller, Horror","psychopath, obsession, mass murder, restaurant, dark comedy, revenge, food, dinner, chef, food critic, remote island, french cuisine, culinary arts, fine dining, haute cuisine",https://image.tmdb.org/t/p/w500/v31MsWhF9WFh7Qooq6xSBbmJxoG.jpg
...E o Vento Levou,Gone with the Wind,The greatest romance of all time!,Victor Fleming,1939,"Drama, War, Romance","civil war, based on novel or book, marriage crisis, loss of loved one, widow, atlanta, slavery, plantation, typhus, romance, casualty of war, second marriage, american civil war, technicolor, reconstruction era, businesswoman, 1860s, 1870s, antebellum south",https://image.tmdb.org/t/p/w500/lNz2Ow0wGCAvzckW7EOjE03KcYv.jpg
A Hora do Rush 2,Rush Hour 2,Get ready for a second Rush!,Brett Ratner,2001,"Action, Comedy, Crime","martial arts, los angeles, california, criminal investigation, interracial friendship, buddy cop, duringcreditsstinger, action hero, good versus evil",https://image.tmdb.org/t/p/w500/aBQf2vMiCINeVC9v6BGVYKXurTh.jpg
A Primeira Noite de Crime,The First Purge,A Nation Reborn,Gerard McMurray,2018,"Horror, Action, Thriller","new york city, new jersey, sequel, prequel, murder, church, social media, staten island, new york city, purge, abuse of power, apartment buildings",https://image.tmdb.org/t/p/w500/litjsBoiydO6JlO70uOX4N3WnNL.jpg
Os Pássaros,The Birds,"...and remember, the next scream you hear may be your own!",Alfred Hitchcock,1963,Horror,"pet shop, seclusion, playground, fireplace, seagull, bird attack, socialite, based on short story, practical joke, schoolteacher, lovebird, shopkeeper, unsolved mystery, schoolhouse",https://image.tmdb.org/t/p/w500/z0iYrJ6GsAMP3abOha7uGMuc5kZ.jpg
A Balada de Buster Scruggs,The Ballad of Buster Scruggs,Stories live forever. People don't.,"Ethan Coen, Joel Coen",2018,"Western, Comedy, Drama","prostitute, native american, parody, anthology, bank robbery, stagecoach, cowboy, wagon train, singing cowboy, american west, the old west",https://image.tmdb.org/t/p/w500/voxl654m7p36y8FLu8oQD7dfwwK.jpg
Pânico 2,Scream 2,Someone has taken their love of sequels one step too far.,Wes Craven,1997,"Horror, Mystery","mask, college, campus, sequel, slaughter, serial killer, slasher, university, self-referential, copycat killer",https://image.tmdb.org/t/p/w500/dORlVasiaDkJXTqt9bdH7nFNs6C.jpg
O Último Mestre do Ar,The Last Airbender,"Four nations, one destiny.",M. Night Shyamalan,2010,"Action, Adventure, Fantasy","fire, kingdom, war ship, village, prince, arrest, based on cartoon, attack, air, spirit, domination, cheering",https://image.tmdb.org/t/p/w500/zgwRTYWEEPivTwjB9S03HtmMcbM.jpg
Black Mirror: Bandersnatch,Black Mirror: Bandersnatch,,David Slade,2018,"Science Fiction, Mystery, Drama, Thriller, TV Movie","video game, technology, choice, free will, british noir, tech noir, programmer, interactive, choose your own adventure, video game development",https://image.tmdb.org/t/p/w500/fR0VZ0VE598zl1lrYf7IfBqEwQ2.jpg
True Lies,True Lies,"When he said I do, he never said what he did.",James Cameron,1994,"Action, Thriller","florida, horseback riding, gun, kidnapping, spy, florida keys, secret agent, terrorism, terrorist plot, top secret, mushroom cloud, jackhammer, special agent, key west",https://image.tmdb.org/t/p/w500/pweFTnzzTfGK68woSVkiTgjLzWm.jpg
Ligeiramente Grávidos,Knocked Up,Save the due date.,Judd Apatow,2007,"Comedy, Romance, Drama","alcohol, pregnancy, bed, one-night stand, condom, paternity, drug use, beard, unprotected sex, duringcreditsstinger",https://image.tmdb.org/t/p/w500/b4OaXw2MW97VvIiZE0Sbn1NfxSh.jpg
Premonição 2,Final Destination 2,For every beginning there is an end.,David R. Ellis,2003,"Horror, Mystery","ambulance, premonition, hospital",https://image.tmdb.org/t/p/w500/sDsdhVmGzh4L56QvtLLinvXjDs3.jpg
Resident Evil 5: Retribuição,Resident Evil: Retribution,Evil goes global,Paul W.S. Anderson,2012,"Action, Horror, Science Fiction","dystopia, mutant, sequel, conspiracy, tokyo, japan, zombie, based on video game, moscow, russia, hand to hand combat, virus, plague, pandemic",https://image.tmdb.org/t/p/w500/ohdUDWVlcbuWphaLu6wS91xdJ73.jpg
Planeta dos Macacos,Planet of the Apes,You'll be sorry you were ever born human.,Tim Burton,2001,"Thriller, Science Fiction, Action, Adventure","space marine, gorilla, revolution, dystopia, space suit, chimp, slavery, time travel, space travel, alien planet, ape, human subjugation",https://image.tmdb.org/t/p/w500/2IZcJHsTugOdyg0Y8ejj4CM2X3a.jpg
Harry e Sally: Feitos um para o Outro,When Harry Met Sally...,Can two friends sleep together and still love each other in the morning?,Rob Reiner,1989,"Comedy, Romance, Drama","new york city, friendship, husband wife relationship, orgasm, restaurant, platonic love, diner, central park, central park, new york city",https://image.tmdb.org/t/p/w500/3wkbKeowUp1Zpkw1KkBqMWbt0P9.jpg
Amor e Monstros,Love and Monsters,An apocalyptic love story.,Michael Matthews,2020,"Comedy, Action, Adventure, Fantasy","monster, bunker, post-apocalyptic future, coming of age, mutant animal, psychotronic, giant crab, teenager",https://image.tmdb.org/t/p/w500/718NnyxyQuBQcGWt9sdelA1Zc3h.jpg
Gilbert Grape: Aprendiz de Sonhador,What's Eating Gilbert Grape,Life is a terrible thing to sleep through.,Lasse Hallström,1993,"Romance, Drama","mentally disabled, sibling relationship, based on novel or book, widow, iowa, dysfunctional family, obesity, single mother, grocery store, mentally handicapped child",https://image.tmdb.org/t/p/w500/8r9yts6XHbB1xNLaPC6ExNAK1Qu.jpg
Army of the Dead: Invasão em Las Vegas,Army of the Dead,Survivors take all.,Zack Snyder,2021,"Action, Crime, Drama, Horror, Science Fiction, Thriller, Fantasy","casino, tiger, vault, mercenary, safe, heist, zombie animals, apocalypse, zombie, las vegas, widower, safecracker, booby trap, casino owner, walled city, zombie apocalypse, father daughter conflict, father daughter relationship, casino heist",https://image.tmdb.org/t/p/w500/z8CExJekGrEThbpMXAmCFvvgoJR.jpg
A Casa Monstro,Monster House,The house is . . . alive!,Gil Kenan,2006,"Animation, Comedy, Family, Fantasy","mission, monster, haunted house, neighbor, child",https://image.tmdb.org/t/p/w500/zCRPr4bkO3ae0U1134vJ39xZnAG.jpg
Um Tira da Pesada,Beverly Hills Cop,The Heat Is On!,Martin Brest,1984,"Action, Comedy, Crime","showdown, drug smuggling, undercover, cocaine, strip club, gunfight, mansion, los angeles, california, foot chase, art gallery, detroit, michigan, warehouse, childhood friends, murder investigation, beverly hills, buddy cop, buddy comedy, country club, maverick cop, damsel in distress, bar fight, bearer bonds, food delivery",https://image.tmdb.org/t/p/w500/eBJEvKkhQ0tUt1dBAcTEYW6kCle.jpg
O Príncipe do Egito,The Prince of Egypt,The Power Is Real. The Story is Forever. The Time is Now.,"Brenda Chapman, Steve Hickner, Simon Wells",1998,"Adventure, Animation, Drama, Family","egypt, moses, kingdom, pyramid, exodus, musical, governance, ancient egypt, pharaoh, woman director, passover",https://image.tmdb.org/t/p/w500/2xUjYwL6Ol7TLJPPKs7sYW5PWLX.jpg
Garfield: O Filme,Garfield,Get ready for frisky business.,Peter Hewitt,2004,"Animation, Comedy, Family","cat, competition, mascot, based on comic, lasagne, pets, live action and animation",https://image.tmdb.org/t/p/w500/vqwTSWNLyH55g8kBT61s2DgNYEp.jpg
Um Duende em Nova York,Elf,"This holiday, discover your inner elf.",Jon Favreau,2003,"Comedy, Family, Fantasy","elves, dwarf, holiday, adoption, santa claus, sarcasm, looking for  birth parents, romance, orphan, north pole, christmas spirit, christmas, workshop, father son relationship",https://image.tmdb.org/t/p/w500/oOleziEempUPu96jkGs0Pj6tKxj.jpg
Spring Breakers: Garotas Perigosas,Spring Breakers,A little sun can bring out your dark side.,Harmony Korine,2013,"Drama, Crime","drug dealer, florida, robbery, gangster, female friendship, drugs, spring break, young adult, college student, loss of innocence",https://image.tmdb.org/t/p/w500/3A1XjFB59rWwx92fM97s94RcBL3.jpg
Yesterday,Yesterday,Everyone in the world has forgotten The Beatles. Everyone except Jack…,Danny Boyle,2019,"Comedy, Fantasy, Music, Romance","musician, record collection, pop singer, liverpool, england, music festival, alternate reality, united kingdom, rock concert, moral dilemma",https://image.tmdb.org/t/p/w500/1rjaRIAqFPQNnMtqSMLtg0VEABi.jpg
O Galinho Chicken Little,Chicken Little,"When it comes to saving the world, it helps to be a little chicken.",Mark Dindal,2005,"Animation, Family, Comedy","fish, small town, space marine, superhero, chicken, cartoon, alien, computer animation, best friend, alien invasion, animal, duringcreditsstinger, spaceship, talking animal, 3d animation",https://image.tmdb.org/t/p/w500/1wg65q3daTE8rGfaUhBxLdXk6NL.jpg
Legalmente Loira,Legally Blonde,Don't judge a book by its hair color!,Robert Luketic,2001,"Comedy, Romance","father murder, blonde, superficiality, beauty salon, law school, murder, chihuahua, girl power, toy dog, blonde stereotype, proving oneself, murder confession",https://image.tmdb.org/t/p/w500/4ABNnmkVpzplrEVQWt1piITT0Ey.jpg
Do Que as Mulheres Gostam,What Women Want,He has the power to hear everything women are thinking. Finally... a man is listening.,Nancy Meyers,2000,"Comedy, Romance","telepathy, womanizer, single father, super power, teenage daughter, misogyny, advertising executive, woman director, female psyche",https://image.tmdb.org/t/p/w500/n5NOxrcgeiCxvEn47FG9bvlHNsV.jpg
O Ódio,La Haine,"How far you fall doesn't matter, it's how you land…",Mathieu Kassovitz,1995,Drama,"neo-nazism, police brutality, hip-hop, paris, france, socially deprived family, breakdance, ghetto, male friendship, racism, xenophobia, day in a life, paris suburb, dramatic, critical, conceited",https://image.tmdb.org/t/p/w500/gfdhSzPyAWtAizqs4ytc0MwOlQg.jpg
Quando as Luzes se Apagam,Lights Out,You were right to be afraid of the dark.,David F. Sandberg,2016,"Horror, Thriller, Mystery","suicide, sibling relationship, darkness, supernatural, paranormal phenomena, basement, parenthood, mental illness, based on short story, fear of the dark, ghost, jump scare, based on short film",https://image.tmdb.org/t/p/w500/8BnElzAQQpp7ZgdJJiAe1diomr4.jpg
Madrugada dos Mortos,Dawn of the Dead,"When the undead rise, civilization will fall.",Zack Snyder,2004,"Horror, Action","nurse, department store, shotgun, pregnancy, bite, habor, bus ride, dark comedy, lorry, gore, shopping mall, infection, basement garage, remake, survival, zombie, police officer, dog, death, security guard, gun store, duringcreditsstinger, zombie apocalypse",https://image.tmdb.org/t/p/w500/ttquyxStEEctzghtA2f4PUGprDr.jpg
Sete Psicopatas e um Shih Tzu,Seven Psychopaths,They Won't Take Any Shih Tzu.,Martin McDonagh,2012,"Comedy, Crime","suicide, alcohol, fight, kidnapping, gangster, screenwriter, black humor, murder, scam, los angeles, california, explosion, criminal, shih tzu, struggling, neo-noir",https://image.tmdb.org/t/p/w500/cfkdwxJd1gWGmT9kI0XXYfXNLmw.jpg
Straight Outta Compton: A História do N.W.A.,Straight Outta Compton,The Story of N.W.A.,F. Gary Gray,2015,"Drama, Music, History","drug dealer, police brutality, husband wife relationship, rap music, hip-hop, sibling relationship, aids, parent child relationship, gangster, rapper, ghetto, nightclub, assault, freedom of speech, protest, vandalism, recording contract, rags to riches, based on true story, terminal illness, road trip, feud, marijuana, gang, police chase, hospital, racism, los angeles, california, detroit, michigan, racial slur, wrongful arrest, death of brother, milwaukee wisconsin, police raid, police harassment, duringcreditsstinger, record company, music tour, 1980s, intimidation by police, los angeles riots, compton, california",https://image.tmdb.org/t/p/w500/9B63hMwU6iICtNDTISCaZQ5US7R.jpg
Um Crime de Mestre,Fracture,I shot my wife... prove it.,Gregory Hoblit,2007,Thriller,"perfect crime, prosecution, legal thriller",https://image.tmdb.org/t/p/w500/qNen8x5gaikjIg9CFihgxYcJwQe.jpg
O Homem do Norte,The Northman,Conquer your fate.,Robert Eggers,2022,"Action, Adventure, Fantasy","father murder, sword, prince, gore, viking, iceland, death of father, northern ireland, sword fight, revenge, fate, king, brutality, hamlet, based on myths, legends or folklore, nordic, 10th century, viking age, muscular men, fantasy, graphic violence",https://image.tmdb.org/t/p/w500/aSSJMnHknzKjlZ6zybwD7eyJ4Po.jpg
A Cura,A Cure for Wellness,All of us are human. None of us are immune.,Gore Verbinski,2017,"Horror, Mystery, Science Fiction","darkness, therapist, switzerland, mountain, wellness, employee, health, patient, spa, drugs, remote, swiss alps, treatment, cure, accident, wellness center, institute, incertitude",https://image.tmdb.org/t/p/w500/d4fXuJS3zZcAZfz2HYDtnwqtnwn.jpg
Desconhecido,Unknown,Take Back Your Life,Jaume Collet-Serra,2011,"Action, Mystery, Thriller","hotel, taxi, coma, taxi driver, prince, briefcase, hospital, stolen identity",https://image.tmdb.org/t/p/w500/aXBQD515okXQZmYA89ntXMvSJSd.jpg
Tudo e Todas as Coisas,"Everything, Everything",Risk everything... for love.,Stella Meghie,2017,"Drama, Romance","based on novel or book, nurse, isolation, love, neighbor, teenage girl, air, teenage love, illness, sheltered, taking a risk, based on young adult novel",https://image.tmdb.org/t/p/w500/c8W3Go48Mw0GoNXsGK4W9hNO4Vf.jpg
Buscando...,Searching,No one is lost without a trace.,Aneesh Chaganty,2018,"Thriller, Mystery, Drama","california, stalker, disappearance, internet, east asian lead, police detective, missing person, missing child, computer screen, found footage, social media, missing daughter, mysterious, facebook, live stream, father daughter relationship, asian american",https://image.tmdb.org/t/p/w500/9N0T3BaHZNdUCcMZQIM3yMUFwEh.jpg
O Guia do Mochileiro das Galáxias,The Hitchhiker's Guide to the Galaxy,Don't leave Earth without it,Garth Jennings,2005,"Adventure, Comedy, Science Fiction","galaxy, android, bureaucracy, based on novel or book, chase, space travel, alien, survival, stop motion, hitchhiker, robot, alien invasion, space opera, hyperspace, meaning of life, destruction of earth, intergalactic travel, islington england",https://image.tmdb.org/t/p/w500/yr9A3KGQlxBh3yW0cmglsr8aMIz.jpg
Miss Simpatia,Miss Congeniality,Never Mess With An Agent In A Dress.,Donald Petrie,2000,"Comedy, Crime, Action","undercover agent, investigation, beauty contest, talent show, fish out of water, terrorism, surveillance, san antonio, texas, beauty standards, beauty queen",https://image.tmdb.org/t/p/w500/q1m9ME0zvncnFDmKXC43RqZr8mU.jpg
Blade: Trinity,Blade: Trinity,The final hunt begins.,David S. Goyer,2004,"Action, Horror, Fantasy","martial arts, loss of loved one, vampire, fbi, superhero, supernatural, fistfight, based on comic, vampire hunter (slayer), martial arts master, motorcycle, katana sword, blade, super villain, urban gothic, good versus evil, sarcastic",https://image.tmdb.org/t/p/w500/rodqqX8NLe3cdcgBMc4CFTPidTy.jpg
Uma Noite Alucinante: A Morte do Demônio,The Evil Dead,The Ultimate Experience In Grueling Terror,Sam Raimi,1981,Horror,"falsely accused, audio tape, aggression, log cabin, chain saw, giant plant, lodge, friends, stop motion, zombie, occult, book of the dead, necronomicon, demonic possession, video nasty",https://image.tmdb.org/t/p/w500/uYxQ6xhP3WjqPZtxyAOnZQWnZqn.jpg
"Ave, César!","Hail, Caesar!",Lights. Camera. Abduction.,"Ethan Coen, Joel Coen",2016,"Comedy, Crime","journalist, ransom, cat, kidnapping, ancient rome, film in film, disappearance, hollywood, whodunit, period drama, filmmaking, movie star, 1950s, old hollywood",https://image.tmdb.org/t/p/w500/txvoksUbyxqvaOvDfEbwW5nEcmX.jpg
A Voz do Silêncio,映画 聲の形,Sometimes the answer is as simple as learning to listen.,Naoko Yamada,2016,"Animation, Drama","high school, friendship, suicide, suicide attempt, deaf, bullying, coming of age, based on manga, adult animation, woman director, sign languages, anime, social anxiety, japanese high school, japanese school, optimistic",https://image.tmdb.org/t/p/w500/tuFaWiqX0TXoWu7DGNcmX3UW7sT.jpg
Mesmo Se Nada Der Certo,Begin Again,You're only as strong as your next move.,John Carney,2013,"Comedy, Music, Romance, Drama","new york city, music recording, singer-songwriter, street musician, city life, recording session, street singer",https://image.tmdb.org/t/p/w500/qx4HXHXt528hS4rwePZbZo20xqZ.jpg
O Serviço de Entregas da Kiki,魔女の宅急便,"I was feeling blue, but I'm better now.",Hayao Miyazaki,1989,"Animation, Family, Fantasy, Adventure","witch, clock tower, bicycle accident, female friendship, bakery, coming of age, cartoon cat, cartoon dog, baking, seaside town, talking cat, courier service, delivery service, anime",https://image.tmdb.org/t/p/w500/Aufa4YdZIv4AXpR9rznwVA5SEfd.jpg
Billy Elliot,Billy Elliot,Inside every one of us is a special talent waiting to come out. The trick is finding it.,Stephen Daldry,2000,"Drama, Comedy, Music","dancing, friendship, dream, dancing class, northern england, workers' quarter, strike, small person, homophobia, hope, mentor, sadness, socialism, youngster, letter, ballet dancer, street riots, coming of age, ballet, young boy, cross dressing, crying, single father, audition, dance class, retrospective, lgbt, revolt, ballet school, emotional vulnerability, helping children, smart kid, street kid, dance teacher, 1980s, miners strike, father son relationship, 80s throwback, ballet dancing, gay theme, late 20th century, teen playing kid, ya, generational divide",https://image.tmdb.org/t/p/w500/nOr5diUZxphmAD3li9aiILyI28F.jpg
A Perseguição,The Grey,Live or Die on This Day,Joe Carnahan,2012,"Drama, Thriller, Action, Adventure","wolf, alaska, airplane crash, struggle for survival, based on short story, male camaraderie, aftercreditsstinger, wolf pack, american wilderness, grieving man, father son relationship, wolf hunter",https://image.tmdb.org/t/p/w500/a0Vt3wx8ciKmPt4iXPx9sH4HBVU.jpg
Boneco do Mal,The Boy,Every child needs to feel loved.,William Brent Bell,2016,"Horror, Thriller, Mystery","mask, suicide, fire, england, loss of loved one, shower, country house, nanny, murder, mansion, doll, burn victim, secret passageway, broken mirror",https://image.tmdb.org/t/p/w500/W4cdvWRHX1cKpod2KeK8WuHAHG.jpg
Gato de Botas,Puss in Boots,Live for danger. Fight for justice. Pray for mercy.,Chris Miller,2011,"Animation, Family, Fantasy, Adventure, Comedy","small town, fairy tale, rebel, spin off, wild west, talking cat, pets, shrek cinematic universe",https://image.tmdb.org/t/p/w500/eufJ36oQCauDc427ewaEvQrhZ6i.jpg
"Noivo Neurótico, Noiva Nervosa",Annie Hall,A nervous romance.,Woody Allen,1977,"Comedy, Drama, Romance","new york city, sports, tennis, narration, job interview, cocaine, neurosis, comedian, romantic comedy, love, singer, breaking the fourth wall, volkswagen beetle, lobster",https://image.tmdb.org/t/p/w500/dEtjPywhDbAXYjoFfhBC4U9unU7.jpg
Rambo IV,Rambo,"Live for nothing, or die for something.",Sylvester Stallone,2008,"Action, Thriller, War","snake, fight, missionary, boat, river, pastor, border, mercenary, thailand, burma, sequel",https://image.tmdb.org/t/p/w500/r8LPeldxskHrGJTPfhICguCip2H.jpg
Por Uns Dólares a Mais,Per qualche dollaro in più,"The man with no name is back... the man in black is waiting... a walking arsenal - he uncoils, strikes and kills!",Sergio Leone,1965,Western,"bounty hunter, pot smoking, rural area, spaghetti western, right hand man, piano, dollars trilogy",https://image.tmdb.org/t/p/w500/ooqASvA7qxlTVKL3KwOzBwy57Dh.jpg
A Espada Era a Lei,The Sword in the Stone,Tired of living in a Medieval mess... Merlin uses all his magic powers to change a scrawny little boy into a legendary hero!,"Wolfgang Reitherman, Clyde Geronimi, David Hand",1963,"Animation, Family","witch, based on novel or book, magic, transformation, knight, king arthur, turns into animal, excalibur, wizard, wart",https://image.tmdb.org/t/p/w500/dYQhKThGXl3xQv71Ysw0RSmVmBA.jpg
O Patriota,The Patriot,Some things are worth fighting for.,Roland Emmerich,2000,"Drama, History, War, Action","epic, daughter, mission, martial arts, general, southern usa, loss of loved one, rebel, patriotism, insurgence, gore, south carolina, based on true story, sword fight, historical fiction, soldier, patriot, 18th century, american revolution, revolutionary war",https://image.tmdb.org/t/p/w500/fWZd815QxUCUcrWQZwUkAp9ljG.jpg
O Homem da Máscara de Ferro,The Man in the Iron Mask,For the honor of a king. And the destiny of a country. All for one.,Randall Wallace,1998,"Adventure, Action, Drama","mask, france, swordplay, loyalty, palace, bastille, sword fight, remake, royalty, rural area, conspiracy, musketeer, twins, period drama, swashbuckler, tyrant, palace intrigue, baroque, 17th century, louis xiv",https://image.tmdb.org/t/p/w500/zHE9yRURvA7DyhYtQxkGTfE1Ywi.jpg
O Corvo,The Crow,Believe in angels.,Alex Proyas,1994,"Fantasy, Action, Thriller","martial arts, superhero, supernatural, halloween, crow, based on comic, revenge, arson, vigilante, tragic hero, back from the dead, sadist, detroit, michigan, gothic, urban setting, mourning, neo-noir, urban gothic, supernatural power, vigilante justice, good versus evil, intense, bold, tragic",https://image.tmdb.org/t/p/w500/wF2Tnf0bdYrzCKVbWh0mFwPJS6k.jpg
47 Ronins,47 Ronin,For courage. For loyalty. For honor.,Carl Rinsch,2013,"Drama, Action, Fantasy","suicide, japan, samurai, based on true story, revenge, samurai sword, ronin, shogun, half breed",https://image.tmdb.org/t/p/w500/xDHnmcroujCRG0ysYQaiswjbyHd.jpg
Foi Apenas um Sonho,Revolutionary Road,How do you break free without breaking apart?,Sam Mendes,2008,"Drama, Romance","adultery, infidelity, career, jealousy, husband wife relationship, based on novel or book, marriage crisis, american dream, housewife, connecticut, suburbia, free spirit, unhappiness, getaway, aspiring actor, 1950s, unhappy marriage, feeling trapped, bleak",https://image.tmdb.org/t/p/w500/63PKnmHjaDcTAjZIfj6bWVN8gvw.jpg
Klaus,Klaus,Welcome to the jingle,"Sergio Pablos, Carlos Martínez López",2019,"Animation, Family, Adventure, Comedy, Fantasy","friendship, small town, island, holiday, santa claus, cartoon, postman, reindeer, toy maker, christmas, 19th century, origin story, town, letters, good versus evil",https://image.tmdb.org/t/p/w500/q125RHUDgR4gjwh1QkfYuJLYkL.jpg
Godzilla,Godzilla,Size does matter.,Roland Emmerich,1998,"Science Fiction, Action, Thriller","new york city, atomic bomb, missile, intelligence, pregnancy, destroy, boat accident, giant monster, atomic bomb test, us army, flowerpot, creature, kaiju, military, animal horror, godzilla",https://image.tmdb.org/t/p/w500/tqQ9Nt5C1Z5PRDPxYXQ4qwy5v5V.jpg
High School Musical 2,High School Musical 2,,Kenny Ortega,2007,"Comedy, Drama, Family, Music, Romance, TV Movie","musical, summer, summer job, country club, music movie",https://image.tmdb.org/t/p/w500/la2kiVWDm2vuB4APZDgCCmuBh4K.jpg
Sin City: A Dama Fatal,Sin City: A Dame to Kill For,There is no justice without sin.,"Frank Miller, Robert Rodriguez",2014,"Crime, Action, Thriller","detective, dystopia, dominatrix, murder, twins, based on graphic novel, neo-noir",https://image.tmdb.org/t/p/w500/rfjgJIOhJL9RpXe5xbadnXJ9Mt2.jpg
Motoqueiro Fantasma: Espírito de Vingança,Ghost Rider: Spirit of Vengeance,He rides again.,"Mark Neveldine, Brian Taylor",2011,"Action, Fantasy, Thriller","dying and death, skeleton, angel, monk, superhero, anti hero, eastern europe, cult, pact with the devil, biker, based on comic, motorcycle, devil, demon, dark hero, flamethrower, super power, devil worship",https://image.tmdb.org/t/p/w500/3nTr3jGCFs3wBjifokRHp3xJgP5.jpg
Lendas do Crime,Legend,"Love, fight, live, rule like a legend.",Brian Helgeland,2015,"Crime, Thriller","gangster, biography, based on true story, twins",https://image.tmdb.org/t/p/w500/4shf5Alq4KWCKqrAAQe0JGJHYp5.jpg
O Bebê de Rosemary,Rosemary's Baby,It's not what you're expecting,Roman Polanski,1968,"Drama, Horror, Thriller","husband wife relationship, based on novel or book, satanism, conspiracy, demonic possession, satanic ritual, pregnant wife, coven (akelarre), satanic cult, manhattan, new york city, woman in jeopardy, neighbor neighbor relationship",https://image.tmdb.org/t/p/w500/s8pdaHjxNPLXIA1WjSTWm00RJTz.jpg
Rambo: Até o Fim,Rambo: Last Blood,Everyone has one more fight in them,Adrian Grunberg,2019,"Action, Thriller, Drama","post-traumatic stress disorder (ptsd), arizona, human trafficking, sequel, father figure, last stand, horse ranch, mexican american border, revenge plot, mexican cartel",https://image.tmdb.org/t/p/w500/kTQ3J8oTTKofAVLYnds2cHUz9KO.jpg
Resident Evil 4: Recomeço,Resident Evil: Afterlife,Experience a new dimension of evil,Paul W.S. Anderson,2010,"Action, Adventure, Horror, Science Fiction","dystopia, post-apocalyptic future, undead, evil corporation, biohazard, zombie, based on video game, duringcreditsstinger",https://image.tmdb.org/t/p/w500/qZHDnt8bnsD2cSJfIbjWbCkIq3G.jpg
007 Contra GoldenEye,GoldenEye,No limits. No fears. No substitutes.,Martin Campbell,1995,"Adventure, Action, Thriller","computer virus, cuba, falsely accused, secret intelligence service, secret identity, secret base, kgb, satellite, special car, cossack, electromagnetic pulse, time bomb, st. petersburg, russia, red army",https://image.tmdb.org/t/p/w500/z0ljRnNxIO7CRBhLEO0DvLgAFPR.jpg
Demônio de Neon,The Neon Demon,Beauty is vicious.,Nicolas Winding Refn,2016,"Thriller, Horror","jealousy, photographer, psychopath, obsession, necrophilia, motel, narcissism, manipulation, seduction, surrealism, swimming pool, murder, fame, teenage girl, los angeles, california, bathtub, lust, model, cannibal, fashion, eyeball, mortuary, body image, neon light, absurd, violence, callous",https://image.tmdb.org/t/p/w500/3rBo2AfWSlvsPmYFdJsNUMfkNIo.jpg
Os Smurfs,The Smurfs,Smurf Happens.,Raja Gosnell,2011,"Animation, Family, Adventure, Comedy, Fantasy","moon, magic, based on comic, blue, vortex, cat and mouse, duringcreditsstinger, live action and animation",https://image.tmdb.org/t/p/w500/vRhnslP2gW0QDym7BsMeSuioUfK.jpg
Lincoln,Lincoln,,Steven Spielberg,2012,"History, Drama","mutiny, usa president, based on true story, speech, battlefield, historical fiction, family conflict, mourning, american civil war, cultural conflict, battle of gettysburg, secession, presidential cabinet, gettysburg address, conflagration, ethical dilemma, emancipation, 19th century, abraham lincoln, abraham",https://image.tmdb.org/t/p/w500/oOo905cttAIkHERDBya5sX6HbIV.jpg
Goosebumps: Monstros e Arrepios,Goosebumps,The stories are alive,Rob Letterman,2015,"Adventure, Horror, Comedy","based on novel or book, magic, yeti, werewolf, family, new home, recluse, autumn, book comes to life, ventriloquist's dummy, praying mantis, new school, girl next door",https://image.tmdb.org/t/p/w500/aeZT9pqEgrmXOGdESFkAuVjX6kw.jpg
Premonição 3,Final Destination 3,This ride will be the death of you.,James Wong,2006,"Horror, Mystery","dying and death, stroke of fate, beheading, omen, premonition, burned alive, death",https://image.tmdb.org/t/p/w500/p7ARuNKUGPGvkBiDtIDvAzYzonX.jpg
Rambo II: A Missão,Rambo: First Blood Part II,"What most people call hell, he calls home.",George P. Cosmatos,1985,"Action, Adventure, Thriller, War","vietnam war, vietnam veteran, vietnam, helicopter, government, prisoner, chase, submachine gun, liberation of prisoners, photography, machinegun, prisoner of war, liberation, leech, us army, forest, sequel, revenge, torture, soldier, explosion, bow and arrow, exploding body, agent, russian army, electrical torture, denunciation",https://image.tmdb.org/t/p/w500/pzPdwOitmTleVE3YPMfIQgLh84p.jpg
Os Croods 2: Uma Nova Era,The Croods: A New Age,The future ain't what it used to be.,Joel Crawford,2020,"Animation, Family, Adventure, Fantasy, Comedy","sequel, prehistory, candid, playful, joyous, admiring, adoring",https://image.tmdb.org/t/p/w500/tbVZ3Sq88dZaCANlUcewQuHQOaE.jpg
Abismo do Medo,The Descent,Scream your last breath.,Neil Marshall,2005,"Adventure, Horror","panic, darkness, mutant, expedition, cave, claustrophobia, trauma, gore, female friendship, rope, climbing, appalachia, friends, female protagonist, best friend, creature, survival horror, grieving, speleology, brutal violence, camcorder, suspenseful",https://image.tmdb.org/t/p/w500/mxFPI4KYBk5ri9cPteIS8jiDFgj.jpg
As Branquelas,White Chicks,They're going deep undercover.,Keenen Ivory Wayans,2004,"Comedy, Crime","undercover, fbi, cross dressing, car accident, high society, buddy cop, hamptons",https://image.tmdb.org/t/p/w500/aHTUpo45qy9QYIOnVITGGqLoVcA.jpg
Identidade,Identity,The secret lies within.,James Mangold,2003,"Mystery, Thriller","prostitute, prisoner, psychopath, nevada, detective, rain, motel, weather, ex-cop, murder, stranded, serial killer, slasher, psychological thriller, whodunit, storm, psychiatrist, convict, thunderstorm, rainstorm, split personality, mental disorders, murder mystery, dissociative identity disorder, isolated place",https://image.tmdb.org/t/p/w500/bnidwEvWNAVJ3Uco9wWtuzWAfrx.jpg
"Eu, Eu Mesmo e Irene","Me, Myself & Irene",From gentle to mental.,"Bobby Farrelly, Peter Farrelly",2000,Comedy,"schizophrenia, road trip, ex-cop, aftercreditsstinger, duringcreditsstinger",https://image.tmdb.org/t/p/w500/rvRrcbLbpn7UJGRH1JupgHOeJFq.jpg
50%,50/50,It takes a pair to beat the odds.,Jonathan Levine,2011,"Comedy, Drama","friendship, parent child relationship, therapist, painter, cancer, psychologist, hospital, best friend, doctor, patient, doctor patient relationship, vomiting, chemotherapy",https://image.tmdb.org/t/p/w500/8f9tM9JVB4ETBhxlQcXIjLckArl.jpg
"Ela Dança, Eu Danço",Step Up,Every second chance begins with a first step.,Anne Fletcher,2006,"Music, Drama, Romance, Crime","dancing, dance, new love, baltimore, usa, art school, woman director",https://image.tmdb.org/t/p/w500/9Y2i54Etpx7JvCxj6D8P3VAH152.jpg
Como Perder um Homem em 10 Dias,How to Lose a Guy in 10 Days,One of them is lying. So is the other.,Donald Petrie,2003,"Comedy, Romance","bet, new york city, journalist, therapist, advertising expert, romantic comedy, relationship, screwball comedy, battle of the sexes",https://image.tmdb.org/t/p/w500/2dlftyPz7mTYbrsPvTogyFmYd7d.jpg
Inimigo do Estado,Enemy of the State,It's not paranoia if they're really after you.,Tony Scott,1998,"Action, Drama, Thriller","helicopter, washington dc, usa, corruption, espionage, politics, identity, falsely accused, mexican standoff, baltimore, usa, wiretap, satellite, national security agency (nsa), exploding building, mafia, conspiracy, lawyer, privacy, surveillance, voyeur, secret hideout, dramatic, antagonistic, authoritarian, subjective",https://image.tmdb.org/t/p/w500/x9pXrMKLsBGGOFyyZ0Gwt9YpVub.jpg
Por Água Abaixo,Flushed Away,Someone's Going Down,"David Bowers, Sam Fell",2006,"Adventure, Animation, Comedy, Family","ship, london, england, return, girlfriend, rubin",https://image.tmdb.org/t/p/w500/78czzq4yOr3yN2znedu0kWyv2Um.jpg
Sexta-Feira Muito Louca,Freaky Friday,Mondays are manic. Wednesdays are wild. And Fridays are about to get a little freaky.,Mark Waters,2003,"Comedy, Family, Fantasy","high school, concert, sibling relationship, single parent, talk show, mistake in person, bride, body exchange, fortune cookie, motherly love, wedding, psychiatrist, body-swap, teen comedy, child as an adult, adult as a child, mother daughter relationship",https://image.tmdb.org/t/p/w500/ipKcZ4Up7dp18XpsfYUc9NKZy3g.jpg
O Caminho para El Dorado,The Road to El Dorado,They came for the gold. They stayed for the adventure.,"Bibo Bergeron, Don Paul, Jeffrey Katzenberg",2000,"Family, Adventure, Animation, Comedy, Fantasy","gold, horse, cartoon, musical, con artist, sword fight, adventurer, 16th century, conquistador, el dorado, age of discovery",https://image.tmdb.org/t/p/w500/ryXm7xp4aqQyda0FU2eMfHehPBg.jpg
Instinto Selvagem,Basic Instinct,A brutal murder. A brilliant killer. A cop who can't resist the danger.,Paul Verhoeven,1992,"Thriller, Mystery","dying and death, california, jealousy, sexual obsession, police, san francisco, california, sadism, psychopath, detective, eroticism, bisexuality, suspicion of murder, lover, striptease, celebrity, femme fatale, sociopath, dead, neo-noir, erotic thriller, manipulative woman, novel writing, killed during sex, american giallo",https://image.tmdb.org/t/p/w500/76Ts0yoHk8kVQj9MMnoMixhRWoh.jpg
Pequena Grande Vida,Downsizing,We are meant for something bigger.,Alexander Payne,2017,"Drama, Science Fiction","future, computer, therapist, married couple, shrinking, crowd, speculative, meditative, caucasian, thoughtful, reflective, pc, procedure, loving, inspirational, grand, provocative, direct, dramatic, sentimental, awestruck, bold, dignified, enchant, euphoric, exhilarated, hopeful, powerful, sympathetic",https://image.tmdb.org/t/p/w500/l7iJoJBoP046hWyeeC2CQ6knOeK.jpg
Corrida Mortal,Death Race,Get ready for a killer race.,Paul W.S. Anderson,2008,"Action, Thriller, Science Fiction","prison, martial arts, car race, dystopia, matter of life and death, car crash, prison guard, prison escape, exploding building, vehicle combat, street race, remake, car fire, action hero, death game",https://image.tmdb.org/t/p/w500/5A79GeOb3uChQ0l0ZDjDyODKQp3.jpg
Férias Frustradas,Vacation,What could go wrong?,"John Francis Daley, Jonathan Goldstein",2015,Comedy,"route 66, vacation, grand canyon, dysfunctional family, road trip, sequel, family vacation, truck driver, amusement park, roller coaster / rollercoaster, theme park, bipolar disorder, plano texas, airplane pilot",https://image.tmdb.org/t/p/w500/z79MzBerDAW2EOQZCobFTO4dJ7P.jpg
Segurando as Pontas,Pineapple Express,Put this in your pipe and smoke it,David Gordon Green,2008,"Action, Comedy, Crime","smoking, witness, cannabis, marijuana, stoner, roach, painting toenails, radio call in show, seed, stoner movie",https://image.tmdb.org/t/p/w500/6E50WjeOYjDZg9HXgPjYdGtY2jG.jpg
Superman: O Filme,Superman,You'll believe a man can fly.,Richard Donner,1978,"Science Fiction, Action, Adventure","galaxy, journalist, saving the world, secret identity, crime fighter, superhero, nuclear missile, based on comic, destruction of planet, criminal, sabotage, super power, north pole, midwest, newspaper office, superhuman strength, aftercreditsstinger, save the day, evil genius, rural life",https://image.tmdb.org/t/p/w500/d7px1FQxW4tngdACVRsCSaZq0Xl.jpg
A Estrada,The Road,In a moment the world changed forever.,John Hillcoat,2009,"Adventure, Drama","based on novel or book, dystopia, post-apocalyptic future, paternity, abandoned house, survival, on the road, duringcreditsstinger, starvation, bomb shelter, father son relationship, cannibalism",https://image.tmdb.org/t/p/w500/qLaXnLzqleBWQtjvZ6JGVSaKoC3.jpg
A Queda! As Últimas Horas de Hitler,Der Untergang,"April 1945, a nation awaits its... Downfall",Oliver Hirschbiegel,2004,"Drama, History, War","dying and death, based on novel or book, nazi, clerk, dictator, poison, despair, traitor, world war ii, bunker, destroy, testament, capitulation, soviet military, race politics, national socialism, ideology, minister, national socialist party, historical figure, german shepherd, 1940s, adolf hitler",https://image.tmdb.org/t/p/w500/cP1ElGjBhbZAAqmueXjHDKlSwiP.jpg
Vicky Cristina Barcelona,Vicky Cristina Barcelona,Life is the ultimate work of art.,Woody Allen,2008,"Drama, Romance","barcelona, spain, photographer, artist, menage a trois, painter, author, summer, polyamory, bohemian",https://image.tmdb.org/t/p/w500/gjdUhi3Q8BHFFmFLvVtjInUYdBM.jpg
Antes de Partir,The Bucket List,Find the joy.,Rob Reiner,2007,"Drama, Comedy","dying and death, friendship, husband wife relationship, himalaya mountain range, parent child relationship, brain tumor, africa, journey around the world, sense of life, safari, male friendship, wish, terminal illness, road trip, cancer, billionaire, estranged father, list, elderly, journey, bucket list, taj mahal, india",https://image.tmdb.org/t/p/w500/idbNSe8zsYKQL97dJApfOrDSdya.jpg
Melhor é Impossível,As Good as It Gets,A comedy from the heart that goes for the throat. Brace yourself for Melvin.,James L. Brooks,1997,"Drama, Comedy, Romance","friendship, waitress, single parent, restaurant, lone wolf, painter, road trip, neighbor, author, obsessive compulsive disorder, cowardliness, writer, dog, rude, obnoxious, unlikely friendship, hospitalization, pets, mother son relationship, gay artist, lgbt interest, daily routine, romance novelist, child with illness",https://image.tmdb.org/t/p/w500/xXxuJPNUDZ0vjsAXca0O5p3leVB.jpg
O Grande Mestre,葉問,The celebrated Kung Fu master of Bruce Lee.,Wilson Yip,2008,"Drama, Action, History","martial arts, kung fu, sports, foreigner, bravery, rice, katana, market, tragic hero, second sino-japanese war (1937-45), racism, sadist, master, wing chun, bayonet",https://image.tmdb.org/t/p/w500/ggTTUXZg7trvAhsVj3eyd65bAnh.jpg
Zohan: O Agente Bom de Corte,You Don't Mess with the Zohan,Lather. Rinse. Save the world.,Dennis Dugan,2008,"Comedy, Action","new york city, israel, palestinian-israeli conflict, mossad, middle east, hairdresser, ladykiller, heart-throb, hairstyle, hacky sack",https://image.tmdb.org/t/p/w500/gBhLQmpCPoKFMCGsulMbIFzrBID.jpg
Carol,Carol,Some people change your life forever.,Todd Haynes,2015,"Romance, Drama","hotel, new year's eve, chicago, illinois, new york city, based on novel or book, parent child relationship, age difference, department store, photography, road trip, lesbian relationship, divorce, lesbian sex, lgbt, santa hat, child custody, older woman younger woman relationship, 1950s, lesbian",https://image.tmdb.org/t/p/w500/cJeled7EyPdur6TnCA5GYg0UVna.jpg
Chinatown,Chinatown,You get tough. You get tender. You get close to each other. Maybe you even get close to the truth.,Roman Polanski,1974,"Crime, Drama, Mystery, Thriller","dying and death, sea, pedophilia, rape, mistake in person, river, chinatown, barrage, conspiracy, whodunit, los angeles, california, private detective, neo-noir",https://image.tmdb.org/t/p/w500/mQJz8J4naOA7RmCtypTPjgXZIMY.jpg
Garota Infernal,Jennifer's Body,She's evil... and not just high school evil.,Karyn Kusama,2009,"Horror, Comedy","high school, minnesota, possession, slumber party, gore, sexual murder, teenage girl, demon, rock band, succubus, satanic ritual, candlelight vigil, duringcreditsstinger, woman director, virgin sacrifice, frenemies, bloodthirsty",https://image.tmdb.org/t/p/w500/wrkjsGcFJxcQqR56kJUYAEKKg2T.jpg
"Garota, Interrompida","Girl, Interrupted","The crazy thing is, you're not crazy.",James Mangold,1999,Drama,"based on novel or book, escape, suicide attempt, identity, insanity, female friendship, based on true story, borderline personality disorder, psychiatric hospital, mental institution, female protagonist, based on memoir or autobiography, psychiatrist, mental illness, psychiatric ward, meditative, 1960s, factual, distressing, exuberant",https://image.tmdb.org/t/p/w500/dOBdatHIVppvmRFw2z7bf9VKJr9.jpg
A Grande Jogada,Molly's Game,Deal with her.,Aaron Sorkin,2017,"Drama, Crime","new york city, court, poker, gambling, bratva (russian mafia), olympic games, fbi, biography, arrest, based on true story, celebrity, trial, beating, lawyer, female protagonist, los angeles, california, courtroom, ice skating, snow skiing, card playing, employer employee relationship, courtroom drama, cleavage, high stakes, mob, father daughter relationship",https://image.tmdb.org/t/p/w500/in43bQ7k0ttr666IPP94IlbQbTR.jpg
Babel,Babel,If You Want to be Understood... Listen.,Alejandro G. Iñárritu,2006,Drama,"daughter, first time, loss of loved one, gun, deaf-mute, san diego, california, ecstasy, nanny, illegal immigration, morocco, drug use, tokyo, japan, bullet wound, multiple storylines, tijuana, incident, non linear",https://image.tmdb.org/t/p/w500/cDy5iZL2C01jiT5wDSE4jOvoT52.jpg
"Carrie, a Estranha",Carrie,If you've got a taste for terror… take Carrie to the prom!,Brian De Palma,1976,"Horror, Thriller","high school, child abuse, based on novel or book, isolation, cemetery, stage, bible, telekinesis, teacher, revenge, unrequited love, prom, religion, teenage girl, school, cruelty, rage, humiliation, crucifix, praying, outsider, taunting, abusive mother, firestorm, religious horror, mother daughter relationship, supernatural horror, school bullying",https://image.tmdb.org/t/p/w500/uc3OvgmbnYaS5Y0BOjSmC1EmSz1.jpg
Anjos da Noite: Guerras de Sangue,Underworld: Blood Wars,Protect the Bloodline,Anna Foerster,2016,"Fantasy, Action, Thriller, Horror","martial arts, sword, vampire, hybrid, ambition, sequel, betrayal, conspiracy, werewolf, gothic, uzi, dark fantasy, woman director, urban gothic",https://image.tmdb.org/t/p/w500/v1ciDCWMG47gdT4kMyjyQbnLQQn.jpg
Demon Slayer: Mugen Train - O Filme,劇場版「鬼滅の刃」無限列車編,"With your blade, bring an end to the nightmare.",Haruo Sotozaki,2020,"Action, Animation, Adventure, Fantasy, Thriller","fight, magic, supernatural, psychology, gore, coming of age, survival, tragedy, based on manga, demon, historical, family, mutilation, adult animation, dark fantasy, shounen, anime, taisho, based on tv series",https://image.tmdb.org/t/p/w500/h8Rb9gBr48ODIwYUttZNYeMWeUU.jpg
Adrenalina,Crank,"There are a thousand ways to raise your adrenaline. Today, Chev Chelios will need every single one.","Mark Neveldine, Brian Taylor",2006,"Action, Thriller, Crime","assassin, helicopter, hitman, poison, adrenaline, fistfight, swimming pool, revenge, shootout, motorcycle, drugs, cell phone, pharmacy, defibrillation, hospital gown, emergency room, aftercreditsstinger, sweatshop, epinephrine",https://image.tmdb.org/t/p/w500/toaY9CoMAy37QNv8HbbUqWS4X1Q.jpg
O Sacrifício do Cervo Sagrado,The Killing of a Sacred Deer,,Yorgos Lanthimos,2017,"Drama, Thriller, Mystery","husband wife relationship, hostage, psychopath, insanity, blackmail, surgeon, paralysis, dysfunctional family, paranormal, revenge, hospital, cruelty, brutality, cafe, cardiologist, recovering alcoholic, open heart surgery",https://image.tmdb.org/t/p/w500/e4DGlsc9g0h5AyoyvvAuIRnofN7.jpg
Um Homem de Sorte,The Lucky One,,Scott Hicks,2012,"Drama, Romance","husband wife relationship, based on novel or book, iraq war veteran, photo, kennel, playing chess, bomb explosion",https://image.tmdb.org/t/p/w500/vK3A2i5dPCSB4vYBMcDZzm8DfRd.jpg
O Chamado da Floresta,The Call of the Wild,Based on the legendary novel,Chris Sanders,2020,"Adventure, Family, Drama","based on novel or book, gold rush, dog, sled dogs, yukon, canada, 19th century, pets",https://image.tmdb.org/t/p/w500/33VdppGbeNxICrFUtW2WpGHvfYc.jpg
O Franco Atirador,The Deer Hunter,,Michael Cimino,1978,"Drama, War","vietnam veteran, small town, suicide, vietnam, post-traumatic stress disorder (ptsd), escape, pennsylvania, usa, saigon, friends, russian roulette, wedding, deer hunting, steel worker, anti war, revolver, drunkenness, viet cong, romantic triangle, friends love same woman, prisoner of war camp, slavic american",https://image.tmdb.org/t/p/w500/bbGtogDZOg09bm42KIpCXUXICkh.jpg
O Grinch,The Grinch,Scheme big.,"Yarrow Cheney, Scott Mosier",2018,"Animation, Family, Comedy, Fantasy","holiday, surrealism, remake, based on children's book, christmas, illumination",https://image.tmdb.org/t/p/w500/1Bc9VNd9CIHIyJtPKFqSQzrXWru.jpg
Dolittle,Dolittle,He's just not a people person.,Stephen Gaghan,2020,"Family, Fantasy, Adventure","ship, island, based on novel or book, victorian england, doctor, based on children's book, animal, veterinary, talking to animals, voyage",https://image.tmdb.org/t/p/w500/uoplwswBDy7gsOyrbGuKyPFoPCs.jpg
Sunshine: Alerta Solar,Sunshine,"If the sun dies, so do we.",Danny Boyle,2007,"Drama, Science Fiction, Thriller","space marine, saving the world, bomb, sun, space suit, sunlight, space travel, space mission, earth, solar energy, expiration, 2050s, excited",https://image.tmdb.org/t/p/w500/o68nIa9aZigaxmbET9161h6e2cF.jpg
Tempos Modernos,Modern Times,"He stands alone as the greatest entertainer of modern times! No one on earth can make you laugh as heartily or touch your heart as deeply...the whole world laughs, cries and thrills to his priceless genius!",Charles Chaplin,1936,"Comedy, Drama","factory, ambulance, invention, tramp, great depression, industrial revolution, slapstick comedy, black and white, machine, pardon, guilty, silent film",https://image.tmdb.org/t/p/w500/7uoiKOEjxBBW0AgDGQWrlfGQ90w.jpg
Por um Fio,Phone Booth,No options. No lies. No fear. No deals. Just keep talking.,Joel Schumacher,2003,Thriller,"sniper, new york city, psychopath, terrorism, publicist, one location, affair, phone booth",https://image.tmdb.org/t/p/w500/o9b4cA1USAUXz0oxwWVja7sMNFa.jpg
Medo da Verdade,Gone Baby Gone,Everyone wants the truth... until they find it.,Ben Affleck,2007,"Crime, Drama, Mystery","robbery, corruption, based on novel or book, police, kidnapping, boston, massachusetts, blackmail, detective, drug addiction, murder, conspiracy, gang, pedophile, drugs, alcoholic, addict, child kidnapping, neo-noir",https://image.tmdb.org/t/p/w500/rm3Dl8DWYGO3UQ3w2kju62L9rkn.jpg
Operação Valquíria,Valkyrie,Many saw evil. They dared to stop it.,Bryan Singer,2008,"Drama, Thriller, War","friendship, suicide, plan, berlin, germany, husband wife relationship, assassination, nazi, bomb, resistance, military officer, world war ii, treason, deception, german officer, colonel, medal, operation valkyrie",https://image.tmdb.org/t/p/w500/8eoRtXswC8IQDsqW7iJWO56NhAv.jpg
Ele Não Está Tão a Fim de Você,He's Just Not That Into You,Are you the exception... or the rule?,Ken Kwapis,2009,"Comedy, Romance, Drama","based on novel or book, baltimore, usa, dating, relationship, break-up, duringcreditsstinger, online dating, dating woes, single woman",https://image.tmdb.org/t/p/w500/ruc33YnCrmCL8PHdPQVzfa4shWX.jpg
Arraste-me para o Inferno,Drag Me to Hell,"Christine Brown has a good job, a great boyfriend, and a bright future. But in three days, she's going to hell.",Sam Raimi,2009,"Horror, Thriller","work, gypsy, gore, curse, psychologist, psychic, evil, loan officer, obituary, engagement ring",https://image.tmdb.org/t/p/w500/fdyejM5Zd6dsa0YyWa02ZAKwQzK.jpg
Angry Birds: O Filme,The Angry Birds Movie,Why so angry?,"Clay Kaytis, Fergal Reilly",2016,"Animation, Adventure, Comedy","island, pig, rivalry, anthropomorphism, based on video game, duringcreditsstinger, anger management, animal kingdom, bird",https://image.tmdb.org/t/p/w500/nsaaZryqabtrdKwXcNud2Bm39mu.jpg
Lembranças,Remember Me,Live in the moments.,Allen Coulter,2010,"Drama, Romance","new york city, parent child relationship, 9/11, grieving, young adult, college student",https://image.tmdb.org/t/p/w500/j7umuMiLCHvWT7wYhFKJOTFSokF.jpg
Podres de Ricos,Crazy Rich Asians,The only thing crazier than love is family,Jon M. Chu,2018,"Comedy, Drama, Romance","based on novel or book, professor, singapore, wedding, east asian lead, wealthy family, asian american",https://image.tmdb.org/t/p/w500/1XxL4LJ5WHdrcYcihEZUCgNCpAW.jpg
Jogo Perigoso,Gerald's Game,Some games you play. Some you survive.,Mike Flanagan,2017,"Horror, Thriller","child abuse, based on novel or book, childhood trauma, sorrow, car accident, eclipse, dog, ghost, memoirs",https://image.tmdb.org/t/p/w500/32dippiypDdaKv7XFEfUlQ7kPup.jpg
Em Busca da Terra do Nunca,Finding Neverland,Where will your imagination take you?,Marc Forster,2004,Drama,"london, england, stroke of fate, becoming an adult, parent child relationship, faith, widow, theater play, peter pan, theatre group, author, illness, children's author",https://image.tmdb.org/t/p/w500/5JyDPH4qdr0I6pF7Bjh1Qrf1Jhh.jpg
Kubo e as Cordas Mágicas,Kubo and the Two Strings,The quest begins,Travis Knight,2016,"Animation, Adventure, Family","japan, samurai, magic, forgiveness, stop motion, storytelling, origami, feudal japan, mother son relationship",https://image.tmdb.org/t/p/w500/aZJ6KK1Wt7YB4dgZ0qlpaX3PwNV.jpg
As Aventuras de Paddington,Paddington,The adventure begins.,Paul King,2014,"Comedy, Adventure, Family","london, england, based on novel or book, peru, anthropomorphism, bear, based on children's book, family, talking to animals, children's book, taxidermist, live action and animation, personification, natural history museum",https://image.tmdb.org/t/p/w500/y7lFcSKhFrcelocr2VFflJnVzIH.jpg
O Último Caçador de Bruxas,The Last Witch Hunter,Live forever. Hunt forever.,Breck Eisner,2015,"Fantasy, Action, Adventure","witch, new york city, magic, superstition, black magic, man, aircraft, woman murder, witch hunter",https://image.tmdb.org/t/p/w500/qXvOpA2nhK5HQ6I95sN3nnMtfjH.jpg
O Mínimo para Viver,To the Bone,Don't fade away,Marti Noxon,2017,Drama,"smoking, arizona, artist, restaurant, anorexia, los angeles, california, pregnant woman, therapy, eating disorder",https://image.tmdb.org/t/p/w500/pkdxhdB3dRUqazqoy9lzUvhayjc.jpg
Memórias de um Assassino,살인의 추억,The worst of them will stay with you... forever.,Bong Joon Ho,2003,"Crime, Drama, Thriller","assassin, rape, corruption, police, detective, investigation, victim, based on true story, based on play or musical, murder, serial killer, torture, brutality, killer, neo-noir, south korea",https://image.tmdb.org/t/p/w500/lp3Qzzq1zzy6ToJul9DGBBd8ua1.jpg
Jogos Mortais IV,Saw IV,You think it is over... but the games have just begun.,Darren Lynn Bousman,2007,"Horror, Thriller, Crime","pain, sadism, psychopath, fbi, victim, games, electric chair, doctor, torture, police officer, miscarriage, survival horror, death match, mind game, female corpse, death game",https://image.tmdb.org/t/p/w500/e3pLI0qN1AKGHwOcMuwTpyI2SLN.jpg
Mulheres ao Ataque,The Other Woman,The oddest friends are about to get even,Nick Cassavetes,2014,"Comedy, Romance","infidelity, revenge, unfaithful boyfriend, extramarital affair, unfaithful husband",https://image.tmdb.org/t/p/w500/yHnbb6z8REuFIyBLT2Nj3MX54dY.jpg
Megarrromântico,Isn't It Romantic,None of the Feels,Todd Strauss-Schulson,2019,"Comedy, Fantasy, Romance","new york city, satire, romantic comedy, parody, romance, spoof, low self esteem, alternative present, alternative world, censored profanity",https://image.tmdb.org/t/p/w500/5xNBYXuv8wqiLVDhsfqCOr75DL7.jpg
Waterworld: O Segredo das Águas,Waterworld,Beyond the horizon lies the secret to a new beginning.,Kevin Reynolds,1995,"Adventure, Action, Science Fiction","sailboat, tattoo, based on novel or book, diving, ocean, mutant, post-apocalyptic future, pirate, oil tanker, environmental disaster, reluctant hero",https://image.tmdb.org/t/p/w500/4HRwxrHOUu4gg0NzdC5VSsRw4j.jpg
O Lutador,The Wrestler,Love. Pain. Glory.,Darren Aronofsky,2008,"Drama, Romance","daughter, new jersey, supermarket, heart attack, redemption, ambition, barbed wire, stripper, steroids, fame, pro wrestling, pro wrestlers",https://image.tmdb.org/t/p/w500/6OTR8dSoNGjWohJNo3UhIGd3Tj.jpg
A Janela Secreta,Secret Window,The most important part of a story is the ending.,David Koepp,2004,"Mystery, Thriller","adultery, jealousy, nightmare, police, isolation, alcohol, window, mississippi river, detective, paranoia, motel, letter, notebook, murder, arson, writer, divorce, ax",https://image.tmdb.org/t/p/w500/gvVmdVvJw620TV0EHaynarlKgqQ.jpg
Sierra Burgess é uma Loser,Sierra Burgess Is a Loser,Just be you.,Ian Samuels,2018,"Comedy, Drama, Romance","loser, based on play or musical, texting, stage adaptation, catfishing, ugly girl, popular girl, high school drama",https://image.tmdb.org/t/p/w500/vjnHRySiVM4YcBYzjCxw344y9g.jpg
Anjos da Noite: A Rebelião,Underworld: Rise of the Lycans,Every war has a beginning.,Patrick Tatopoulos,2009,"Fantasy, Action, Thriller","prison, vampire, slavery, castle, forbidden love, werewolf, battle, slave, fictional war, gothic, dungeon, dark fantasy, aristocracy, urban gothic",https://image.tmdb.org/t/p/w500/yW9gF7rGn8EoV8B8rxOx1xjxVZf.jpg
O Homem Bicentenário,Bicentennial Man,One robot's 200 year journey to become an ordinary man.,Chris Columbus,1999,"Science Fiction, Drama","android, based on novel or book, freedom, hologram, futuristic, robot, based on short story, journey, 22nd century, 2040s, 23rd century, 2060s",https://image.tmdb.org/t/p/w500/wrs23eO0VEWwOQpXoOasMnlW9Y4.jpg
Amor Sem Escalas,Up in the Air,The story of a man ready to make a connection.,Jason Reitman,2009,"Drama, Romance","suitcase, business, omaha, las vegas, on the road, downsizing, cross country, videoconferencing, employment termination, business trip, airport lounge, duringcreditsstinger, airline, motivational speaker, public speaking, laid off, mature romance, traveler, fired from a job, airport ending, travel packing, travel gift, air travel, frequent flyer",https://image.tmdb.org/t/p/w500/wZRNEkDxVDNNVaCPN7jKziMHmk5.jpg
O Demolidor,Demolition Man,The future isn't big enough for the both of them.,Marco Brambilla,1993,"Crime, Action, Science Fiction","future, martial arts, helicopter, police, psychopath, crime fighter, dystopia, museum, social control, cryogenics, utopia, fistfight, prison escape, product placement, betrayal, shootout, cyberpunk, explosion, foot chase, warden, subterranean, totalitarianism, censorship, culture shock, knitting, 2030s",https://image.tmdb.org/t/p/w500/dq6AmlVFo92PRuoLCcIyFdoRuxf.jpg
Caçadores de Obras-Primas,The Monuments Men,It was the greatest art heist in history,George Clooney,2014,"War, Drama, History, Action","nazi, world war ii, art theft, post world war ii",https://image.tmdb.org/t/p/w500/wiWAg4mKV2S4vImPxsPRIdj2R2B.jpg
A Vida dos Outros,Das Leben der Anderen,"Before the Fall of the Berlin Wall, East Germany's Secret Police Listened to Your Secrets.",Florian Henckel von Donnersmarck,2006,"Drama, Thriller","berlin, germany, government, corruption, espionage, germany, berlin wall, german democratic republic, cold war, blackmail, stasi, soviet union, freedom of speech, house search, artists' life, interrogation, surveillance, heartbreak, east germany, communism, political thriller",https://image.tmdb.org/t/p/w500/bCywq0RkrdI2qzhPNuuJ9PvGuzd.jpg
Artista do Desastre,The Disaster Artist,"I did naaaht! Oh, hi Mark",James Franco,2017,"Comedy, Drama","immigrant, jealousy, based on novel or book, ambition, biography, based on true story, behind the scenes, disaster, hollywood, desire, wealthy man, strange behavior, strange person, socially awkward, film production",https://image.tmdb.org/t/p/w500/jj84nF5vYRD0HUTowBKcrKk8hZP.jpg
Soldado Anônimo: Lei do Retorno,Jarhead: Law of Return,,Don Michael Paul,2019,War,,https://image.tmdb.org/t/p/w500/6LlqyjAik3Kh68QQ9AchSJEF0Z5.jpg
Agente 86,Get Smart,Saving The World...And Loving It!,Peter Segal,2008,"Action, Comedy, Thriller","dancing, mission, usa president, washington dc, usa, airplane, undercover agent, spy, sarcasm, bakery, los angeles, california, terrorism, secret service, government agent, weight loss, secret headquarters, world domination, moscow, russia, hand to hand combat, field agent, ineptitude, vice president, criminal organization, homeland security, spycraft, based on tv series, smolensk",https://image.tmdb.org/t/p/w500/c1x9EYmTTe9xTM8DclELORwC1PN.jpg
O Albergue,Hostel,Welcome to your worst nightmare.,Eli Roth,2006,Horror,"sadism, amsterdam, netherlands, bathroom, brothel, paranoia, human trafficking, bratislava, slovakia, machete, gore, dominatrix, backpacker, iceland, europe, deception, blood bath, mercilessness, slasher, torture, prostitution, strangulation, business card, doberman, eye gouging, hostel, mugging, torture porn, elite club, slovakia, american horror",https://image.tmdb.org/t/p/w500/dDrtuWUKhgUGp12kgUWuP0NpTdF.jpg
Estrada para Perdição,Road to Perdition,Pray for Michael Sullivan.,Sam Mendes,2002,"Crime, Drama, Thriller","hotel, farm, hitman, illinois, great depression, road trip, based on comic, revenge, organized crime, mafia, bank robbery, based on graphic novel, homework, learning to drive, spoiled son, scarred face, liberty half dollar, lake michigan, 1930s",https://image.tmdb.org/t/p/w500/mcOD6BogT9jE3Gj2htXg4QLAM8x.jpg
A Babá,The Babysitter,Dream girls can be a nightmare.,McG,2017,"Comedy, Horror","babysitter, bully, crush, corpse, satanic ritual, satanic cult, horror comedy, spin the bottle",https://image.tmdb.org/t/p/w500/86a7GRVRCwfl7wdI4QadyvKa6Zu.jpg
High School Musical 3: Ano da Formatura,High School Musical 3: Senior Year,,Kenny Ortega,2008,"Comedy, Romance, Drama, Family, Music","high school, musical, coming of age, high school student, duringcreditsstinger, music movie",https://image.tmdb.org/t/p/w500/2XJZeToQpxA0phMrC8Ez1mIrvjv.jpg
Trolls,Trolls,Find your happy place.,"Mike Mitchell, Walt Dohrn",2016,"Family, Animation, Fantasy, Adventure, Comedy, Music","friendship, hunger, musical, based on toy, troll, jukebox musical, kids",https://image.tmdb.org/t/p/w500/9VlK2j0THZWzhQPq0W3Oc0IIdBB.jpg
A Verdade Nua e Crua,The Ugly Truth,The battle of the sexes is on.,Robert Luketic,2009,"Comedy, Romance","surgeon, sexism, romantic comedy, romance, television producer, morning show, relationship, sex toy, valentine's day, misogyny, opposites attract, sacramento",https://image.tmdb.org/t/p/w500/2rq96Ihbqb1eU3TEBVtgFlqbeX7.jpg
Jogos Mortais: Jigsaw,Jigsaw,A new game begins.,"Michael Spierig, Peter Spierig",2017,"Horror, Mystery, Thriller","sadism, gore, sequel, flashback, torture, death, survival horror, death match, suicide by hanging, mind game, abduction, death game",https://image.tmdb.org/t/p/w500/2mUqHJG7ZiGwZYIylczFCsRPbXM.jpg
Um Dia de Fúria,Falling Down,A Tale Of Urban Reality.,Joel Schumacher,1993,"Crime, Drama, Thriller","detective, rocket launcher, retirement, traffic jam, gang, los angeles, california, divorce, anger, inequality, road rage, urban decay, laid off, disturbed, unassuming, price gouging",https://image.tmdb.org/t/p/w500/7ujqyF96Zg3rfrsh9M0cEF0Yzqj.jpg
A Criada,아가씨,Never did they expect to get into a controversial relationship...,Park Chan-wook,2016,"Thriller, Drama, Romance","jealousy, based on novel or book, library, pickpocket, con man, swindler, lesbian relationship, mansion, lust, lgbt, noblewoman, con woman, 1930s, lady's maid, handmade, seducer, japanese occupation of korea, lesbian, girls love",https://image.tmdb.org/t/p/w500/8MnMGO3oALkaiavehLmsKwvBU8S.jpg
Quero Ser Grande,Big,Have you ever had a really big secret?,Penny Marshall,1988,"Fantasy, Drama, Comedy, Romance, Family","baseball, romance, coming of age, best friend, co-workers relationship, body-swap, magic realism, bronx, new york city, pinball machine, toy maker, job promotion, homesick, new toy, quarter, unplugged electronic works, yankee stadium, wish fulfillment, bunk bed, woman director, age change",https://image.tmdb.org/t/p/w500/eWhCDJiwxvx3YXkAFRiHjimnF0j.jpg
Pânico 4,Scream 4,New decade. New rules.,Wes Craven,2011,"Horror, Mystery","rescue, mask, sheriff, jealousy, victim, knife, self-inflicted injury, sociopath, murder, house party, teen movie, serial killer, author, hospital, slasher, home invasion, self-referential, cousin cousin relationship, phone call, millennials, publicist, fame-seeking, new generation, return to hometown, masked killer, remakes",https://image.tmdb.org/t/p/w500/c2gf4gLMEDKciWZIN2XTYUp2J3m.jpg
Corra que a Polícia Vem Aí!,The Naked Gun: From the Files of Police Squad!,"You've read the ad, now see the movie!",David Zucker,1988,"Comedy, Crime","assassination, police, aquarium, baseball, parody, slapstick comedy, los angeles, california, terrorism, illegal drugs, criminal investigation, buddy cop, hypnotize, anarchic comedy, good versus evil, based on tv series",https://image.tmdb.org/t/p/w500/wQHTHJ3jBKtz2c6VT9JZ8TD73yl.jpg
Mad Max 2: A Caçada Continua,Mad Max 2,"When all that's left is one last chance, pray that he's still out there ... somewhere!",George Miller,1981,"Adventure, Action, Thriller, Science Fiction","mask, australia, chase, explosive, dystopia, boomerang, deal, post-apocalyptic future, exploitation, pilot, villain, feral child, community, ex-cop, sequel, truck, oil, wasteland, gang rape, motorcycle gang, dog, desolate, oil refinery, music box, adventurer, oil tanker, wanderer, action hero, good versus evil",https://image.tmdb.org/t/p/w500/lyFPvG4VJGlBKQtjyQnnpLEMog1.jpg
Protegendo o Inimigo,Safe House,No one is safe,Daniel Espinosa,2012,"Action, Thriller","martial arts, cia, microchip, betrayal, on the run, shootout, interrogation, safe house, rogue agent, cape town, south africa, football (soccer) stadium, consulate",https://image.tmdb.org/t/p/w500/7SYBPjv5ywF6cI4BSFFtlDyChT2.jpg
Grandes Olhos,Big Eyes,She created it. He sold it. And everyone bought it.,Tim Burton,2014,Drama,"husband wife relationship, court case, hawaii, painting, artist, biography, based on true story, honolulu, hawaii, jehovah's witness, 1950s, 1960s",https://image.tmdb.org/t/p/w500/203HAjJcLMl7xThcTqZx4zmEGcV.jpg
Carga Explosiva 2,Transporter 2,The Best In The Business Is Back In The Game.,Louis Leterrier,2005,"Action, Thriller, Crime","martial arts, chauffeur, miami, florida, workaholic, war on drugs, kidnapping, conference, sequel, u.s. marshal, young boy, audi, police chase, explosion, lethal virus, scientist, antidote, marital separation, government official, ransom demand, narcotics, rules, ex special forces, action hero, jetski, favor, crazy woman, precision, modified vehicle, bulletproof car",https://image.tmdb.org/t/p/w500/cdm17vK8PxHfTi7ayZf6WKbOgUO.jpg
Maus Momentos no Hotel Royale,Bad Times at the El Royale,All roads lead here,Drew Goddard,2018,"Thriller, Drama, Mystery, Crime","vietnam war, post-traumatic stress disorder (ptsd), casino, hippie, audio tape, motel, jukebox, concierge, richard nixon, payphone, storm, vacuum cleaner, slot machine, ruse, motel room, neo-noir, 1960s, lake tahoe",https://image.tmdb.org/t/p/w500/iNtFgXqXPRMkm1QO8CHn5sHfUgE.jpg
Círculo de Fogo,Enemy at the Gates,Some Men Are Born To Be Heroes.,Jean-Jacques Annaud,2001,"Drama, War, History","sniper, hero, winter, world war ii, stalingrad, based on true story, nazi officer, battle, bombing, death, 1940s, soviet propaganda, nikita khrushchev",https://image.tmdb.org/t/p/w500/9cSoNnB31hGY2mL78VT8mAbz6nR.jpg
A Mulher de Preto,The Woman in Black,What did they see?,James Watkins,2012,"Drama, Horror, Thriller","london, england, remake, revenge, lawyer, dead child, photograph, gothic horror, period drama, super power, estate, ghost",https://image.tmdb.org/t/p/w500/aJbeDPUwDe9MLpseTFrNTBaQPzf.jpg
Transformers: O Despertar das Feras,Transformers: Rise of the Beasts,Unite or fall.,Steven Caple Jr.,2023,"Action, Adventure, Science Fiction","peru, alien, end of the world, based on toy, robot, duringcreditsstinger, 1990s, brother brother relationship, transformers",https://image.tmdb.org/t/p/w500/gPbM0MK8CP8A174rmUwGsADNYKD.jpg
007 Contra o Satânico Dr. No,Dr. No,Now meet the most extraordinary gentleman spy in all fiction!,Terence Young,1962,"Adventure, Action, Thriller","exotic island, london, england, space marine, card game, assassination, casino, based on novel or book, england, secret mission, spy, secret intelligence service, jamaica, intelligence, secret base, baccarat, secret organization, nuclear radiation, villain, secret agent, atomic reactor, caribbean sea",https://image.tmdb.org/t/p/w500/fIaLLZKrSNmqcZNErk5ihBFutNH.jpg
Não! Não Olhe!,Nope,What’s a bad miracle?,Jordan Peele,2022,"Horror, Science Fiction, Mystery","california, horse, exploitation, video surveillance, death of father, alien, ufo, social commentary, psychological thriller, alien invasion, child star, chimpanzee, aftercreditsstinger, horse farm, african american man, racial issues, brother sister relationship",https://image.tmdb.org/t/p/w500/AcKVlWaNVVVFQwro3nLXqPljcYA.jpg
9 - A Salvação,9,When our world ended their mission began.,Shane Acker,2009,"Action, Adventure, Animation, Science Fiction, Thriller","friendship, man vs machine, hope, dystopia, post-apocalyptic future, steampunk, coward, end of world, rag doll",https://image.tmdb.org/t/p/w500/3uqXGOH4BQ2CLJWkDJZ0PzbUzOn.jpg
Um Cadáver Para Sobreviver,Swiss Army Man,We all need somebody to lean on.,"Daniel Kwan, Daniel Scheinert",2016,"Comedy, Drama, Romance, Fantasy, Adventure","beach, friends, survival, dead body, corpse, deserted island, buddy comedy, fart",https://image.tmdb.org/t/p/w500/8pxn8CQ6SD6tly75lrKw08wfZKv.jpg
007 Contra Goldfinger,Goldfinger,Everything he touches turns into excitement!,Guy Hamilton,1964,"Adventure, Action, Thriller","airplane, based on novel or book, england, secret intelligence service, golf, secret organization, nuclear radiation, fort knox, aston martin, secret lab, laser, kentucky, gas attack, mi6, british secret service, duringcreditsstinger",https://image.tmdb.org/t/p/w500/6fTzum7gSpLWww26WvWjETNqfD9.jpg
Paranóia,Disturbia,"The quieter the street, the darker the secrets....",D.J. Caruso,2007,"Thriller, Drama, Mystery","kidnapping, house arrest, neighbor, serial killer, voyeurism, girl next door",https://image.tmdb.org/t/p/w500/o1DzFQv3oJWTQiI8cdfIVdYlKce.jpg
Antes que Eu Vá,Before I Fall,What if today was the only day of the rest of your life?,Ry Russo-Young,2017,"Drama, Mystery, Thriller, Fantasy","based on novel or book, time loop, female protagonist, mumblecore, teen drama, based on young adult novel",https://image.tmdb.org/t/p/w500/eowzonDJMCuNXoJGVkP9Z7oCmiM.jpg
Fim dos Tempos,The Happening,We've Sensed It. We've Seen The Signs. Now... It's Happening.,M. Night Shyamalan,2008,"Thriller, Science Fiction","suicide, husband wife relationship, tree, natural disaster, crisis, park, nature, strange behavior, virus, unexplained, toxin, unprecedented",https://image.tmdb.org/t/p/w500/v1Cw6WaCjNqInpAzUwbXB4LGgoX.jpg
Que Mal Eu Fiz a Deus?,Qu'est-ce qu'on a fait au Bon Dieu ?,"4 marriages, 2 long-faces",Philippe de Chauveron,2014,Comedy,"marriage, racism, wedding ceremony, racial prejudice",https://image.tmdb.org/t/p/w500/5Hw0GuPahcTCMsJNaLn37OVeXB3.jpg
As Tartarugas Ninja: Fora das Sombras,Teenage Mutant Ninja Turtles: Out of the Shadows,,Dave Green,2016,"Action, Adventure, Comedy, Family, Science Fiction","sibling relationship, turtle, based on comic, sequel, ninja, rat, teenage mutant ninja turtles, bebop and rocksteady",https://image.tmdb.org/t/p/w500/euVaCiCWz3AALcQXHT6aUqdGUo6.jpg
Os Indomáveis,3:10 to Yuma,Time waits for one man.,James Mangold,2007,Western,"dying and death, race against time, hero, saloon, parent child relationship, liberation of prisoners, arizona, transport of prisoners, wilderness, stetson, railway car, rivalry, gang, gunfight, family, dishonesty, heroic mission, righting the wronged",https://image.tmdb.org/t/p/w500/voMB69AsLnPNmtfbrBl0lbeFKDH.jpg
O que Fazemos nas Sombras,What We Do in the Shadows,Some interviews with some vampires,"Jemaine Clement, Taika Waititi",2014,"Comedy, Horror","friendship, vampire, commune, new zealand, mockumentary, zombie, werewolf, suburb, heartbreak, fraternity, found footage, aftercreditsstinger, nosferatu, communal living, wellington new zealand",https://image.tmdb.org/t/p/w500/ftrq6LsDNfLPQzrlonOaxSq4yMh.jpg
Viagem a Darjeeling,The Darjeeling Limited,"I want us to be brothers again, like we used to be.",Wes Anderson,2007,"Adventure, Drama, Comedy","sibling relationship, dysfunctional family, train, india, healing, steward, catharsis, train ride",https://image.tmdb.org/t/p/w500/oSW5OVXTulaIXcoNwJAp5YEKpbP.jpg
Sol da Meia-Noite,Midnight Sun,Love will light the way.,Scott Speer,2018,"Romance, Drama","seattle, washington, sunlight, terminal illness, singer, best friend, homeschooling, dead mother, swimming, teenage daughter, railway station, boyfriend girlfriend relationship, athletic scholarship, protective father, teenage romance, busker, rare disease, medical problem",https://image.tmdb.org/t/p/w500/vPG2zEKPXhovPW9S91SRnwr5JM1.jpg
Os Sete Samurais,七人の侍,The Mighty Warriors Who Became the Seven National Heroes of a Small Town,Akira Kurosawa,1954,"Action, Drama","epic, martial arts, japan, samurai, sword, peasant, village, looting, rice, fencing, moral ambiguity, battle, bandit, practice, jidaigeki, 16th century",https://image.tmdb.org/t/p/w500/8OKmBV5BUFzmozIC3pPWKHy17kx.jpg
Sleepers: A Vingança Adormecida,Sleepers,Four friends have made a mistake that will change their lives forever.,Barry Levinson,1996,"Crime, Drama, Thriller","child abuse, sexual abuse, court case, court, repayment, sadistic, pastor, juvenile prison, juvenile delinquent, child",https://image.tmdb.org/t/p/w500/yUpiEk2EojS9ZEXb3nIQonQCYYF.jpg
Magnólia,Magnolia,But it did happen...,Paul Thomas Anderson,1999,Drama,"dying and death, daughter, farewell, regret, unsociability, chance, becoming an adult, parent child relationship, suicide attempt, loss of loved one, child prodigy, reconciliation, san fernando valley, multiple storylines, frog",https://image.tmdb.org/t/p/w500/tpfC325Jk6S38VTe5dDWjWtoyxr.jpg
O Talentoso Ripley,The Talented Mr. Ripley,How far would you go to become someone else?,Anthony Minghella,1999,"Thriller, Crime, Drama","new york city, friendship, ship, new love, lovesickness, jealousy, dual identity, double life, based on novel or book, venice, italy, beguilement, italy, homicide, yacht, secret identity, atlantic ocean, new identity, prosecution, fake identity, rejection, inferiority, inferiority complex, ocean liner, wealth, male homosexuality, cowardliness, envy, identity theft, gay theme, bold",https://image.tmdb.org/t/p/w500/6ojHgqtIR41O2qLKa7LFUVj0cZa.jpg
Incontrolável,Unstoppable,"1,000,000 Tons. 100,000 Lives. 100 Minutes.",Tony Scott,2010,"Action, Thriller","helicopter, police, pennsylvania, usa, deputy sheriff, police headquarter, train crash, injured leg, train, death, runaway train, police helicopter, helicopter chase, passenger train, train passengers",https://image.tmdb.org/t/p/w500/zKvHwL0GqLOear8rTnUPSTRYY0r.jpg
Blue Jasmine,Blue Jasmine,,Woody Allen,2013,Drama,"new york city, husband wife relationship, sibling relationship, san francisco, california, narcissism, snob, mental breakdown, liar, wealth, working class, anxiety disorder, riches to rags, financial fraud, affair, cheating husband",https://image.tmdb.org/t/p/w500/zLdLiUJfueZBctdv8OvkmGXEHEC.jpg
Logan Lucky: Roubo em Família,Logan Lucky,See how the other half steals.,Steven Soderbergh,2017,"Comedy, Crime, Action, Drama","sibling relationship, north carolina, cockroach, heist, race car driver, nascar, prison break",https://image.tmdb.org/t/p/w500/mQrhrBaaHvRfBQq0Px3HtVbH9iE.jpg
A Queda,Fall,Fear reaches new heights.,Scott Mann,2022,Thriller,sport climbing,https://image.tmdb.org/t/p/w500/v28T5F1IygM8vXWZIycfNEm3xcL.jpg
O Lorax: Em Busca da Trúfula Perdida,The Lorax,Meet the original force of nature.,"Chris Renaud, Kyle Balda",2012,"Animation, Family","aftermath, tree, musical, family business , money, tragic villain, consumerism, air, based on children's book, animal killing, walled city, reforestation, tree cutting, mad family, clothes factory, meme, social, abused child, illumination, singing animals, fish trio, biggering, unless",https://image.tmdb.org/t/p/w500/tePFnZFw5JvjwjQjaKkqDPNMLPU.jpg
Juntos e Misturados,Blended,"Single Dad, No Clue. Single Mom, Flying Solo.",Frank Coraci,2014,"Comedy, Romance","single parent, sports, africa, baseball, extreme sports, south africa, blind date, romantic comedy, wild animal, teenage crush, relationship, summer vacation, family vacation, single mother, family, divorced woman, widower, single father, daredevil, tomboy, death of mother, mother figure, father figure, blended family, mother son relationship, father daughter relationship, african music, absent father",https://image.tmdb.org/t/p/w500/o2YrH9jS7CAfWjETHFeL0tth79E.jpg
Trama Fantasma,Phantom Thread,,Paul Thomas Anderson,2017,"Drama, Romance","london, england, husband wife relationship, obsession, dressmaker, fashion designer, muse, doctor, wedding, fashion, fashion show, haute couture, fictional biography, 1950s, fashion industry, brother sister relationship",https://image.tmdb.org/t/p/w500/hgoWjp9Sh0MI97eAMZCnIoVfgvq.jpg
13 Horas: Os Soldados Secretos de Benghazi,13 Hours: The Secret Soldiers of Benghazi,"When everything went wrong, six men had the courage to do what was right.",Michael Bay,2016,"War, Action, History, Drama","cia, based on novel or book, libya, assault rifle, mercenary, heroism, biography, based on true story, explosion, american abroad, death, u.s. ambassador",https://image.tmdb.org/t/p/w500/nAnfWdvUXQemns5BR0Azi4z9o1t.jpg
Linha de Frente,Homefront,How far would you go to protect your home?,Gary Fleder,2013,"Action, Thriller","drug dealer, daughter, based on novel or book, police, parent child relationship, police operation, ex-cop, bayou, rural area, undercover cop, drug dealing, motorcycle gang, drugs, revenge motive",https://image.tmdb.org/t/p/w500/v55tfjL3QGeabkXAMXPb4olwjL0.jpg
M3GAN,M3GAN,Friendship has evolved.,Gerard Johnstone,2022,"Science Fiction, Horror","artificial intelligence (a.i.), aunt niece relationship, evil doll, orphan, car accident, niece, robot, juvenile delinquent, doll, information leak, dead dog, nosy neighbor, hit by a car, dead parents, attacked by a dog, creepy doll, possessed doll",https://image.tmdb.org/t/p/w500/d9nBoowhjiiYc4FBNtQkPY7c11H.jpg
Rio 2,Rio 2,It's on in the Amazon.,Carlos Saldanha,2014,"Animation, Adventure, Comedy, Family","amazon rainforest, sequel, travel, jungle, audition, parrots, personification",https://image.tmdb.org/t/p/w500/gVNTBrjxh2YRmQFjlaqrNbHVvrd.jpg
Serenity: A Luta pelo Amanhã,Serenity,They aim to misbehave.,Joss Whedon,2005,"Science Fiction, Action, Adventure, Thriller","spacecraft, martial arts, telepathy, dystopia, fugitive, space western, planet, cannibal, space opera, operative, ex soldier, firefly, browncoat",https://image.tmdb.org/t/p/w500/ckDo5vnRKehJ2qu8U95c7QcvGUm.jpg
Melancolia,Melancholia,Enjoy it while it lasts,Lars von Trier,2011,"Drama, Science Fiction","depression, suicide, nihilism, wedding reception, wedding planner, surrealism, end of the world, wealth, mansion, power outage, destruction of planet, sister sister relationship",https://image.tmdb.org/t/p/w500/kd0PqvTsJd6DOY7Jxu0R4vEfpsj.jpg
O Retorno de Jafar,The Return of Jafar,The Aladdin adventure continues...,"Toby Shelton, Tad Stones, Alan Zaslove",1994,"Family, Adventure, Animation, Romance","princess, middle east, magic, parrot, sultan, flying carpet, musical, sequel, love, revenge, magical object, animal, aftercreditsstinger, genie, magic lamp, direct to video",https://image.tmdb.org/t/p/w500/7SC793qtORB6YL4mu0F5o3hfjDQ.jpg
Caçadores de Emoção,Point Break,100% Pure Adrenaline!,Kathryn Bigelow,1991,"Action, Thriller, Crime","surfing, surfer, surfboard, undercover, self-destruction, self-discovery, parachuting, fbi, wave, extreme sports, parachute, police operation, moral conflict, gang, los angeles, california, bank robbery, woman director",https://image.tmdb.org/t/p/w500/lyUDjRJTQl1yWECtVpZlB54UDFS.jpg
007 - Um Novo Dia para Morrer,Die Another Day,He's never been cooler.,Lee Tamahori,2002,"Adventure, Action, Thriller","post-traumatic stress disorder (ptsd), espionage, spy, demonstration, fencing, laser, satellite, iceland, sequel, hong kong, torture, mi6, british spy, british secret service, havana, cuba, captured, u.s. secret service agent, publicist, space based weapon, adrenaline junkie, dmz, north korea, spycraft, james bond, prisoner exchange, conflict diamonds",https://image.tmdb.org/t/p/w500/bZmGqOhMhaLn8AoFMvFDct4tbrL.jpg
Annabelle 3: De Volta Para Casa,Annabelle Comes Home,Possess them all,Gary Dauberman,2019,"Horror, Mystery, Thriller","supernatural, babysitter, priest, doll, creepy doll, jump scare, possessed doll, supernatural power, the conjuring universe",https://image.tmdb.org/t/p/w500/qWsHMrbg9DsBY3bCMk9jyYCRVRs.jpg
A Última Música,The Last Song,"A story about family, first love, second chances and the moment in life that lead you back home.",Julie Anne Robinson,2010,"Drama, Family, Romance","daughter, new love, sibling relationship, romance, summer vacation, woman director",https://image.tmdb.org/t/p/w500/76twEOHXAM2oKnvZYBI5bP6GeDu.jpg
Crash: No Limite,Crash,You think you know who you are. You have no idea.,Paul Haggis,2005,Drama,"daughter, police, race politics, installer, fall, car crash, racism, los angeles, california, bigotry, social services, collision",https://image.tmdb.org/t/p/w500/3aOOJQEoU9iL9hYNTbEuFNDaDnn.jpg
Entre Irmãos,Brothers,There are two sides to every family.,Jim Sheridan,2009,"Drama, Thriller, War","sibling relationship, loss of loved one, brother-in-law, afghanistan war (2001- ), remake, sister-in-law, wistful",https://image.tmdb.org/t/p/w500/ySXRgHCdelVtvUyHcKGpiQKb052.jpg
Sicário: Dia do Soldado,Sicario: Day of the Soldado,No rules this time,Stefano Sollima,2018,"Action, Crime, Thriller","rescue, cia, corruption, usa–mexico border, sequel, shootout, explosion, brutality, drugs, sign languages, cartel, neo-noir, mexican cartel",https://image.tmdb.org/t/p/w500/OdD7A0LgLXPjqzmfcEl9sTYVPo.jpg
Planeta Terror,Planet Terror,Humanity's last hope… rests on a high power machine gun!,Robert Rodriguez,2007,"Horror, Action, Thriller","gas, loss of loved one, military base, grindhouse, zombie",https://image.tmdb.org/t/p/w500/30ANoUgvqQZ9tgCnM6OyJZUveaf.jpg
Show de Vizinha,The Girl Next Door,Matt never saw her coming... but all his friends had!,Luke Greenfield,2004,"Comedy, Romance","high school, porn actor, pornographic video, school party, blonde, sexual attraction, porn industry, sex comedy, girl next door, sex video",https://image.tmdb.org/t/p/w500/el8RGlODqenqIs6Mcbyaog6DnXe.jpg
Com a Bola Toda,DodgeBall: A True Underdog Story,Grab life by the ball.,Rawson Marshall Thurber,2004,Comedy,"underdog, sports, love at first sight, competition, gymnasium, bodyguard, oddball, cheerleader, cheerleading, sexual harassment, breaking the fourth wall, pirate, workout, megalomaniac, lgbt, sport competition, against the odds, mentor protégé relationship, weight loss, referee, aftercreditsstinger, duringcreditsstinger, guide book, dodgeball, instructional video, girl scouts, small business, handicapped, rules and regulations, food addiction",https://image.tmdb.org/t/p/w500/r8KbNHkkwFXLjV1suGwm0Qjure5.jpg
Invasão do Mundo: Batalha de Los Angeles,Battle: Los Angeles,It's not war. It's survival.,Jonathan Liebesman,2011,"Science Fiction, Action","hero, saving the world, chaos, marine corps, retirement, meteor, space invasion, alien, survival, battlefield, sergeant, los angeles, california, battle, alien invasion, u.s. marine, escapade, heroic mission, evil alien",https://image.tmdb.org/t/p/w500/jloyGeVYZSxM9zsLFvVOWuj2ey4.jpg
Questão de Honra,A Few Good Men,"In the heart of the nation's capital, in a courthouse of the U.S. government, one man will stop at nothing to keep his honor, and one will stop at nothing to find the truth.",Rob Reiner,1992,Drama,"underdog, dying and death, suicide, navy, right and justice, court case, suspicion of murder, guantanamo bay, marine corps, military court, code red, command, military base, u.s. navy, sexism, based on play or musical, flashback, court martial, platoon leader, military law, legal thriller",https://image.tmdb.org/t/p/w500/rLOk4z9zL1tTukIYV56P94aZXKk.jpg
Asterix e Obelix: Missão Cleópatra,Astérix & Obélix Mission Cléopâtre,The funniest film in ancient history!,Alain Chabat,2002,"Family, Fantasy, Comedy, Adventure","egypt, magic, palace, civil engineer, cleopatra, ancient rome, ancient world, based on children's book, ancient egypt",https://image.tmdb.org/t/p/w500/fKIhO8pL7pVcIGkjP1cSDV9FOxu.jpg
O Colecionador de Ossos,The Bone Collector,Two cops on the trail of a serial killer. They must see as one... They must act as one... They must think as one... Before another victim falls.,Phillip Noyce,1999,"Drama, Mystery, Thriller, Crime","new york city, taxi, based on novel or book, paraplegic, psychopath, detective, investigation, serial killer, crime scene, rookie cop",https://image.tmdb.org/t/p/w500/4HiIegmRMV147NDLAEhXI8duho.jpg
Nausicaä do Vale do Vento,風の谷のナウシカ,A young girl's love called forth miracles…,Hayao Miyazaki,1984,"Adventure, Animation, Fantasy","future, airplane, saving the world, human vs nature, fungus spores   , post-apocalyptic future, giant insect, toxic, based on manga, ecology, anime",https://image.tmdb.org/t/p/w500/tcrkfB8SRPQCgwI88hQScua6nxh.jpg
Invasão ao Serviço Secreto,Angel Has Fallen,Loyalty is under fire,Ric Roman Waugh,2019,"Action, Thriller","usa president, sequel, secret service, framed for a crime, terrorist plot, assassination attempt, survivalism, u.s. secret service agent, manhunt, father son relationship",https://image.tmdb.org/t/p/w500/fapXd3v9qTcNBTm39ZC4KUVQDNf.jpg
Rocky Balboa,Rocky Balboa,It ain't over 'til it's over.,Sylvester Stallone,2006,Drama,"philadelphia, pennsylvania, transporter, love of one's life, fight, tombstone, publicity, boxer, grave, comeback, defeat, training, restaurant owner, world champion, challenger, virtual fight, victory, cancer, over-the-hill fighter, boxing",https://image.tmdb.org/t/p/w500/xUylDspiTKU3cYzZNeLsN8Krv12.jpg
Amizade Desfeita,Unfriended,"Online, your memories last forever. But so do your mistakes.",Levan Gabriadze,2014,"Horror, Mystery, Thriller","computer, bullying, revenge, internet, internet chat, humiliation, death, extramarital affair, vengeful ghost, computer screen, ghost, one night, found footage, skype, facebook, blender",https://image.tmdb.org/t/p/w500/8byPxREr3BqBNyyij5WHVSOVtYk.jpg
Guerra é Guerra!,This Means War,It's SPY Against SPY,McG,2012,"Action, Comedy, Romance","friendship, love triangle, dating, sushi bar, exploding airplane, online dating, karate class, animal shelter",https://image.tmdb.org/t/p/w500/7d1hwECRc1NZlGfAeYE42ki7Fem.jpg
Pequenos Espiões,Spy Kids,Real spies...only smaller,Robert Rodriguez,2001,"Action, Comedy, Family, Adventure","double life, sibling relationship, parent child relationship, loss of loved one, secret agent, robot",https://image.tmdb.org/t/p/w500/44EKLFDthYONe4HAGZpGxEKeG8N.jpg
Cavalo de Guerra,War Horse,Separated by war. Tested by battle. Bound by friendship.,Steven Spielberg,2011,"War, History, Drama, Adventure","world war i, horse, farm life, execution, trapped, alcoholic, cavalry, plowing, artillery",https://image.tmdb.org/t/p/w500/nF66DU2zPLFb9CxDQNSNX2RgNaq.jpg
Pânico 3,Scream 3,Someone has taken their love of trilogies one step too far.,Wes Craven,2000,"Horror, Mystery","mask, isolation, movie business, ex-cop, serial killer, reporter, slasher, hollywood, self-referential, phone call, former-reporter, hollywood, usa, annual phone call",https://image.tmdb.org/t/p/w500/qpH8ToZVlFD1bakL04LkEKodyDI.jpg
O Homem Elefante,The Elephant Man,I am not an animal! I am a human being! I … am … a man!,David Lynch,1980,"Drama, History","exploitation, biography, based on true story, hospital, curiosity, sideshow, disfigurement, physical deformity, freak, 19th century, dignity",https://image.tmdb.org/t/p/w500/u0wpPYjuSt8DIe1Y3Vapnh8jcKE.jpg
Uma Ladra Sem Limites,Identity Thief,She's having the time of his life,Seth Gordon,2013,"Comedy, Crime","prison, bounty hunter, dual identity, police, bathroom, identity, women's prison, thief, money, numbers, locked in bathroom, sock",https://image.tmdb.org/t/p/w500/lIliJCGoWT6tEVaDivLpXEf038w.jpg
Quanto Mais Quente Melhor,Some Like It Hot,Marilyn Monroe and her bosom companions... Tony Curtis... Jack Lemmon...,Billy Wilder,1959,"Comedy, Romance, Crime","chicago, illinois, florida, musician, witness, fake identity, deception, gay interest, mafia, cross dressing, black and white, train, buddy, screwball comedy, spats, all girl band, st. valentine's day massacre, valentine's day, dressing, sex comedy, double identity, south florida, crossdressing",https://image.tmdb.org/t/p/w500/hVIKyTK13AvOGv7ICmJjK44DTzp.jpg
Pegando Fogo,Burnt,Never underestimate a man with everything to lose.,John Wells,2015,Drama,"career, london, england, drug addiction, diva, restaurant, redemption, drugs, chef, french cuisine, come back, fine dining",https://image.tmdb.org/t/p/w500/ab4zZPuCqtDl5o71uYOAk37xGvK.jpg
Johnny English,Johnny English,He knows no fear. He knows no danger. He knows nothing.,Peter Howitt,2003,"Adventure, Action, Comedy","hero, funeral, spy, intelligence, queen, coronation, secret agent, slapstick comedy, spoof, explosion, agent, pen, duringcreditsstinger",https://image.tmdb.org/t/p/w500/lx3Y7teA6DaoQ6cIhwzrlnDZpFW.jpg
O Bom Gigante Amigo,The BFG,The world is more giant than you can imagine.,Steven Spielberg,2016,"Adventure, Family, Fantasy","london, england, england, queen, little girl, orphan, cannibal, based on children's book, giant, evil brother, live action remake",https://image.tmdb.org/t/p/w500/vssXmCrfCiARkQ0512oG0wjh2h9.jpg
O Dia em que a Terra Parou,The Day the Earth Stood Still,12.12.08 is the Day the Earth Stood Still,Scott Derrickson,2008,"Drama, Science Fiction, Thriller","spacecraft, government, panic, extraterrestrial technology, ultimatum, evacuation, tank, alien, remake, ufo, end of the world, social commentary, giant robot, power outage, interrogation, environmentalism, threat, alien contact, central park, messenger, nanobots, disintegration",https://image.tmdb.org/t/p/w500/mrw9NShY6I2FgXwk8Ge437pn08N.jpg
Ressaca de Amor,Forgetting Sarah Marshall,"You lose some, you get some.",Nicholas Stoller,2008,"Comedy, Romance, Drama","rock star, ex-girlfriend, hawaii, beauty, vacation, one-night stand, celebrity, break-up, dumped",https://image.tmdb.org/t/p/w500/6VKSQ40z76zi6nMqX7zjCZKfsBa.jpg
101 Dálmatas,101 Dalmatians,So many dogs. So little time.,Stephen Herek,1996,"Family, Comedy","london, england, fur, fashion designer, puppy, fur coat, based on children's book, dog, dalmatian, female villain, pets, live action remake",https://image.tmdb.org/t/p/w500/8o2ADoAyG796UwTjwBFjPyBz0yG.jpg
Ted Bundy: A Irresistível Face do Mal,"Extremely Wicked, Shockingly Evil and Vile",The story behind America's most notorious serial killer.,Joe Berlinger,2019,Crime,"prison, based on novel or book, biography, based on true story, cincinnati, serial killer",https://image.tmdb.org/t/p/w500/zSuJ3r5zr5T26tTxyygHhgkUAIM.jpg
Nada de Novo no Front,Im Westen nichts Neues,,Edward Berger,2022,"Drama, War","based on novel or book, world war i, tank, battle, period drama, german soldier, 1910s, aircraft, trench warfare",https://image.tmdb.org/t/p/w500/2IRjbi9cADuDMKmHdLK7LaqQDKA.jpg
O Date Perfeito,The Perfect Date,He's whoever you want him to be.,Chris Nelson,2019,"Romance, Comedy","adolescence, fake boyfriend, based on young adult novel",https://image.tmdb.org/t/p/w500/rrAYdezO3h1mjdYTaQyTXoj8IZ4.jpg
Sob a Pele,Under the Skin,,Jonathan Glazer,2014,"Thriller, Science Fiction, Drama","based on novel or book, scotland, edinburgh, scotland, alien, prowler, body snatchers",https://image.tmdb.org/t/p/w500/55wmcXJIDYITr7JDijJTdvwSaAv.jpg
P.S. Eu te Amo,P.S. I Love You,"His life ended. Now, a new one will begin.",Richard LaGravenese,2007,"Drama, Romance","dying and death, loss of loved one, job-hopping, letter, ireland",https://image.tmdb.org/t/p/w500/bZlRZKBOR6cC8L35BgGoh4hJ63F.jpg
A Escolha Perfeita 3,Pitch Perfect 3,Last Call Pitches,Trish Sie,2017,"Comedy, Music","sequel, singer, acapella, uso, music movie",https://image.tmdb.org/t/p/w500/iHxmTTFMuuPIwwj39C4Zkk9IL4m.jpg
Agente Oculto,The Gray Man,,"Joe Russo, Anthony Russo",2022,"Action, Thriller","cia, based on novel or book, hitman, kidnapping, agent, rogue agent, hunted, ex-cia agent",https://image.tmdb.org/t/p/w500/5Eom3JsXgQlCj6QIsGCwXkX7wyH.jpg
Sobrenatural: A Origem,Insidious: Chapter 3,This is how you die.,Leigh Whannell,2015,"Horror, Thriller, Mystery",sequel,https://image.tmdb.org/t/p/w500/iDdGfdNvY1EX0uDdA4Ru77fwMfc.jpg
Hanna,Hanna,Adapt or die.,Joe Wright,2011,"Action, Thriller, Adventure","assassin, berlin, germany, strong woman, self sacrifice, empowerment, killing, feminism, warrior woman, secret agent, coming of age, teenage girl, female protagonist, finland, duringcreditsstinger, female empowerment",https://image.tmdb.org/t/p/w500/uKayL9UbuFZS7pfB8RbAxETsqHi.jpg
Walt nos Bastidores de Mary Poppins,Saving Mr. Banks,"Where her book ended, their story began.",John Lee Hancock,2013,"Comedy, Drama, History","biography, based on true story, author, writer, disneyland, 1960s, film production, queensland, australia",https://image.tmdb.org/t/p/w500/qfhiVU59BSPCdOZwPNs29Z8S23K.jpg
Mamma Mia! Lá Vamos Nós de Novo,Mamma Mia! Here We Go Again,Discover how it all began.,Ol Parker,2018,"Comedy, Romance","greece, musical, sequel, greek island, aftercreditsstinger, estranged mother, long lost love, lgbt interest, jukebox musical, estranged grandparent, abba, music movie",https://image.tmdb.org/t/p/w500/aWicerX4Y7n7tUwRAVHsVcBBpj2.jpg
Hellboy,Hellboy,Demons Have Demons Too,Neil Marshall,2019,"Fantasy, Horror, Action, Adventure","london, england, secret society, based on comic, english countryside, reboot, tijuana mexico, nazi occultism, father son relationship, lucha libre, baba yaga, ailuranthropy, arthurian mythology",https://image.tmdb.org/t/p/w500/bk8LyaMqUtaQ9hUShuvFznQYQKR.jpg
A Morte te Dá Parabéns 2,Happy Death Day 2U,Death makes a killer comeback.,Christopher Landon,2019,"Comedy, Horror, Science Fiction","psychopath, college, sequel, murder, time loop, slasher, university, aftercreditsstinger, stabbed to death",https://image.tmdb.org/t/p/w500/4tdnePOkOOzwuGPEOAHp8UA4vqx.jpg
Sete Minutos Depois da Meia-Noite,A Monster Calls,Stories are wild creatures.,J.A. Bayona,2016,"Drama, Fantasy","dream, monster, based on novel or book, nightmare, grandparent grandchild relationship, truth, tree, artist, bullying, terminal illness, bully, cancer, disease, grandmother",https://image.tmdb.org/t/p/w500/eNTalDnE6AcFKghdvws2ckguYWC.jpg
Closer: Perto Demais,Closer,"If you believe in love at first sight, you never stop looking.",Mike Nichols,2004,"Drama, Romance","secret love, husband wife relationship, love triangle, cheating, parent child relationship, photographer, loss of loved one, love at first sight, photography, lover, lie, forbidden love, kiss, tea, sexchat, stripper, liar, based on play or musical, death of father, times square, pole dancer, falling in love, photo exhibition",https://image.tmdb.org/t/p/w500/fGGaokx4k00S0J603VG53Qlr9jz.jpg
Aliança do Crime,Black Mass,Keep your enemies close.,Scott Cooper,2015,"Drama, Crime, History","prostitute, corruption, boston, massachusetts, gangster, fbi, senator, based on true story, irish mob, beaten to death, pay phone, murder, organized crime, extortion, brutality, informant, illness, 1980s",https://image.tmdb.org/t/p/w500/zfwciv4LIJkNQsfuhYGv0Nkiweg.jpg
Os Novos Mutantes,The New Mutants,It's time to face your demons.,Josh Boone,2020,"Science Fiction, Horror, Action, Mystery, Adventure","superhero, mutant, based on comic, superhero team, captivity",https://image.tmdb.org/t/p/w500/xZNw9xxtwbEf25NYoz52KdbXHPM.jpg
Assim na Terra Como no Inferno,"As Above, So Below",The only way out is down,John Erick Dowdle,2014,"Horror, Thriller","treasure, paris, france, loss of loved one, catacombs, female protagonist, scientist, archaeologist, subjective camera, found footage, adventurer, archeology, female archeologist, philosopher's stone",https://image.tmdb.org/t/p/w500/oJZSajKLJkoTOzSZQN2ZwRnPwHZ.jpg
Jogos Mortais V,Saw V,You won't believe how it ends.,David Hackl,2008,"Horror, Thriller, Crime","nazi, sadism, blood splatter, serial killer, police corruption, torture, pig mask, survival horror, death of sister, death match, mind game, jigsaw, death game",https://image.tmdb.org/t/p/w500/rKl79KqLXg60KFyKsLe4wSSjQ08.jpg
O Retorno de Mary Poppins,Mary Poppins Returns,Magic Always Returns.,Rob Marshall,2018,"Fantasy, Family, Comedy","london, england, based on novel or book, magic, nanny, musical, family relationships, sequel, animated scene, female protagonist, housekeeper, family, discipline, depression era, live action and animation, 1930s",https://image.tmdb.org/t/p/w500/uTVGku4LibMGyKgQvjBtv3OYfAX.jpg
Assassinos por Natureza,Natural Born Killers,The media made them superstars.,Oliver Stone,1994,"Crime, Thriller, Drama","daughter, journalist, sadistic, mass murder, yellow press, pop culture, trauma, controversy, satire, young couple, abuse",https://image.tmdb.org/t/p/w500/fEKZwT91gxvkAoyPgpNXo8W5fu0.jpg
Carga Explosiva 3,Transporter 3,"This time, the rules are the same. Except one.",Olivier Megaton,2008,"Action, Adventure, Thriller, Crime","martial arts, police, killing, detective, love, police chase, gunfight, taken, action hero",https://image.tmdb.org/t/p/w500/o4w9VF3GRZuXe9NHHvZ07pJespl.jpg
Ninfomaníaca: Volume 1,Nymphomaniac: Vol. I,Forget About Love,Lars von Trier,2013,Drama,"uniform, virgin, sexual obsession, fly fishing, sex addiction, sin, beating, sexual promiscuity, promiscuity, promiscuous woman, addict, experience, abuse, sex",https://image.tmdb.org/t/p/w500/piikL8vRh3s1ysHGTIqaZpdjfNU.jpg
Premonição 5,Final Destination 5,We all share a common destination.,Steven Quale,2011,"Horror, Mystery","premonition, accidental death, crash, end is here, duringcreditsstinger",https://image.tmdb.org/t/p/w500/5uRF7zATPr0hIMfDcMEfnhMGw6a.jpg
Abraham Lincoln: Caçador de Vampiros,Abraham Lincoln: Vampire Hunter,Are you a patriot or a vampire?,Timur Bekmambetov,2012,"Action, Fantasy, Horror","usa president, vampire, steam locomotive, american civil war, 19th century, abraham lincoln",https://image.tmdb.org/t/p/w500/5dTZylzoBV9qsrub9vYLAZrNkX3.jpg
Máquina Mortífera 2,Lethal Weapon 2,The magic is back!,Richard Donner,1989,"Action, Adventure, Comedy, Crime, Thriller","showdown, police, loss of loved one, sequel, mixed martial arts, gang, los angeles, california, police detective, wisecrack humor, buddy cop, diplomatic immunity, lapd, maverick cop, action hero",https://image.tmdb.org/t/p/w500/1EEIUw0tkX7AJZ1ikZrtKZZKlC6.jpg
A Fantástica Fábrica de Chocolate,Willy Wonka & the Chocolate Factory,It's Scrumdidilyumptious!,Mel Stuart,1971,"Family, Fantasy, Comedy","factory worker, factory, based on novel or book, chocolate, candy, overweight child, grandparent grandchild relationship, tv addicted person, musical, single, teacher, based on children's book, poor kid, eccentric man, grandfather grandson relationship, candy bar",https://image.tmdb.org/t/p/w500/vmpsZkrs4Uvkp9r1atL8B3frA63.jpg
Stargate: A Chave para o Futuro da Humanidade,Stargate,It will take you a million light years from home. But will it bring you back?,Roland Emmerich,1994,"Action, Adventure, Science Fiction","egypt, teleportation, pyramid, space travel, uprising, space, androgyny, space western, timebomb, death of son, nuclear weapons, space opera, hieroglyph, egyptian mythology, egyptology",https://image.tmdb.org/t/p/w500/kLacy1TrSedHrZcsup1JNHl1upk.jpg
Operação Invasão,Serbuan Maut,"1 Ruthless Crime Lord, 20 Elite Cops, 30 Floors of Hell",Gareth Evans,2012,"Action, Thriller, Crime","martial arts, crime boss, tenement, high rise, monitor, tower block, jakarta indonesia, swat",https://image.tmdb.org/t/p/w500/A5KIsFWQMlvUqobZb2FInzOPlIp.jpg
Mulher-Gato,Catwoman,You can’t CATch her.,Pitof,2004,"Action, Fantasy, Mystery, Crime","superhero, based on comic, vigilante, evil corporation, female protagonist, urban setting, masked vigilante, super villain, masked superhero",https://image.tmdb.org/t/p/w500/pvnPgukFyEKgCzyOxyLiwyZ8T1C.jpg
Cabo do Medo,Cape Fear,There is nothing in the dark that isn't there in the light. Except fear.,Martin Scorsese,1991,Thriller,"prison, daughter, small town, child abuse, rape, houseboat, cigar smoking, remake, revenge, stalking, lawyer, psychological thriller, fear, dog, rapist, private detective",https://image.tmdb.org/t/p/w500/59bTrfennDfQec2ugRJ3c2z8mE.jpg
O Planeta dos Macacos,Planet of the Apes,"Somewhere in the Universe, there must be something better than man!",Franklin J. Schaffner,1968,"Science Fiction, Adventure, Drama, Action","space marine, bondage, human evolution, based on novel or book, gorilla, dystopia, chimp, slavery, time travel, space travel, apocalypse, astronaut, ape, human subjugation",https://image.tmdb.org/t/p/w500/2r9iKnlSYEk4daQadsXfcjHfIjQ.jpg
As Loucas Aventuras de James West,Wild Wild West,It's a whole new west.,Barry Sonnenfeld,1999,"Action, Adventure, Comedy, Science Fiction, Western","remake, steampunk, cowboy, steam locomotive, drag, world domination, action hero, buddy movie",https://image.tmdb.org/t/p/w500/1AUzpDzJSecEBIgwUIPzL5KMuTQ.jpg
Vice,Vice,The untold true story that changed the course of history.,Adam McKay,2018,"Comedy, Drama","washington dc, usa, the white house, politics, war on terror, biography, iraq war, 9/11, vice president, usa politics",https://image.tmdb.org/t/p/w500/1gCab6rNv1r6V64cwsU4oEr649Y.jpg
Comemoração de 20 Anos de Harry Potter: De Volta a Hogwarts,Harry Potter 20th Anniversary: Return to Hogwarts,Welcome back to where the magic began.,"Casey Patterson, Joe Pearlman, Eran Creevy, Giorgio Testi",2022,Documentary,"reunion, fantasy world, social gathering, college reunion, film history",https://image.tmdb.org/t/p/w500/jntLBq0MLR3hrwKaTQswxACRPMs.jpg
"Austin Powers: 000, um Agente Nada Discreto",Austin Powers: International Man of Mystery,"If he were any cooler, he'd still be frozen, baby!",Jay Roach,1997,"Science Fiction, Comedy, Crime","android, telescope, airplane, undercover, missile, spy, group therapy, time travel, penthouse apartment, judo, trapdoor, clowning, secret agent, parody, retro, las vegas, swinging, james bond spoof, swinging 60s, duringcreditsstinger",https://image.tmdb.org/t/p/w500/5uD4dxNX8JKFjWKYMHyOsqhi5pN.jpg
Assassino a Preço Fixo 2: A Ressurreição,Mechanic: Resurrection,Four continents. Three kills... Or the love of his life is dead.,Dennis Gansel,2016,"Action, Crime, Thriller","assassin, sequel, murder, mechanic, killer, around the world",https://image.tmdb.org/t/p/w500/h651SE7s5z9hbKDiwn38Iubkz5w.jpg
Finch,Finch,Take an unforgettable journey.,Miguel Sapochnik,2021,"Science Fiction, Drama, Adventure","robot, journey, humanity, post-apocalyptic",https://image.tmdb.org/t/p/w500/jKuDyqx7jrjiR9cDzB5pxzhJAdv.jpg
Relatos Selvagens,Relatos salvajes,We can all lose control,Damián Szifron,2014,"Drama, Thriller, Comedy","dark comedy, anthology, revenge, wedding party, road rage, multiple storylines, horror comedy, intense",https://image.tmdb.org/t/p/w500/pvSty5MCAxdj8LlAEXCDfM1YNOl.jpg
Batalha Real,バトル・ロワイアル,Could you kill your best friend?,Kinji Fukasaku,2000,"Drama, Thriller, Action","high school, friendship, suicide, island, japan, based on novel or book, asia, dystopia, gore, survival, tragedy, murder, soldier, battle, death, death match, school class, japanese, extreme violence, psychological, science fiction, students, suspense, death game",https://image.tmdb.org/t/p/w500/gFX7NuBUeKysOB9nEzRqVpHNT32.jpg
Quatro Vidas de um Cachorro,A Dog's Purpose,Every dog happens for a reason.,Lasse Hallström,2017,"Adventure, Comedy, Fantasy, Family, Drama","based on novel or book, human animal relationship, reincarnation, dog, pets",https://image.tmdb.org/t/p/w500/3jcNvhtVQe5Neoffdic39fRactM.jpg
Antes do Pôr do Sol,Before Sunset,What if you had a second chance with the one that got away?,Richard Linklater,2004,"Drama, Romance","journalist, talking, soulmates, walking, paris, france, bookshop, love of one's life, author, two-hander",https://image.tmdb.org/t/p/w500/gycdE1ARByGQcK4fYR2mgpU6OO.jpg
Golpe Baixo,The Longest Yard,"If you can't get out, get even.",Peter Segal,2005,Comedy,"prison, corruption, prisoner, smuggling (contraband), sports, american football, blackmail, texas, prison warden, prison guard, remake, based on movie, quarterback, prisoner abuse, political aspiration, public disgrace, probation violation, federal penitentiary, professional football player, shaving points, football game, hotbox",https://image.tmdb.org/t/p/w500/nbKcVBcxF96ARW2oKHqDYAcLdu.jpg
A Onda,Die Welle,Evil is something that you learn,Dennis Gansel,2008,"Drama, Thriller","high school, experiment, dictator, gymnasium, trainer, classroom, fascism, group dynamics, national socialism, violence in schools, training, education, squatter, anarchist, homepage, high school teacher, shocking, aggressive, water polo, autocracy",https://image.tmdb.org/t/p/w500/vtJ4u0fpTZhibxAJHzXtcdCxhsL.jpg
Chocolate,Chocolat,…and the world is still indulging!,Lasse Hallström,2000,"Comedy, Drama, Romance","small town, france, based on novel or book, chocolate, parent child relationship, tradition, chocolaterie, mayor, houseboat, praline, romantic comedy, single, morality, church, landlady, catholic priest, non conformity, 1950s, lent, sermon, gypsy camp",https://image.tmdb.org/t/p/w500/jPNmQq23eNbKFVPZnY5Kxc63MvW.jpg
Pompeia,Pompeii,No warning. No escape.,Paul W.S. Anderson,2014,"Action, Adventure, History, Romance, Drama","epic, lava, gladiator, arena, gladiator fight, natural disaster, roman, forbidden love, disaster, slave, town in panic, volcanic eruption, pompeii, 1st century",https://image.tmdb.org/t/p/w500/dxxM3lLDjGRC50i5rhvfQziskAN.jpg
Minions 2: A Origem de Gru,Minions: The Rise of Gru,A villain will rise.,"Kyle Balda, Brad Ableson, Jonathan del Val",2022,"Animation, Comedy, Family","1970s, sequel, spin off, duringcreditsstinger, illumination, minions, gentleminions",https://image.tmdb.org/t/p/w500/wKiOkZTN9lUUUNZLmtnwubZYONg.jpg
As Duas Faces de um Crime,Primal Fear,"Sooner or later, a man who wears two faces forgets which one is real.",Gregory Hoblit,1996,"Crime, Drama, Mystery, Thriller","chicago, illinois, child abuse, corruption, based on novel or book, court case, court, psychopath, bishop, manipulation, pornographic video, lawyer, whodunit, psychiatrist, mental illness, murder trial, altar boy, legal drama, legal thriller",https://image.tmdb.org/t/p/w500/qJf2TzE8nRTFbFMPJNW6c8mI0KU.jpg
Lightyear,Lightyear,Infinity awaits.,Angus MacLane,2022,"Animation, Action, Adventure, Family, Science Fiction","space travel, alien life-form, alien planet, stranded, spin off, aftercreditsstinger, duringcreditsstinger, origin story",https://image.tmdb.org/t/p/w500/b9t3w1loraDh7hjdWmpc9ZsaYns.jpg
Thelma & Louise,Thelma & Louise,Somebody said get a life… so they did.,Ridley Scott,1991,"Drama, Thriller, Crime, Adventure","robbery, waitress, southern usa, self-defense, highway, housewife, female friendship, arkansas, grand canyon, road trip, thief, sexual harassment, murder, betrayal, on the run, hitchhiker, buddy, desert, attempted rape, wiretapping, neo-western, sexual assault, female protagonists",https://image.tmdb.org/t/p/w500/7D2DqmIKpPlkCU0RLVdlKLKR7XZ.jpg
Turbo,Turbo,SLO NO MO,David Soren,2013,"Animation, Family","underdog, dream, car race, speed, fast, anthropomorphism, friends, super power, racer, snail",https://image.tmdb.org/t/p/w500/inTKQni4YW8syrfgnXHwzmNeSo4.jpg
Como Ser Solteira,How to Be Single,Welcome to the party,Christian Ditter,2016,"Comedy, Romance","new york city, based on novel or book, one-night stand, single",https://image.tmdb.org/t/p/w500/a4Ce3qHqIyHM3QfGsiVTAu3YADJ.jpg
Machete,Machete,He was given an offer he couldn't refuse...,"Ethan Maniquis, Robert Rodriguez",2010,"Action, Comedy, Thriller","loss of loved one, illegal immigration, border patrol, immigration law, machete, politician, patrol, sniper rifle, hard to kill, brutal death",https://image.tmdb.org/t/p/w500/dcPSm1rGEFdiEc7DaKz0t5kb66b.jpg
Austin Powers: O Agente 'Bond' Cama,Austin Powers: The Spy Who Shagged Me,First he fought for the Crown. Now he's fighting for the Family Jewels.,Jay Roach,1999,"Adventure, Comedy, Crime, Science Fiction","android, exotic island, cia, space marine, showdown, moon, usa president, saving the world, laser gun, submarine, nasa, undercover, clone, spy, car journey, time travel, supermodel, parody, aftercreditsstinger, duringcreditsstinger, ridiculous",https://image.tmdb.org/t/p/w500/f2ohIBEbc3eERyU5pgSknm8DqUj.jpg
O Retorno de Johnny English,Johnny English Reborn,A little intelligence goes a long way,Oliver Parker,2011,"Crime, Action, Comedy","mind control, buddhist monk, cooking, prime minister, secret agent, sequel, james bond spoof, incompetence, aftercreditsstinger, assassination attempt",https://image.tmdb.org/t/p/w500/1T6qnlTVkrGr0mpgZbpSwVU5FWW.jpg
Eragon,Eragon,"As darkness falls, the last dragon will choose its rider.",Stefen Fangmeier,2006,"Fantasy, Action, Adventure, Family","princess, epic, based on novel or book, elves, magic, kingdom, telepathy, bravery, mythology, black magic, mythical creature, dragon, fictional war, teacher student relationship, fantasy world, wizard, teenage hero, high fantasy, sword and sorcery, based on young adult novel, good versus evil, dragon rider",https://image.tmdb.org/t/p/w500/k8f8WZjTzZ6TJYrKpyayCB4zKlw.jpg
Morte no Nilo,Death on the Nile,Murder was just the beginning.,Kenneth Branagh,2022,"Mystery, Crime, Thriller","egypt, based on novel or book, detective, honeymoon, nile, remake, murder mystery, 1930s",https://image.tmdb.org/t/p/w500/kVr5zIAFSPRQ57Y1zE7KzmhzdMQ.jpg
O Grande Ditador,The Great Dictator,Once again - the whole world laughs!,Charles Chaplin,1940,"Comedy, War","amnesia, nazi, hairdresser, propaganda, world war i, dictator, jewish ghetto, fascism, world war ii, national socialism, national socialist party, satire, speech, black and white, barbershop, anti war, fictitious country",https://image.tmdb.org/t/p/w500/1QpO9wo7JWecZ4NiBuu625FiY1j.jpg
O Diabo de Cada Dia,The Devil All the Time,Everyone ends up in the same damned place.,Antonio Campos,2020,"Crime, Drama, Thriller","small town, suicide, sheriff, based on novel or book, war veteran, gun, ohio, west virginia, murder, serial killer, photograph, church, gothic, madness, post world war ii, reverend, violence",https://image.tmdb.org/t/p/w500/bVL7LGq528h3KzeNI90HOVbV5uW.jpg
Horton e o Mundo dos Quem!,Horton Hears a Who!,A person's a person no matter how small!,"Jimmy Hayward, Steve Martino",2008,"Animation, Comedy, Family, Adventure, Fantasy","rescue, jungle, cartoon elephant",https://image.tmdb.org/t/p/w500/7maXTIhB3O9nPfUu7qcLuAriQ9I.jpg
O Universo no Olhar,I Origins,,Mike Cahill,2014,"Science Fiction, Drama","reincarnation, doctor, india, molecular biologist",https://image.tmdb.org/t/p/w500/2P31jhd1dWUAPD8dmnSrwkQ8CNN.jpg
Entrando Numa Fria Maior Ainda com a Família,Little Fockers,"Kids bring everyone closer, right?",Paul Weitz,2010,"Comedy, Romance","nurse, cat, father-in-law, vomit, viagra, overbearing father, duringcreditsstinger",https://image.tmdb.org/t/p/w500/90mwPRNMmX9RUGVgKMJMJNQnYX8.jpg
"Espelho, Espelho Meu",Mirror Mirror,The Snow White legend comes alive.,Tarsem Singh,2012,"Adventure, Comedy, Family, Fantasy","fairy tale, villainess, attempted murder, black magic, insecurity, snow kingdom, evil queen, enchantress, financial problem, evil plot, duringcreditsstinger",https://image.tmdb.org/t/p/w500/pys6zIJN8Sxlk2Ss2GZuYuXPbtw.jpg
O Artista,The Artist,A breath of fresh vintage air,Michel Hazanavicius,2011,"Drama, Comedy, Romance","movie business, hollywood, black and white, dog, filmmaking, mustache, hollywoodland, silent film, marquee, terrier, movie star, flapper, silent film star, 1920s, pets, old hollywood",https://image.tmdb.org/t/p/w500/z68py0ZqPgeacGPG54AGVRbNBS7.jpg
Brazil: O Filme,Brazil,It's only a state of mind.,Terry Gilliam,1985,"Comedy, Science Fiction","dream, government, bureaucracy, police state, great britain, technology, dystopia, office, dark comedy, satire, surrealism, steampunk, terrorism, bombing, job promotion, repairman, christmas",https://image.tmdb.org/t/p/w500/d0PibPzCK4fVikjoD1PqHovbvkt.jpg
Frankenweenie,Frankenweenie,The electrifying dog is back from beyond the grave,Tim Burton,2012,"Animation, Comedy, Family","shyness, stop motion, retro, dog, animal death, animal lover",https://image.tmdb.org/t/p/w500/yGjVbLVdZRBlZTTQVBsj2KUjL1s.jpg
Perfume de Mulher,Scent of a Woman,Col. Frank Slade has a very special plan for the weekend.,Martin Brest,1992,Drama,"new york city, blindness and impaired vision, boarding school, tango, thanksgiving, colonel, prank, blind, tears, new england, change of heart, preparatory school, ex military, blind man",https://image.tmdb.org/t/p/w500/j4fDIiv0N78Sfp9Wn0BaYzbIj1B.jpg
Alexandre,Alexander,The greatest legend of all was real,Oliver Stone,2004,"War, History, Action, Adventure, Drama, Romance","epic, egypt, elephant, aristotle, persia, greece, emperor, campaign, alexander the great, sword fight, royalty, male homosexuality, ancient world, lgbt, ancient greece, epic battle, historical drama, action hero, 4th century bc, gay theme",https://image.tmdb.org/t/p/w500/jrwQu72sGwGqwE8Ijne89PSIvhp.jpg
A Primeira Noite de um Homem,The Graduate,This is Benjamin. He’s a little worried about his future.,Mike Nichols,1967,"Comedy, Drama, Romance","love triangle, seduction, college, older woman seduces younger guy, romance, coming of age, los angeles, california, wedding, older woman younger man relationship, graduate, rape accusation, mother seduces daughter's fiancee",https://image.tmdb.org/t/p/w500/z1Z1tZMR66RxcNeHbwoEhYeqOlP.jpg
Monster Hunter,Monster Hunter,"Behind our world, there is another.",Paul W.S. Anderson,2020,"Action, Fantasy, Adventure","giant monster, female soldier, another dimension, bow and arrow, based on video game, swordswoman, dimensional travel, egotistical, antagonistic",https://image.tmdb.org/t/p/w500/1UCOF11QCw8kcqvce8LKOO6pimh.jpg
Hitman: Assassino 47,Hitman,Most believe his very existence is a sin. But others know he is a necessary evil.,Xavier Gens,2007,"Action, Thriller, Drama","assassin, government, hitman, secret identity, intelligence, soviet union, celibacy, secret society, power takeover, adversary, execution, killer, based on video game, doppelgänger, secret formula, action hero",https://image.tmdb.org/t/p/w500/h69UJOOKlrHcvhl5H2LY74N61DQ.jpg
O Diário da Princesa 2: Casamento Real,The Princess Diaries 2: Royal Engagement,It can take a lifetime to find true love; she's got 30 days!,Garry Marshall,2004,"Comedy, Drama, Family, Romance","coronation, marriage, duty, falling in love",https://image.tmdb.org/t/p/w500/9GkLjwvqjwDfLZkWLGjLLfQf2Be.jpg
O Fantasma do Futuro,GHOST IN THE SHELL,It found a voice... Now it needs a body.,Mamoru Oshii,1995,"Action, Animation, Science Fiction","android, man vs machine, artificial intelligence (a.i.), computer virus, cyborg, dystopia, implantat, fugitive, female protagonist, cyberpunk, based on manga, adult animation, tech noir, anime",https://image.tmdb.org/t/p/w500/9gC88zYUBARRSThcG93MvW14sqx.jpg
O Paizão,Big Daddy,Nature called. Look who answered.,Dennis Dugan,1999,"Comedy, Drama","bachelor, vomit, syracuse university, law school, politically incorrect, young boy, wetting pants, central park, public urination, child's point of view, responsibility, immaturity",https://image.tmdb.org/t/p/w500/m0KrgL5uGJRGyGG7LBkyKrqxB8q.jpg
A Nova Cinderela,A Cinderella Story,Once upon a time... can happen any time.,Mark Rosman,2004,"Comedy, Family, Romance","high school, work, jealousy, american football, stepmother, school party, orphan, disguise, teenage romance, stepsister, modern fairy tale",https://image.tmdb.org/t/p/w500/3d6Nu5c7BSo5BrH2xE1pnj3yNrc.jpg
Chef,Chef,Starting from scratch never tasted so good.,Jon Favreau,2014,Comedy,"parent child relationship, restaurant owner, road trip, food, chef, ex-husband ex-wife relationship, twitter, social media, duringcreditsstinger, food truck, gastronomia",https://image.tmdb.org/t/p/w500/yMtKHR6VG1Yagvv5F7IFpsGBm66.jpg
Zathura: Uma Aventura Espacial,Zathura: A Space Adventure,Adventure Is Waiting,Jon Favreau,2005,"Science Fiction, Adventure, Family","based on novel or book, killer robot, house, time travel, giant lizard, alien, space, board game, astronaut, alternate reality, brother brother relationship",https://image.tmdb.org/t/p/w500/g0HLEZfqJp5dRxMzkgZwW9puP7N.jpg
Senhores do Crime,Eastern Promises,Every sin leaves a mark.,David Cronenberg,2007,"Thriller, Crime, Mystery","chauffeur, london, england, prostitute, jealousy, rape, tattoo, hitman, parent child relationship, bratva (russian mafia), gangster, human trafficking, diary, midwife, murder, statutory rape, orphan, brutality, motorcycle, disposing of a dead body, bathhouse, empathy",https://image.tmdb.org/t/p/w500/dpiJWb4NrWgcOg2rusuLhDM0hTm.jpg
O Presente,The Gift,Not every gift is welcome.,Joel Edgerton,2015,"Thriller, Mystery, Drama","chicago, illinois, husband wife relationship, married couple, phobia, psychological thriller, los angeles, california, suburb, dog, new home, next door neighbor, moving in, new job, dinner party, odd, secrecy, gift, anxiety, high school classmates, unexpected visit, work from home",https://image.tmdb.org/t/p/w500/kH3qLP8pn68Xq5XwvmPkCyaAU7W.jpg
O Paradoxo Cloverfield,The Cloverfield Paradox,The future unleashed every thing,Julius Onah,2018,"Horror, Science Fiction, Action, Thriller","experiment, disorientation, alien, space, scientist, space station, alternative universe, parallel universe",https://image.tmdb.org/t/p/w500/vJi2ExTcWdJR3150VPKqqtdGxsT.jpg
Todo Mundo em Pânico 4,Scary Movie 4,Bury the grudge. Burn the village.  See the saw.,David Zucker,2006,Comedy,"haunted house, haunting, parody, alien life-form, riesen-ipod, crude humor, spoof, conflict, horror spoof, alien invasion, family, horror parody, dumb blonde",https://image.tmdb.org/t/p/w500/sEqFdw1wLtY94RKCSPolsHWzn6r.jpg
O Besouro Verde,The Green Hornet,Breaking the Law to Protect It.,Michel Gondry,2011,"Action, Crime, Comedy","martial arts, assassin, bomb, superhero, nightclub, vandalism, training, knife, trap, playboy, revenge, kato, meth lab",https://image.tmdb.org/t/p/w500/q1fXWEoZXogYjAUy32pUc6NL2IH.jpg
A Noviça Rebelde,The Sound of Music,The happiest sound in all the world!,Robert Wise,1965,"Drama, Family, Music, Romance","resistance, world war ii, musical, austria, music competition, based on play or musical, alps mountains, governess, convent (nunnery), novice, puppet show, nun in love, nazi occupation, 1930s",https://image.tmdb.org/t/p/w500/pDuoh2fKuacDXYtpREJysMOzQmS.jpg
A Travessia,The Walk,Every dream begins with a single step,Robert Zemeckis,2015,"Drama, Crime, Comedy, Thriller","new york city, skyscraper, 1970s, biography, based on true story, tightrope, planning, world trade center, trespass",https://image.tmdb.org/t/p/w500/tiESRqurrZwAC0hpERogOsBhjeg.jpg
"Patch Adams, o Amor é Contagioso",Patch Adams,Laughter is contagious.,Tom Shadyac,1998,"Comedy, Drama","nurse, hospital, doctor, laughter",https://image.tmdb.org/t/p/w500/xN1aKur5ddWQSXTqvzDPJD2TCxe.jpg
Número 23,The Number 23,First it takes hold of your mind...then it takes hold of your life.,Joel Schumacher,2007,"Thriller, Drama, Mystery","hotel room, suicide, based on novel or book, obsession, sadomasochism, psychological thriller, killer, family, numbers",https://image.tmdb.org/t/p/w500/mlNU8a1SkTu6cKA4LAoZxfNPng0.jpg
Mensagem Para Você,You've Got Mail,Someone you pass on the street may already be the love of your life.,Nora Ephron,1998,"Comedy, Romance","bookshop, businessman, anonymous letter, romantic comedy, falling in love, manhattan, new york city, class conflict, online dating, woman director, christmas, online relationship, internet romance, parfumerie",https://image.tmdb.org/t/p/w500/dXog7dbW6b9DHzG6VOLfyn5ay1S.jpg
A Garota da Capa Vermelha,Red Riding Hood,Who's afraid?,Catherine Hardwicke,2011,"Action, Adventure, Horror, Fantasy, Thriller","winter, fairy tale, hood, werewolf, aftercreditsstinger, duringcreditsstinger, woman director, red riding hood",https://image.tmdb.org/t/p/w500/ixQYkLeLlTTnAoT32dukndyObB6.jpg
Namorados para Sempre,Blue Valentine,A Love Story.,Derek Cianfrance,2010,"Drama, Romance","depression, dancing, nurse, pennsylvania, usa, love at first sight, pregnancy, classroom, marriage, bridge, dysfunctional family, alcoholism, love, divorce, nonlinear timeline, abortion, student, broken marriage",https://image.tmdb.org/t/p/w500/vqQPrOc0XCloZhuOeR66wjsnyUo.jpg
Cemitério Maldito,Pet Sematary,Sometimes dead is better.,"Kevin Kölsch, Dennis Widmyer",2019,"Horror, Thriller","husband wife relationship, based on novel or book, cat, remake, tragedy, maine, zombie, pet cemetery, indian burial ground, neighbor neighbor relationship, pets, father daughter relationship, traumatized woman, american countryside",https://image.tmdb.org/t/p/w500/7SPhr7Qj39vbnfF9O2qHRYaKHAL.jpg
Cidade Perdida,The Lost City,The adventure is real. The heroes are not.,"Aaron Nee, Adam Nee",2022,"Action, Adventure, Comedy",duringcreditsstinger,https://image.tmdb.org/t/p/w500/neMZH82Stu91d3iqvLdNQfqPPyl.jpg
O Cão e a Raposa,The Fox and the Hound,A story of two friends who didn't know they were supposed to be enemies.,"Ted Berman, Richard Rich, Art Stevens, David Hand, Wolfgang Reitherman",1981,"Adventure, Animation, Drama, Family","friendship, based on novel or book, fox, dog, animal, hunting, unlikely friendship, pets",https://image.tmdb.org/t/p/w500/1382VHxqZDXu2t8i46zf4fP71JG.jpg
Premonição 4,The Final Destination,Rest In Pieces.,David R. Ellis,2009,"Horror, Mystery","dying and death, plan, car race, gore, stock car racing, car crash, premonition, vision",https://image.tmdb.org/t/p/w500/5vxXrr1MqGsT4NNeRITpfDnl4Rq.jpg
Segundas Intenções,Cruel Intentions,"In the game of seduction, there is only one rule: Never fall in love.",Roger Kumble,1999,"Drama, Romance","bet, virgin, drug abuse, sibling relationship, based on novel or book, sexual obsession, upper class, cynic, sadistic, eroticism, innocence, cocaine, manipulation, seduction, love letter, private school, addiction, love, incest, psychotherapy",https://image.tmdb.org/t/p/w500/76cCsRtQ5MJBAqoigojXsLXLJwh.jpg
Pai em Dose Dupla,Daddy's Home,Choose your Daddy,Sean Anders,2015,Comedy,"father, family",https://image.tmdb.org/t/p/w500/fB9lALk9zKsMYWvf0bJSkJN219Z.jpg
The Flash,The Flash,Worlds collide.,Andy Muschietti,2023,"Action, Adventure, Science Fiction","hero, secret identity, superhero, based on comic, superhuman, super power, aftercreditsstinger, butterfly effect, dc extended universe (dceu), superhuman abilities, loss of mother, absurd",https://image.tmdb.org/t/p/w500/rktDFPbfHfUbArZ6OOOKsXcv0Bm.jpg
Jerry Maguire: A Grande Virada,Jerry Maguire,Everybody loved him... Everybody disappeared. The journey is everything.,Cameron Crowe,1996,"Comedy, Drama, Romance","career, sports, stadium, american football, single mother, sports agent",https://image.tmdb.org/t/p/w500/lABvGN7fDk5ifnwZoxij6G96t2w.jpg
Veludo Azul,Blue Velvet,It's a strange world.,David Lynch,1986,"Crime, Mystery, Thriller","drug dealer, small town, sexual obsession, detective, nightclub, ear, surrealism, psychological abuse, murder, drugs, policeman, voyeurism, criterion, neo-noir",https://image.tmdb.org/t/p/w500/7hlgzJXLgyECS1mk3LSN3E72l5N.jpg
O Último Duelo,The Last Duel,The true story of a woman who defied a nation and made history.,Ridley Scott,2021,"History, Drama, Action","based on novel or book, castle, male friendship, normandy, france, based on true story, trial, battlefield, knight, duel, battle, historical, catholic, sword duel, rape and revenge, historical drama, trial by combat, nobleman, squire, 14th century, knighthood, medieval france, medieval times, noble",https://image.tmdb.org/t/p/w500/zjrJE0fpzPvX8saJXj8VNfcjBoU.jpg
Assassino a Preço Fixo,The Mechanic,Someone has to fix the problems.,Simon West,2011,"Action, Thriller, Crime","chicago, illinois, research, martial arts, assassin, prostitute, airport, mentor, new orleans, louisiana, training, car crash, elite, remake, security, set up, mentor protégé relationship, contractor, vengeance, avenging son, colombia, best of the best",https://image.tmdb.org/t/p/w500/k37axEHszFP9WOVvbozxF0r7X7g.jpg
Juntos Pelo Acaso,Life As We Know It,A comedy about taking it one step at a time.,Greg Berlanti,2010,"Comedy, Romance, Drama","baby, loss of loved one, godmother, romantic comedy, parenthood, orphan, godfather, co-parenting, legal guardian",https://image.tmdb.org/t/p/w500/zLzS2aOqKsS0QvEaY6SfBw4VBqh.jpg
Robin Hood: O Príncipe dos Ladrões,Robin Hood: Prince of Thieves,Sometimes the only way to uphold justice... is to break the law.,Kevin Reynolds,1991,"Action, Adventure, Drama, Romance","england, crusade, folk hero, archer, sherwood forest, thief, nottingham, bow and arrow, friar, 12th century, the crusades, living in the woods, helping the poor",https://image.tmdb.org/t/p/w500/7Ul6owBVkgWHuI3FrRFbpuxHbAd.jpg
Marcados para Morrer,End of Watch,Every moment of your life they stand watch,David Ayer,2012,"Crime, Drama, Thriller","friendship, street gang, ambush, human trafficking, arrest, shootout, los angeles, california, brutality, gang member, rookie cop, u.s. marine, pregnant wife, found footage, bullet proof vest, medal of valor, police sergeant, felon, golden gun, video camera",https://image.tmdb.org/t/p/w500/pDeVKQICkcdwwjHxGj0MeS14YJ6.jpg
A Caçada ao Outubro Vermelho,The Hunt for Red October,Invisible. Silent. Stolen.,John McTiernan,1990,"Action, Adventure, Thriller","based on novel or book, submarine, cold war, intelligence, u.s. navy, defection, jack ryan, ex military, 1980s, political thriller, nuclear submarine, soviet/russian navy, intelligence service, cia analyst, russian submarine, intelligence analyst",https://image.tmdb.org/t/p/w500/yVl7zidse4KiWtGMqHFtZCx4X3N.jpg
O Poder e a Lei,The Lincoln Lawyer,This case is a dangerous game of life and death.,Brad Furman,2011,"Crime, Drama, Thriller","prostitute, based on novel or book, judge, upper class, homicide, video surveillance, arrest, jury, private investigator, lawyer, crime scene, courtroom, defense attorney, beverly hills, uncover truth, murder trial, trial lawyer, courtroom drama, bail hearing, murder of a prostitute, legal thriller, attorney, attorney client privilege, guilty client",https://image.tmdb.org/t/p/w500/gOn8Ve9Yi8fxjRkmLr5BZoOc7KV.jpg
Uma Longa Jornada,The Longest Ride,Two couples. Two love stories. One epic tale.,George Tillman Jr.,2015,"Drama, Romance","based on novel or book, romance, art student, love, cowboy, injury, bull riding, young adult",https://image.tmdb.org/t/p/w500/qdUVfvPBvT6cetDDM7rn8y2CNZE.jpg
O Ataque dos Vermes Malditos,Tremors,The monster movie that breaks new ground.,Ron Underwood,1990,"Horror, Action, Science Fiction","small town, nevada, tractor, old town, stranded, rural area, creature, tentacle, graboids, seismologist, binoculars, giant worm, man eating monster, town, cursed town",https://image.tmdb.org/t/p/w500/cA4ggkZ3r1d5r9hOAUWC8x5ul2i.jpg
Grave,Grave,What are you hungry for?,Julia Ducournau,2016,"Drama, Horror","vegetarian, meat, hazing, university, cannibal, lgbt, peer pressure, woman director, vegetarianism, sister sister relationship",https://image.tmdb.org/t/p/w500/kc8jT1MAiKM0iwdjAwC5lQrTNry.jpg
Brooklyn,Brooklyn,"Two countries, two loves, one heart",John Crowley,2015,"Romance, Drama","ship, based on novel or book, love triangle, homesickness, marriage, community, working class, boarding house, suburb, ireland, brooklyn, new york city, journey, irish immigrant, 1950s",https://image.tmdb.org/t/p/w500/wSYxJKMSpHCLz2zqrRJb9RhxGz6.jpg
Trocando as Bolas,Trading Places,They're not just getting rich... They're getting even.,John Landis,1983,Comedy,"prostitute, philadelphia, pennsylvania, butler, christmas party, rags to riches, broker, beggar, wager, stockbroker, fish out of water, millionaire, commodities, investor, hoodlum, wrongful arrest, rich snob, christmas, riches to rags, christmas eve",https://image.tmdb.org/t/p/w500/8mBuLCOcpWnmYtZc4aqtvDXslv6.jpg
Mudança de Hábito,Sister Act,No booze! No sex! No drugs!... No way!,Emile Ardolino,1992,"Music, Comedy","concert, nun, church choir, witness protection, gospel, singer, murder, singing nun, fish out of water, witness to murder, mother superior, monastery, catholic church, mob boss",https://image.tmdb.org/t/p/w500/xZvVSZ0RTxIjblLV87vs7ADM12m.jpg
Porco Rosso - O Último Herói Romântico,紅の豚,A Pig's Got to Fly.,Hayao Miyazaki,1992,"Family, Comedy, Animation, Adventure","beach, mediterranean, italy, fascism, transformation, singer, war hero, air pirate, anime",https://image.tmdb.org/t/p/w500/8mIvSvnVBApfORL9N6S38Q7wD6A.jpg
O Rei,The King,All hail,David Michôd,2019,"Drama, History, War","biography, hundred years' war, historical fiction, british history, mentor protégé relationship, king of england, costume drama, 15th century, british monarchy, medieval england, father son relationship, medieval france",https://image.tmdb.org/t/p/w500/8u0QBGUbZcBW59VEAdmeFl9g98N.jpg
Debi & Lóide 2,Dumb and Dumber To,The average person uses 10% of their brain capacity. Imagine what he could do with 1%.,"Bobby Farrelly, Peter Farrelly",2014,Comedy,"friendship, road trip, sequel, buddy comedy",https://image.tmdb.org/t/p/w500/b5sOa42AN7sTU9PCf7S8wI7jchB.jpg
Substitutos,Surrogates,How do you save humanity when the only thing that's real is you?,Jonathan Mostow,2009,"Science Fiction, Action, Thriller","future, clone, dystopia, based on comic, murder, robot, questioning",https://image.tmdb.org/t/p/w500/3SDUkTsYPDZZQotR2ggxjIH0zsW.jpg
A Baleia,The Whale,,Darren Aronofsky,2022,Drama,"regret, nurse, missionary, idaho, bible, redemption, overweight man, addiction, based on play or musical, teacher, grief, neighbor, obesity, religion, death of lover, election, rebellious daughter, guilt, death, lgbt, sister-in-law, eating disorder, father daughter reunion, empathy, shame, english teacher, abandonment, one location, father daughter relationship, 2010s, gay theme, apartment, essay, food addiction, religious symbolism",https://image.tmdb.org/t/p/w500/jQ0gylJMxWSL490sy0RrPj1Lj7e.jpg
Vestida para Casar,27 Dresses,She's about to find the perfect fit.,Anne Fletcher,2008,"Comedy, Romance","newspaper, new love, lovesickness, sibling relationship, wedding planner, witness, bride, bridesmaid, romantic comedy, sister, sibling rivalry, reporter, wedding, woman director, hilarious, cheerful, familiar",https://image.tmdb.org/t/p/w500/rEfourJfgEyKiewwH8ZkUYt9AqE.jpg
T2: Trainspotting,T2 Trainspotting,Face your past. Choose your future.,Danny Boyle,2017,"Drama, Comedy","prison, friendship, based on novel or book, fight, scotland, blackmail, heroin, drug addiction, junkie, cocaine, nightclub, edinburgh, scotland, addiction, sequel, prison escape, revenge, extortion, theft, bar fight, social realism, council estate, bulgarian",https://image.tmdb.org/t/p/w500/xlbpCwa9OXXIiNgXcwuompHFIk9.jpg
Shame,Shame,,Steve McQueen,2011,Drama,"new york city, pornography, sex addiction, co-workers relationship, internet porn, self-loathing, brother sister relationship",https://image.tmdb.org/t/p/w500/cAWLz9kFv4xc6IsEXTj2DrcqD55.jpg
Twister,Twister,Don't breathe. Don't look back.,Jan de Bont,1996,"Action, Adventure, Drama","husband wife relationship, climate, tornado, twister, natural disaster, oklahoma, metereologist, invention, storm chaser, barn, truck, disaster, divorce, disaster movie, motley crew",https://image.tmdb.org/t/p/w500/6tagtmPVOG4QqraQ4piUFLoqaoj.jpg
O Tigre e o Dragão,卧虎藏龍,"A timeless story of strength, secrets and two warriors who would never surrender.",Ang Lee,2000,"Adventure, Drama, Action, Romance","martial arts, kung fu, based on novel or book, flying, taskmaster, sword, tiger, villainess, mountain, comb, fistfight, sword fight, thief, revenge, theft, historical, female martial artist, 18th century, wuxia, warrior, bamboo, tavern fight, action hero, qing dynasty",https://image.tmdb.org/t/p/w500/iNDVBFNz4XyYzM9Lwip6atSTFqf.jpg
Marcas da Violência,A History of Violence,Tom Stall had the perfect life … until he became a hero.,David Cronenberg,2005,"Drama, Thriller, Crime","small town, hero, robbery, indiana, usa, distrust, philadelphia, pennsylvania, dual identity, double life, fight, identity, self-defense, marriage, diner, mistaken identity, based on comic, family relationships, irish mob, revenge, mobster, lawyer, attempted robbery, based on graphic novel, graphic violence",https://image.tmdb.org/t/p/w500/rrc6GiAKHDrUjp8OmdVng9hRWBn.jpg
Bata Antes de Entrar,Knock Knock,One night can cost you everything.,Eli Roth,2015,Thriller,"adultery, infidelity, cake, disc jockey, rain, architect, seduction, torture, art, home invasion, extramarital affair, threesome, seductress, erotic thriller, married man",https://image.tmdb.org/t/p/w500/cUC4rUb1Cs2KMaZ6RD4uYUEEwls.jpg
Sem Retorno,Self/less,God Created Man. Man Created Immortality.,Tarsem Singh,2015,"Science Fiction, Mystery, Thriller, Action","immortality, lie, terminal illness, laboratory, cancer, doctor, body-swap, death, rich, false memory, soul transference, rich man, mind transfer, host body, body snatching, eternal",https://image.tmdb.org/t/p/w500/b03zZZTE17iH6klsInFOlrgfYRN.jpg
Rocky V,Rocky V,Go for it!,John G. Avildsen,1990,Drama,"career, friendship, philadelphia, pennsylvania, transporter, cataclysm, sports, restart, parent child relationship, praise, trainer, bankrupt, boxer, training, street riots, world champion, challenger, sponsorship, challenge, champion, tax consultant, boxing school, father figure, boxing",https://image.tmdb.org/t/p/w500/tevHaVxtrMTaUi8f3YjLWYSSY8A.jpg
Operação Fronteira,Triple Frontier,You can’t go this far without crossing every line,J.C. Chandor,2019,"Action, Thriller, Crime, Adventure","peru, cocaine, amazon rainforest, survival, drug cartel, drug lord, andes mountains, ex special forces, treasure heist",https://image.tmdb.org/t/p/w500/aBw8zYuAljVM1FeK5bZKITPH8ZD.jpg
A Hora do Rush 3,Rush Hour 3,The Rush Is On!,Brett Ratner,2007,"Action, Comedy, Crime","martial arts, ambassador, los angeles, california, interracial friendship, buddy cop, action hero",https://image.tmdb.org/t/p/w500/rZ7IxJlPhNNJ6Rn8z1rzsXuA70P.jpg
A Grande Beleza,La grande bellezza,,Paolo Sorrentino,2013,Drama,"journalist, based on novel or book, rome, italy, alcohol, birthday, vatican, nightclub, giraffe, artist, beauty, satire, aging, love, church, art, drugs, flamingo",https://image.tmdb.org/t/p/w500/1cmOc3ZPkuCTOTqHEsRr3Pk81Um.jpg
Predador 2: A Caçada Continua,Predator 2,Silent. Invisible. Invincible. He’s in town with a few days to kill.,Stephen Hopkins,1990,"Science Fiction, Action, Thriller","predator, war on drugs, extraterrestrial technology, alien, los angeles, california, creature, alien invasion, invisible",https://image.tmdb.org/t/p/w500/mSta5O31rPUcZH98psx0cxLbPXd.jpg
Tá Chovendo Hambúrguer 2,Cloudy with a Chance of Meatballs 2,Something big was leftover.,"Cody Cameron, Kris Pearn",2013,"Animation, Family, Comedy","inventor, sequel, food, scientist",https://image.tmdb.org/t/p/w500/tT2DN1tWk1zpCxqvaaNY8yP8Awn.jpg
Bling Ring: A Gangue de Hollywood,The Bling Ring,"Living the Dream, One Heist at a Time",Sofia Coppola,2013,"Drama, Crime","california, dark comedy, satire, based on true story, celebrity, thief, social satire, fame, burglary, hollywood, woman director",https://image.tmdb.org/t/p/w500/tYLHIM8LIhqCYKS2wdaIOX8tetf.jpg
Idas e Vindas do Amor,Valentine's Day,A Love Story. More or Less.,Garry Marshall,2010,"Comedy, Romance","married couple, florist, kiss, romantic comedy, single, los angeles, california, valentine's day, multiple storylines, aftercreditsstinger, duringcreditsstinger",https://image.tmdb.org/t/p/w500/qOTcfD2DdnOTmhH0r1TOE09VvNh.jpg
As Virgens Suicidas,The Virgin Suicides,"Beautiful, mysterious, haunting, invariably fatal. Just like life.",Sofia Coppola,1999,"Drama, Romance","suicide, based on novel or book, michigan, suicide attempt, 1970s, coming of age, suburb, lust, family, catholic, overprotective parent, teen suicide, femininity, woman director, male gaze, sisters",https://image.tmdb.org/t/p/w500/tlOGlAZgD1eIYCG5xrBozw86gmm.jpg
O Sequestro do Metrô 1 2 3,The Taking of Pelham 1 2 3,I can't get it out of my head. I'm gonna die today.,Tony Scott,2009,"Crime, Thriller, Action","new york city, hostage, motorcycle crash, remake, new york subway, subway train, stock market, subway tunnel, aftercreditsstinger",https://image.tmdb.org/t/p/w500/baRXNiLDOpz3rH3VyjhayhgkWll.jpg
O Escorpião Rei,The Scorpion King,Warrior. Legend. King.,Chuck Russell,2002,"Action, Adventure, Fantasy","egypt, temple, magic, sword fight, prequel, battlefield, fictional war, spin off, desert, ancient egypt, tyrant, warrior, action hero, sword and sorcery, supernatural power",https://image.tmdb.org/t/p/w500/aITIsX20tACn6jgtyDcCYpRT216.jpg
Terapia de Risco,Side Effects,One pill can change your life.,Steven Soderbergh,2013,"Thriller, Crime, Drama","depression, new york city, fraud, insomnia, deception, cover-up, murder, lawyer, doctor, patient, drugs, psychiatrist, ex-con, sleepwalking, prescription medication, professional reputation, insider trading, anxiety, apartment",https://image.tmdb.org/t/p/w500/k7l1ZDWxfLcd4mMOLprq9t9H46Y.jpg
O Jovem Frankenstein,Young Frankenstein,The scariest comedy of all time!,Mel Brooks,1974,Comedy,"monster, experiment, assistant, castle, bride, parody, mad scientist, laboratory, spoof, horror spoof, black and white, scientist, frankenstein",https://image.tmdb.org/t/p/w500/c6335WJCZO8NK5wehHk5sA9Cypv.jpg
Para Sempre Alice,Still Alice,Live in the moment.,"Richard Glatzer, Wash Westmoreland",2014,Drama,"mother, based on novel or book, professor, alzheimer's disease, family, illness, columbia university, loss of memory",https://image.tmdb.org/t/p/w500/MeJJCT1o87j7D0mR3yQs4s4PIA.jpg
O Massacre da Serra Elétrica,The Texas Chain Saw Massacre,Who will survive and what will be left of them?,Tobe Hooper,1974,Horror,"van, gas station, sadistic, texas, midnight movie, leatherface, hitchhiker, slaughterhouse, chainsaw, cannibal, family, polaroid, grave robber, brutal violence",https://image.tmdb.org/t/p/w500/kvaLXaC4RX8KLYkJkWWJCyMsEw3.jpg
Te Peguei!,Tag,Based on a true story. We’re not kidding.,Jeff Tomsic,2018,"Comedy, Action","based on true story, travel, game, group of friends, classmates",https://image.tmdb.org/t/p/w500/eXXpuW2xaq5Aen9N5prFlARVIvr.jpg
Rambo III,Rambo III,The first was for himself. The second for his country. This time it's to save his friend.,Peter MacDonald,1988,"Action, Adventure, Thriller, War","submachine gun, competition, machinegun, liberation, soviet union, soviet military, thailand, freedom fighter, afghanistan, war on freedom, mujahid",https://image.tmdb.org/t/p/w500/1eSQvGuD25ezKaiaQsyDDG3e9iN.jpg
A Caçada,The Hunt,The Ultimate Human Hunting Experience,Craig Zobel,2020,"Action, Thriller, Horror","dark comedy, gore, hunting human beings, satire, murder, death game",https://image.tmdb.org/t/p/w500/wxPhn4ef1EAo5njxwBkAEVrlJJG.jpg
Boogie Nights: Prazer Sem Limites,Boogie Nights,"The life of a dreamer, the days of a business, and the nights in between.",Paul Thomas Anderson,1997,Drama,"adultery, pornography, robbery, husband wife relationship, drug abuse, 1970s, cocaine, porn actor, custody battle, rags to riches, coming of age, alter ego, los angeles, california, drugs, porn industry, disco, voyeurism, 1980s, big dick, mother son relationship",https://image.tmdb.org/t/p/w500/wnE24UPCPQsQnbBOu4zVE2qaDNm.jpg
21 Gramas,21 Grams,How much does life weigh?,Alejandro G. Iñárritu,2003,"Drama, Crime, Thriller","life and death, rage and hate, transplantation, faith, suicide attempt, loss of loved one, widow, ex-detainee, new mexico, sadness, car crash, multiple storylines",https://image.tmdb.org/t/p/w500/hdS0to9nUpgK0Zm1bZAF6BWRae7.jpg
Resident Evil 6: O Capítulo Final,Resident Evil: The Final Chapter,Evil comes home,Paul W.S. Anderson,2016,"Action, Horror, Science Fiction","helicopter, monster, underground, dystopia, mutant, post-apocalyptic future, sequel, end of the world, female soldier, zombie, armageddon, based on video game, heroine, resident evil",https://image.tmdb.org/t/p/w500/7glPlA0xPpxPxBu0TnY4ulQVCV1.jpg
Predadores Assassinos,Crawl,They were here first,Alexandre Aja,2019,"Thriller, Horror, Action","florida, hurricane, animal attack, alligator, creature, flood, animal horror, crawlspace, father daughter relationship",https://image.tmdb.org/t/p/w500/mKxpYRIrCZLxZjNqpocJ2RdQW8v.jpg
O Pagamento Final,Carlito's Way,He's got a good future if he can live past next week.,Brian De Palma,1993,"Crime, Drama, Romance, Thriller","new york city, based on novel or book, gangster, go-go dancer, release from prison, 1970s, puerto rico, cocaine, nightclub, criminal past, love, lawyer, drugs, disco, neo-noir",https://image.tmdb.org/t/p/w500/g6D7mjQtndu768cusGmoEQY9fTB.jpg
Austin Powers em o Homem do Membro de Ouro,Austin Powers in Goldmember,He's still evil... He's still deadly... and he's still surrounded by frickin' idiots!,Jay Roach,2002,"Comedy, Crime, Science Fiction","gold, helicopter, sibling relationship, saving the world, submarine, asteroid, undercover, submachine gun, clone, spy, journey in the past, car journey, nightclub, laser, sumo ringer, family history, time travel, conciliation, clowning, overweight man, belgium, parody, james bond spoof, duringcreditsstinger",https://image.tmdb.org/t/p/w500/aSNnxSNc7HftXa6EULM4Lq6mUDn.jpg
Brightburn: Filho das Trevas,Brightburn,Evil has found its superhero,David Yarovesky,2019,"Horror, Science Fiction, Thriller, Mystery","husband wife relationship, child murder, country life, super power, super villain, kansas state, father son relationship, mother son relationship, american countryside",https://image.tmdb.org/t/p/w500/sJWwkYc9ajwnPRSkqj8Aue5JbKz.jpg
Tratamento de Choque,Anger Management,Feel the Love.,Peter Segal,2003,Comedy,"penalty, therapist, psychology, aggression, rage, anger, brooklyn, new york city, anger management, anger issues",https://image.tmdb.org/t/p/w500/ezitJY9RTk3ReXc1nWhXjmU9cz0.jpg
Erin Brockovich: Uma Mulher de Talento,Erin Brockovich,She brought a small town to its feet and a huge company to its knees.,Steven Soderbergh,2000,Drama,"biography, based on true story, single mother, water pollution, environmental law, legal drama, corporate negligence",https://image.tmdb.org/t/p/w500/xbMEHLu36LyptPD29FxVTndpYZ1.jpg
Noivas em Guerra,Bride Wars,May the best bride win.,Gary Winick,2009,"Comedy, Romance","friendship, bride, engagement, rivalry, wedding, family feud",https://image.tmdb.org/t/p/w500/eyXT8tmUoyHrg7YX1UVjmecHCWP.jpg
A Árvore da Vida,The Tree of Life,Nothing stands still.,Terrence Malick,2011,"Drama, Fantasy","sibling relationship, parent child relationship, afterlife, christianity, philosophy, tree, sun, texas, telegram, bible, surrealism, meteor, coming of age, spirituality, grief, space, religion, memory, dinosaur, birth, death, grace, childhood, death of brother, silhouette, existentialism, organist, masculinity, cosmos, 1950s, newborn baby, organ player, waco texas, father son relationship, mother son relationship, brother brother relationship, life, pantheism",https://image.tmdb.org/t/p/w500/l8cwuB5WJSoj4uMAsnzuHBOMaSJ.jpg
Quase Irmãos,Step Brothers,They grow up so fast.,Adam McKay,2008,Comedy,"becoming an adult, hostility, autonomy, childhood trauma, stepbrother, slacker, man child, buddy, aftercreditsstinger, duringcreditsstinger",https://image.tmdb.org/t/p/w500/jV0eDViuTRf9cmj4H0JNvbvaNbR.jpg
Operação Babá,The Pacifier,Welcome to the infantry.,Adam Shankman,2005,"Comedy, Family, Action","mission, bodybuilder, body guard, scientist, family, u.s. soldier, death of husband, us military, action hero, male nanny",https://image.tmdb.org/t/p/w500/ayVLPibrtazh7U5FliWRLDMmG3d.jpg
Cantando na Chuva,Singin' in the Rain,What a Glorious Feeling!,"Stanley Donen, Gene Kelly",1952,"Comedy, Romance","fan, musical, partner, film in film, hollywood, broadway, dancing in the street, audience, chorus girl, diction coach, pearl necklace, flapper, silent film star, squeaky voice, 1920s, old hollywood, talkies, dancing in the rain",https://image.tmdb.org/t/p/w500/w03EiJVHP8Un77boQeE7hg9DVdU.jpg
Mestre dos Mares: O Lado Mais Distante do Mundo,Master and Commander: The Far Side of the World,The courage to do the impossible lies in the hearts of men.,Peter Weir,2003,"Adventure, Drama, War","epic, ship, navy, based on novel or book, surgeon, royal navy, historical fiction, period drama, napoleonic wars, naturalist, frigate, self surgery, sea battle, weevil, high seas, naval warfare, 19th century, galapagos islands, galapagos, naval battle, english navy",https://image.tmdb.org/t/p/w500/s1cVTQEZYn4nSjZLnFbzLP0j8y2.jpg
Uma Família de Dois,Demain tout commence,,Hugo Gélin,2016,"Drama, Comedy","london, england, single parent, parent child relationship, stuntman, remake, parenting, single father, lying, absent parent, frenchman abroad",https://image.tmdb.org/t/p/w500/aFgtdhuzgI2eqnIVWtRB03x3pnt.jpg
Dr. Dolittle,Doctor Dolittle,He doesn't just talk to the animals!,Betty Thomas,1998,"Comedy, Family, Fantasy","based on novel or book, tiger, san francisco, california, veterinarian, monkey, dog, talking to animals, woman director, father son relationship, father daughter relationship",https://image.tmdb.org/t/p/w500/tLrchGMIkdo1KamQJA6fwvDQEy0.jpg
Emoji: O Filme,The Emoji Movie,Not easy being meh,Tony Leondis,2017,"Animation, Family, Comedy","parody, 3d animation, emoji",https://image.tmdb.org/t/p/w500/f5pF4OYzh4wb1dYL2ARQNdqUsEZ.jpg
Os Infratores,Lawless,"When the law became corrupt, outlaws became heroes.",John Hillcoat,2012,"Crime, Drama, Western","corruption, based on novel or book, prohibition era, brother, gangster, great depression, appalachia, bootlegging, shootout, brutality, church, tommy gun, moonshine, virginia, 1930s, lawman, brothers, violence",https://image.tmdb.org/t/p/w500/Ahtzwts22ayviD3LEVslfL4nRWB.jpg
Uma Noite Alucinante 3,Army of Darkness,Trapped in time. Surrounded by evil. Low on gas.,Sam Raimi,1992,"Fantasy, Horror, Comedy","witch, skeleton, swordplay, supermarket, prophecy, castle, time travel, catapult, chain saw, incantation, time frame, pit, windmill, undead, knight, zombie, middle ages (476-1453), necronomicon, doppelgänger, psychotronic, 13th century, hilarious, enchant, excited",https://image.tmdb.org/t/p/w500/xsgTuAtR2zSH8Umg3jWZcZjlDpe.jpg
Jogo de Amor em Las Vegas,What Happens in Vegas,Get Lucky,Tom Vaughan,2008,"Comedy, Romance","hotel, casino, roommate, romantic comedy, rivalry, wedding, las vegas, drinking, opposites attract, aftercreditsstinger, marriage counselling, accidental marriage, vegas wedding, credits cookie",https://image.tmdb.org/t/p/w500/x3yN37OKHOzqnwa5sum8Ut4nobY.jpg
Shakespeare Apaixonado,Shakespeare in Love,Love is the only inspiration.,John Madden,1998,"Romance, History, Comedy","london, england, theater play, queen elizabeth i, playwright, cross dressing, false history, francis bacon, 16th century, acting, elizabethan england",https://image.tmdb.org/t/p/w500/iNCTveBiq7jQ4Av4ynWSdWXN6Cc.jpg
Silêncio,Silence,Sometimes silence is the deadliest sound.,Martin Scorsese,2016,"Drama, History","japan, based on novel or book, christianity, missionary, remake, betrayal, torture, martyrdom, crisis of faith, portuguese, jesuits (society of jesus), 17th century, shogunate, religious persecution, religious icon, apostasy",https://image.tmdb.org/t/p/w500/x5T0cQDYws0xRBVG4Q3wpcrcmax.jpg
Jogos Mortais VI,Saw VI,The game has come full circle.,Kevin Greutert,2009,"Horror, Thriller","sacrifice, sadism, fbi, apprentice, murder, torture, killer, agent, death, survival horror, death match, aftercreditsstinger, mind game, healthcare, death game, foreboding",https://image.tmdb.org/t/p/w500/6lSBajR9hahr8JPLH0ErQnPdgtH.jpg
Parker,Parker,"To get away clean, you have to play dirty.",Taylor Hackford,2013,"Action, Crime","based on novel or book, real estate agent, professional thief, jewel robbery, parker, palm beach, florida",https://image.tmdb.org/t/p/w500/u1cl4RsdqMjolVVsHwiLRPN1CT2.jpg
Ameaça Profunda,Underwater,7 miles below the ocean surface something has awakened,William Eubank,2020,"Horror, Science Fiction, Action, Adventure","monster, self sacrifice, deep sea, animal attack, giant monster, earthquake, survival, nuclear explosion, disaster, cryptozoology, female protagonist, underwater, survival horror, animal killing, creature feature, mechanical engineering, researcher, trapped underwater , 2050s",https://image.tmdb.org/t/p/w500/gzlbb3yeVISpQ3REd3Ga1scWGTU.jpg
Hitman: Agente 47,Hitman: Agent 47,Your Number is Up.,Aleksander Bach,2015,"Action, Crime, Thriller","assassin, hitman, secret identity, intelligence, execution, killer, based on video game",https://image.tmdb.org/t/p/w500/52NXkgvzRYjRnqRPpqjpiwsIgRG.jpg
Noite Passada em Soho,Last Night in Soho,"When the past lets you in, the truth will come out.",Edgar Wright,2021,"Mystery, Thriller, Horror","london, england, nightmare, go-go dancer, time travel, nostalgia, fashion designer, murder, soho london, clairvoyant, fashion design, 1960s, mirror, pub",https://image.tmdb.org/t/p/w500/ahbwIJl7T0D34m3sPKlBaCqs2xH.jpg
As Panteras: Detonando,Charlie's Angels: Full Throttle,This summer the Angels are back.,McG,2003,"Action, Adventure, Comedy","martial arts, robbery, undercover agent, spy, secret identity, villainess, secret agent, organized crime, los angeles, california, heroine, spy hero, based on tv series",https://image.tmdb.org/t/p/w500/n4cdJ0Wqxb7C0HmZbcaC4eYnkIf.jpg
A Guerra do Amanhã,The Tomorrow War,The fight for tomorrow begins today.,Chris McKay,2021,"Action, Science Fiction, Adventure","world cup, time travel, global warming, glacier, alien, alien invasion, military, future war, father son reunion, hope for future, changing the past or future, message from the future, father son relationship, father daughter relationship, world war",https://image.tmdb.org/t/p/w500/34nDCQZwaEvsy4CFO5hkGRFDCVU.jpg
Fuga de Nova York,Escape from New York,1997. New York City Is Now a Maximum Security Prison. Breaking Out is Impossible. Breaking In is Insane.,John Carpenter,1981,"Science Fiction, Action","new york city, taxi, martial arts, street gang, usa president, war veteran, kidnapping, hostage, liberation of prisoners, gangster, dystopia, anti hero, post-apocalyptic future, wrestling, villain, attempt to escape, rescue mission, police operation, cyberpunk, electronic music score, urban setting, reluctant hero",https://image.tmdb.org/t/p/w500/bOXk4mF2TjMJVq8DZYUtblKOR92.jpg
"Nanny McPhee, a Babá Encantada",Nanny McPhee,You'll learn to love her. Warts and all.,Kirk Jones,2005,"Fantasy, Comedy, Family","loss of loved one, nanny, education, family relationships, widower, single father, wizard, 19th century, based on young adult novel",https://image.tmdb.org/t/p/w500/j9zWPwaHDWE3K1Mb5RNahzwd3KY.jpg
007 - O Amanhã Nunca Morre,Tomorrow Never Dies,Yesterday is a memory. Today is history. Tomorrow is in the hands of one man.,Roger Spottiswoode,1997,"Adventure, Action, Thriller","media tycoon, navy, london, england, china, england, missile, spy, secret intelligence service, intelligence, manipulation of the media, special car, motorcycle, secret service, hamburg, germany",https://image.tmdb.org/t/p/w500/gZm002w7q9yLOkltxT76TWGfdZX.jpg
Fantasia,Fantasia,The most sensational sound you'll ever see!,"James Algar, Samuel Armstrong, Ford Beebe Jr., Norman Ferguson, David Hand, Jim Handley, T. Hee, Wilfred Jackson, Hamilton Luske, Bill Roberts, Paul Satterfield, Ben Sharpsteen",1940,"Animation, Family","classical music, orchestra, musical, cartoon mouse, wizard, live action and animation",https://image.tmdb.org/t/p/w500/5m9njnidjR0syG2gpVPVgcEMB2X.jpg
Paixão Sem Limites,Tres metros sobre el cielo,Have you ever been about to touch the sky?,Fernando González Molina,2010,"Romance, Drama","friendship, based on novel or book, rebel, forbidden love, motorcycle crash, motor sport, street race, love, best friend, motorcycle, teenage love, first love, young love, illegal grand prix race, teen rebel, based on young adult novel",https://image.tmdb.org/t/p/w500/fcFz2xEZodKOxHDn9DazxPYHDSc.jpg
O Leitor,The Reader,Behind the mystery lies a truth that will make you question everything you know.,Stephen Daldry,2008,"Drama, Romance","based on novel or book, germany, war crimes, women's prison, trial, female prisoner, reading aloud, love affair, law student, teenage sexuality, older woman younger man relationship, reading to someone, secret lover, shame, literacy, west germany, courtroom drama",https://image.tmdb.org/t/p/w500/r0WURbmnhgKeBpHcpDULBgRedQM.jpg
Coração de Cavaleiro,A Knight's Tale,He Will Rock You,Brian Helgeland,2001,"Adventure, Drama, Romance, Action","london, england, poetry, rivalry, sword fight, knight, tournament, duel, torture, writer, impostor, church, game, jousting, medieval, aftercreditsstinger",https://image.tmdb.org/t/p/w500/srb1XnrlDZHcdpjBKqUu4qAzxKU.jpg
Pets: A Vida Secreta dos Bichos 2,The Secret Life of Pets 2,They still have their secrets.,"Chris Renaud, Jonathan del Val",2019,"Adventure, Animation, Comedy, Family","new york city, friendship, sequel, illumination",https://image.tmdb.org/t/p/w500/q3mKnSkzp1doIsCye6ap4KIUAbu.jpg
Memórias de uma Gueixa,Memoirs of a Geisha,"My world is as forbidden as it is fragile; without its mysteries, it cannot survive.",Rob Marshall,2005,"Drama, Romance, History","secret love, japan, prostitute, sibling relationship, geisha, brothel, mentor, world war ii, loss of virginity, period drama, kimono, sumo, kyoto, japan, 1920s, 1940s, 1930s, loving, student mentor relationship, loss of sister, loss of parents, admiring, appreciative",https://image.tmdb.org/t/p/w500/pBwYsQaSTgnPphIy02DJjCF2cqs.jpg
"Querida, Encolhi as Crianças","Honey, I Shrunk the Kids","The most astonishing, innovative, backyard adventure of all time!",Joe Johnston,1989,"Adventure, Comedy, Family, Science Fiction","inventor, parent child relationship, ant, shrinking, giant insect, neighbor",https://image.tmdb.org/t/p/w500/yRJk5uTiqQ0IP48jKaegKusOUv3.jpg
Elvis,Elvis,The Man. The Legend. The King of Rock & Roll.,Baz Luhrmann,2022,"Drama, Music, History","rock 'n' roll, biography, based on true story, singer, music business, 1950s, elvis presley, music movie",https://image.tmdb.org/t/p/w500/qBOKWqAFbveZ4ryjJJwbie6tXkQ.jpg
Druk: Mais uma Rodada,Druk,,Thomas Vinterberg,2020,"Comedy, Drama","friendship, experiment, copenhagen, denmark, alcohol, family relationships, teacher, teacher student relationship, intoxication, social pressure, pressure to perform",https://image.tmdb.org/t/p/w500/fsn4cjpCvWuP9wU9hcFnK7M8RZC.jpg
Bela Vingança,Promising Young Woman,Revenge never looked so promising.,Emerald Fennell,2020,"Thriller, Crime, Drama","psychopath, coffee shop, ohio, sociopath, revenge, predator turns victim, childhood friends, rape and revenge, woman director, medical school, pediatrician, living with parents, barista, sexual predator, nice guy, prosocial psychopath, transgender",https://image.tmdb.org/t/p/w500/73QoFJFmUrJfDG2EynFjNc5gJxk.jpg
O Rei Leão 3: Hakuna Matata,The Lion King 1½,You Don't Know The ½ Of It!,Bradley Raymond,2004,"Family, Animation, Comedy, Action","pig, africa, lion, sequel, royalty, best friend",https://image.tmdb.org/t/p/w500/sVJME5R1NmTXtbdnAxYPx7Xa7kr.jpg
Meu Pai,The Father,,Florian Zeller,2020,Drama,"london, england, loss of sense of reality, flat, dementia, mistaken identity, alzheimer's disease, based on play or musical, old man, memory loss, elderly man, father daughter relationship, fading memories, family caregiving",https://image.tmdb.org/t/p/w500/pr3bEQ517uMb5loLvjFQi8uLAsp.jpg
Magic Mike,Magic Mike,Work all day. Work it all night.,Steven Soderbergh,2012,"Drama, Comedy","florida, seduction, based on true story, strip club, male stripper, novice, muscled, brother sister relationship",https://image.tmdb.org/t/p/w500/oJS0qxNfMdMcFnEZbUbB5q2Olik.jpg
O Último dos Moicanos,The Last of the Mohicans,The first American hero.,Michael Mann,1992,"Action, Adventure, Drama, History, Romance, War","based on novel or book, love triangle, native american, revenge, interracial relationship, period drama, historical, warfare, colonialism, 18th century, warrior, french and indian war",https://image.tmdb.org/t/p/w500/qzJMPWRtZveBkxXOv3ucWhoJuyj.jpg
Os 7 de Chicago,The Trial of the Chicago 7,"In 1968, democracy refused to back down.",Aaron Sorkin,2020,"Drama, History","chicago, illinois, right and justice, political activism, black panther party, based on true story, black activist, counter-culture, historical fiction, activist, 1960s, courtroom drama",https://image.tmdb.org/t/p/w500/ahf5cVdooMAlDRiJOZQNuLqa1Is.jpg
Uma Noite Alucinante 2,Evil Dead II,Kiss your nerves good-bye!,Sam Raimi,1987,"Horror, Comedy, Fantasy","blood splatter, deer, tape recorder, chainsaw, spirit, over the top, book of the dead, evil dead, eyeball, necronomicon, tarmac, meat cleaver, psychotronic, shocking, bewildered, excited",https://image.tmdb.org/t/p/w500/4zqCKJVHUolGs6C5AZwAZqLWixW.jpg
Robin Hood: A Origem,Robin Hood,The legend you know. The story you don't.,Otto Bathurst,2018,"Adventure, Action, Thriller","sheriff, robin hood, archer, sherwood forest, thief, nottingham, steampunk, middle ages (476-1453), medieval, hoodie",https://image.tmdb.org/t/p/w500/AiRfixFcfTkNbn2A73qVJPlpkUo.jpg
Casa Gucci,House of Gucci,A legacy worth killing for.,Ridley Scott,2021,"Drama, History, Crime","marriage crisis, italy, biography, fashion designer, murder, fashion, failing marriage, 1980s, 1990s, rich family, gucci",https://image.tmdb.org/t/p/w500/oJCQjD2byiVF1EG408F9dBn9ndU.jpg
Ela é o Cara,She's the Man,"If you wanna chase your dream, sometimes you gotta break the rules.",Andy Fickman,2006,"Comedy, Romance","high school, sports, boarding school, roommate, twin sister, fake identity, mistaken identity, twin brother, football (soccer), teen comedy, tomboy, shakespeare in modern dress, disguised voice, the big game, twelfth night, 2000s, woman disguised as man, gay theme, crossdressing",https://image.tmdb.org/t/p/w500/gdF2PEBdwoohpPqKL93eCk17zNO.jpg
A Casa de Cera,House of Wax,Prey. Slay. Display,Jaume Collet-Serra,2005,"Horror, Thriller","louisiana, traffic jam, remake, murder, wax museum, slasher, twins, group of friends, ghost town, wax, waxwork, brother sister relationship, horror 2000s, amused, antagonistic, disapproving",https://image.tmdb.org/t/p/w500/r0v8qg78Ol9NIsRGe3DME27ORpd.jpg
Rede de Mentiras,Body of Lies,Trust no one. Deceive everyone.,Ridley Scott,2008,"Action, Drama, Thriller","dying and death, journalist, based on novel or book, spy, falsely accused, jordan, dubai, intelligence agency, beating, terrorism, secrecy",https://image.tmdb.org/t/p/w500/sLjVDPPfNQfAma9XyOqHPClQb2V.jpg
O Assassino: O Primeiro Alvo,American Assassin,Assassins aren't born. They're made.,Michael Cuesta,2017,"Action, Thriller","based on novel or book, revenge, terrorism",https://image.tmdb.org/t/p/w500/w6vjeHx3UEaBXIyc8VFqyZYKznD.jpg
Esqueceram de Mim 3,Home Alone 3,Ready for more. Much more.,Raja Gosnell,1997,"Comedy, Family","winter, burglar, bravery, computer chip, family relationships, sequel, slapstick comedy, technical toy, little boy, home invasion, precocious child, home alone, mischievous child, chicken pox, kids on their own, child rescue",https://image.tmdb.org/t/p/w500/6uOadrCfle0n2LOOxHbgWEdnrm2.jpg
Jogo do Dinheiro,Money Monster,Not every conspiracy is a theory.,Jodie Foster,2016,"Thriller, Drama","sniper, new york city, police, bomb, hostage, hostage-taking, stock market, stock fraud, woman director, television / tv studio, cable news",https://image.tmdb.org/t/p/w500/DlgdAkAKirD01R1mBejhFjS6nQ.jpg
As Panteras,Charlie's Angels,Unseen. Undivided. Unstoppable.,Elizabeth Banks,2019,"Action, Adventure, Comedy","training, high technology, betrayal, female protagonist, scientist, agent, female agent, undercover operation, hamburg, germany, duringcreditsstinger, woman director, hand to hand combat, istanbul, turkey, new recruit, based on tv series",https://image.tmdb.org/t/p/w500/1DPUFG6QnGqzpvEaDEv7TaepycM.jpg
As Golpistas,Hustlers,Hustle or be hustled.,Lorene Scafaria,2019,"Drama, Comedy, Crime","new york city, hustler, wall street, stripper, based on true story, strip club, exotic dancer, stock market crash, economic crisis, based on magazine, newspaper or article, 2000s, inspired by magazine, newspaper or article",https://image.tmdb.org/t/p/w500/zBhv8rsLOfpFW2M5b6wW78Uoojs.jpg
Através da Minha Janela,A través de mi ventana,It all started with the Wi-Fi password...,Marçal Forés,2022,"Drama, Romance, Comedy","based on novel or book, family business , stalking, class differences, toxic relationship, brothers, teen romance, family obligations, teenager",https://image.tmdb.org/t/p/w500/6gg7fvKc1ZxP9yCczweSxIGYp4S.jpg
O Escândalo,Bombshell,Based on a Real Scandal,Jay Roach,2019,Drama,"biography, based on true story, sexual harassment, television network, tv news anchor, 2010s, workplace culture",https://image.tmdb.org/t/p/w500/gbPfvwBqbiHpQkYZQvVwB6MVauV.jpg
O Bebê de Bridget Jones,Bridget Jones's Baby,Relationship status: beyond complicated,Sharon Maguire,2016,"Comedy, Romance","baby, love triangle, pregnancy, sequel, unknown father, pregnant woman, woman director",https://image.tmdb.org/t/p/w500/k703Pb5C0NsLvXPgFk8kAKnLylq.jpg
Impacto Profundo,Deep Impact,Oceans Rise. Cities Fall. Hope survives.,Mimi Leder,1998,"Action, Drama, Science Fiction","usa president, nasa, natural disaster, metereologist, space mission, comet, tsunami, astronomer, astronaut, tidal wave, woman director, disaster movie",https://image.tmdb.org/t/p/w500/a3vQS7JKqlOb3MdVJHuTCP9s7Mg.jpg
Sem Saída,Abduction,They stole his life. He's taking it back.,John Singleton,2011,"Thriller, Action, Mystery","cia, therapist, training, website, on the run, hospital, train, love interest, explosion, teenage boy, high school student, missing person, secret past, baseball stadium, hand to hand combat, pittsburgh, pennsylvania, special agent, school project, assassination team, secrets",https://image.tmdb.org/t/p/w500/d0TIDrwnMFVjg2EO4LsXQn1mbbc.jpg
Pânico,Scream,It's always someone you know.,"Matt Bettinelli-Olpin, Tyler Gillett",2022,"Horror, Mystery, Thriller","mask, attempted murder, hallucination, murder, teen movie, serial killer, hospital, slasher, whodunit, killing spree, hometown, reboot, crime spree, illegitimate child, murder mystery, legacy, fandom, copycat killer, generation z, murder spree, sister sister relationship, retired cop, return to hometown, reddit, requel",https://image.tmdb.org/t/p/w500/nD4M4Bx457ryLuKYpxFwQ2IBJ5w.jpg
A Família,The Family,Some call it organized crime. Others call it family.,Luc Besson,2013,"Crime, Comedy, Action","france, witness protection, mafia",https://image.tmdb.org/t/p/w500/3ER4u7T951pMv60hL5bUN6WsAMV.jpg
10.000 A.C.,"10,000 BC",The legend. The battle. The first hero.,Roland Emmerich,2008,"Adventure, Action, Drama, Fantasy","hunter, indigenous, fighter, lover (female), pyramid, mammoth, sapient, mountain village, stone age, primitive time, prehistory, saber-toothed tiger, romantic, admiring",https://image.tmdb.org/t/p/w500/lg3HcDLC5Kx3RNPQjeXvvS6nen3.jpg
Os Homens que Não Amavam as Mulheres,Män som hatar kvinnor,Based on the Worldwide Best Seller,Niels Arden Oplev,2009,"Drama, Thriller, Crime, Mystery","journalist, island, bondage, rape, strong woman, hacker, based on novel or book, blow job, antisocial personality disorder, female protagonist, whodunit, newspaper man, millennium, female empowerment, locked room mystery",https://image.tmdb.org/t/p/w500/r2pFUXKK20KD9RE3yybpQsNynRE.jpg
Chamada de Emergência,The Call,There are 188 million 911 calls a year. This one made it personal.,Brad Anderson,2013,"Crime, Thriller","underground, gas station, kidnapping, psychopath, incest overtones, murder, serial killer, torture chamber, slasher, multiple stabbings, person on fire, cell phone, guilt, psycho, emergency services",https://image.tmdb.org/t/p/w500/bpYVSeoaQ8MURmmqnojoMJEUmQj.jpg
Deus da Carnificina,Carnage,A new comedy of no manners,Roman Polanski,2011,"Comedy, Drama","flat, hamster, dark comedy, vomit, based on play or musical, insult, writer, tulips, meeting, puke, pants, liberal",https://image.tmdb.org/t/p/w500/3Imx53XV3T02ADlMxYazYXVNysZ.jpg
O Mordomo da Casa Branca,The Butler,One quiet voice can ignite a revolution.,Lee Daniels,2013,Drama,"usa president, butler, civil rights, john f. kennedy, biography, ronald reagan, richard nixon, african american history, jacqueline kennedy, jimmy carter, eisenhower",https://image.tmdb.org/t/p/w500/TTtg1JzS8OJjbmiKTyCSlfYw0M.jpg
Roubo nas Alturas,Tower Heist,Ordinary guys. An extraordinary robbery.,Brett Ratner,2011,"Action, Comedy","new york city, skyscraper, fbi, thanksgiving, heist, billionaire, parade, high rise, female agent, ponzi scheme, caper comedy, planning, safecracker, recruiting, deceit, lobby",https://image.tmdb.org/t/p/w500/1HcOyMODYZXnncMikfhYkw3x2ss.jpg
Cartas para Julieta,Letters to Juliet,What if you had a second chance to find true love?,Gary Winick,2010,"Comedy, Drama, Romance","italy, letter, romantic comedy, romance, american abroad, boyfriend girlfriend relationship, italian stereotype, verona italy, quest",https://image.tmdb.org/t/p/w500/86sBDdFG0bIzdYDagZOfM6Ryoix.jpg
Abracadabra,Hocus Pocus,It's just a bunch of Hocus Pocus.,Kenny Ortega,1993,"Fantasy, Comedy, Family","witch, virgin, sibling relationship, magic, halloween, undead, resurrection, potion, salem, massachusetts, trick or treating, spellcasting, talking cat, time skip, grimoire",https://image.tmdb.org/t/p/w500/by4D4Q9NlUjFSEUA1yrxq6ksXmk.jpg
O Mestre,The Master,Every man needs a guide.,Paul Thomas Anderson,2012,Drama,"post-traumatic stress disorder (ptsd), sexual obsession, religion, drifter, alcoholic, handjob, post war, cult leader, scientology, religious cult, charismatic leader, right hand man, 1940s, past life regression, nude dancing",https://image.tmdb.org/t/p/w500/rUSjbyvYWN9H4az8xt0tDtU7I6v.jpg
Viagem Maldita,The Hills Have Eyes,The lucky ones die first.,Alexandre Aja,2006,"Horror, Thriller","van, rape, ambush, gas station, new mexico, gore, remake, serial killer, slasher, brutality, cannibal, killer, desert, family holiday, madness, ghost town, torture porn, lost in the desert, nuclear testing, human monster",https://image.tmdb.org/t/p/w500/53x6ZGyYLgYwa5VQRdSqvVYwrl9.jpg
O Último Portal,The Ninth Gate,Every book has a life of its own.,Roman Polanski,1999,"Mystery, Thriller, Horror","hotel, new york city, suicide, library, portugal, obsession, southern france, investigation, antiquary, picture puzzle, castle, satanism, collector, lucifer, devil, demon, millionaire, book store, occult, rare book, devil worship, gnosticism, bibliophilia",https://image.tmdb.org/t/p/w500/iFDtmA8Bg9zE4NcsjcmGfqFN01H.jpg
Olhos Famintos,Jeepers Creepers,What's eating you?,Victor Salva,2001,"Horror, Thriller, Mystery","monster, brother, mass murder, sister, aftercreditsstinger, cross country trip, rural",https://image.tmdb.org/t/p/w500/g410Y1U1ELbmJG14Zru3UAimm1G.jpg
Bob Esponja: O Incrível Resgate,The SpongeBob Movie: Sponge on the Run,They're Not in Bikini Bottom Anymore.,Tim Hill,2020,"Family, Animation, Fantasy, Adventure, Comedy","part live action, based on tv series",https://image.tmdb.org/t/p/w500/jlJ8nDhMhCYJuzOw3f52CP1W8MW.jpg
Os Pinguins do Papai,Mr. Popper's Penguins,,Mark Waters,2011,"Comedy, Family","taxi, zoo, penguin, restaurant, ex husband, little boy, zookeeper, doorman, ride, bird hatching, aftercreditsstinger, duringcreditsstinger",https://image.tmdb.org/t/p/w500/jGwZ1QI5DaL7mHQ2ZsMV1p8xvPS.jpg
O Vidente,Next,"If you can see the future, you can save it.",Lee Tamahori,2007,"Action, Science Fiction, Thriller","fortune teller, religion and supernatural, paranormal phenomena, time travel, time loop, terrorism, based on short story, duringcreditsstinger, vision of the future",https://image.tmdb.org/t/p/w500/td5uOBW41ib1KGz3g1Kc33BdFyj.jpg
O Espelho,Oculus,You see what it wants you to see.,Mike Flanagan,2013,Horror,"husband wife relationship, supernatural, haunted house, hallucination, family relationships, artifact, skepticism, ghost, fear of mirrors, mirror",https://image.tmdb.org/t/p/w500/3J25Xmt3zN9OpsTD5dLNwz7IirD.jpg
O Nome da Rosa,The Name of the Rose,"Who, in the name of God, is getting away with murder?",Jean-Jacques Annaud,1986,"Drama, Thriller, Mystery","based on novel or book, library, christianity, inquisition, monk, poison, secret passage, religion, labyrinth, rich, middle ages (476-1453), persecution, medieval, franciscan, burned at the stake, poor, murder mystery, grotesque, theological debate, 14th century, master disciple relationship, umberto eco",https://image.tmdb.org/t/p/w500/2BuVu0j6v2kNY2gGxtO3sDGyob2.jpg
Dezesseis Luas,Beautiful Creatures,Dark secrets will come to light.,Richard LaGravenese,2013,"Fantasy, Drama, Romance","high school, civil war, based on novel or book, magic, southern usa, light, love, class prejudice, spellcasting, young adult, casters, based on young adult novel, dreams, fantasy",https://image.tmdb.org/t/p/w500/t7PWQHpJHb2ozALCfaPaC5aHxBs.jpg
O Grito,The Grudge,It never forgives. It never forgets.,Takashi Shimizu,2004,"Horror, Mystery, Thriller","nurse, house, remake, curse, tokyo, japan, old woman, catatonia",https://image.tmdb.org/t/p/w500/7vPAVPKYexQVmvC578wPLn2CGCL.jpg
O Maravilhoso Agora,The Spectacular Now,,James Ponsoldt,2013,"Comedy, Drama, Romance","based on novel or book, alcoholism, coming of age, high school student, based on young adult novel, teenager",https://image.tmdb.org/t/p/w500/sTEhMxrL6dCOHB9lzY879kiIfIv.jpg
Dragon Ball Super: Broly,ドラゴンボール超スーパー ブロリー,A new adventure to become the strongest begins.,Tatsuya Nagamine,2018,"Action, Science Fiction, Animation","transformation, space battle, resurrection, reboot, alien race, anime, based on anime",https://image.tmdb.org/t/p/w500/f03YksE4NggUjG75toz4H1YAGRf.jpg
Além da Linha Vermelha,The Thin Red Line,Every man fights his own war.,Terrence Malick,1998,"Drama, History, War","epic, based on novel or book, steel helmet, world war ii, battle assignment, invasion, infantry, marine corps, us army, commander, rifle, pacific, pacific war, survival, jungle, sergeant, pacific island, soldier, battle, fighting, guadalcanal, pacific theater, anti war, awol, 1940s, philosophic conflict",https://image.tmdb.org/t/p/w500/seMydAaoxQP6F0xbE1jOcTmn5Jr.jpg
O Professor Aloprado,The Nutty Professor,"Inside Sherman Klump, a party animal is about to break out.",Tom Shadyac,1996,"Fantasy, Comedy, Romance, Science Fiction","overweight, overweight man, campus, family dinner, jekyll and hyde, duringcreditsstinger, chemistry professor, 1990s",https://image.tmdb.org/t/p/w500/fMtb5aZoLRNbMnCkatFsTmPRfl5.jpg
Rock'n'Rolla: A Grande Roubada,RocknRolla,"A story of sex, thugs and rock 'n roll.",Guy Ritchie,2008,"Action, Crime, Thriller","london, england, gang leader, money, gang",https://image.tmdb.org/t/p/w500/i7eyngqjdvKB7NvrWtCjjTNNq8N.jpg
Os Aventureiros do Bairro Proibido,Big Trouble in Little China,Adventure doesn't come any bigger!,John Carpenter,1986,"Comedy, Action, Adventure, Fantasy","martial arts, kung fu, magic, san francisco, california, kidnapping, chinatown, mercenary, mythology, truck driver, adventurer, 1980s",https://image.tmdb.org/t/p/w500/gI2Qs1yTTj3NcESJyttCkbmJ4k9.jpg
A Família Addams 2,Addams Family Values,The family just got a little stranger.,Barry Sonnenfeld,1993,"Comedy, Family, Fantasy","dancing, jealousy, baby, sibling relationship, summer camp, yuppie, butler, nanny, thanksgiving, guillotine, uncle, mansion, wedding, macabre, disembodied hand, anxious",https://image.tmdb.org/t/p/w500/8znyj20O3EYLD2EzWnZQMnkE4zH.jpg
Por Lugares Incríveis,All the Bright Places,Live life at full brightness,Brett Haley,2020,"Romance, Drama","suicide, indiana, usa, based on novel or book, based on young adult novel",https://image.tmdb.org/t/p/w500/4SafxuMKQiw4reBiWKVZJpJn80I.jpg
Eles Vivem,They Live,You see them on the street. You watch them on TV. You might even vote for one this fall. You think they're people just like you. You're wrong. Dead wrong.,John Carpenter,1988,"Science Fiction, Action","dystopia, villainess, alien, social commentary, conspiracy, los angeles, california, alien invasion, sunglasses, glasses, brawl, subliminal message, horror",https://image.tmdb.org/t/p/w500/ngnybFTuopfbfmmEeX9jjBQQmF6.jpg
O Sétimo Selo,Det sjunde inseglet,The story of a challenge to death,Ingmar Bergman,1957,"Fantasy, Drama","witch, dying and death, blacksmith, chess, countryside, allegory, crusade, artist, juggler, witch burning, last judgment, symbolism, sense of life, grim reaper, black and white, demon, middle ages (476-1453), black death, playing chess, criterion, death personified, death incarnate, 14th century",https://image.tmdb.org/t/p/w500/wcZ21zrOsy0b52AfAF50XpTiv75.jpg
Arthur e os Minimoys,Arthur et les Minimoys,Adventure awaits in your own backyard.,Luc Besson,2006,"Adventure, Fantasy, Animation, Family","grandparent grandchild relationship, wretch, treasure hunt, disappearance, family, fantasy world, live action and animation, minimoys",https://image.tmdb.org/t/p/w500/gH27K0S7BiZCsNMxzOQTacG9IZp.jpg
Moscou Contra 007,From Russia with Love,The world's masters of murder pull out all the stops to destroy Agent 007!,Terence Young,1963,"Action, Thriller, Adventure","assassin, london, england, assassination, based on novel or book, venice, italy, england, gypsy, secret mission, spy, secret intelligence service, secret organization, villain, kgb, orient express, zagreb, gondola, phantom, duringcreditsstinger",https://image.tmdb.org/t/p/w500/2jUOA4mUm2W7jP61DFeZ77kH0sA.jpg
Lawrence da Arábia,Lawrence of Arabia,A mighty motion picture of action and adventure!,David Lean,1962,"Adventure, Drama, History, War","cairo, world war i, arabian, horse, jerusalem, israel, british army, british empire, damascus, camel, based on true story, gay interest, historical fiction, quicksand, desert, arab, ottoman empire",https://image.tmdb.org/t/p/w500/AiAm0EtDvyGqNpVoieRw4u65vD1.jpg
Alvin e os Esquilos 2,Alvin and the Chipmunks: The Squeakquel,The Boys are back in town... and they have competition.,Betty Thomas,2009,"Comedy, Family, Animation, Fantasy, Music","chipmunk, aftercreditsstinger, duringcreditsstinger, woman director, live action and animation",https://image.tmdb.org/t/p/w500/8mdPqOga5fty15nXmaNcK1fsNMa.jpg
Poltergeist: O Fenômeno,Poltergeist,It knows what scares you.,Tobe Hooper,1982,Horror,"dying and death, parent child relationship, medium, poltergeist, ghostbuster, haunted house, paranormal phenomena, family relationships, suburbia, power of goodness, haunted",https://image.tmdb.org/t/p/w500/xPazCcKp62IshnLVf9BLAjf9vgC.jpg
O Amor é Cego,Shallow Hal,True love is worth the weight.,"Bobby Farrelly, Peter Farrelly",2001,"Comedy, Romance","overweight, hypnosis, overweight man, rejection, death of father, volunteer, overweight woman, superficiality, obesity, hospital, dating, falling in love, fat suit, dance club, helping children, physical deformity, beauty standards, superficial, attractiveness, disabled person, inner beauty, peace corps, beauty is in the eye of the beholder, beauty is skin deep",https://image.tmdb.org/t/p/w500/q4lZrHWTWuybb6pzMucj1c0ngCW.jpg
O Ritual,The Ritual,Your darkest dream awaits you.,David Bruckner,2017,"Horror, Thriller, Mystery","robbery, monster, based on novel or book, nightmare, sweden, hiking, scandinavia, forest, friends, grief, murder, cabin, guilt, survival horror, pagan, norse mythology, guilty conscience, folk horror, lost in the woods",https://image.tmdb.org/t/p/w500/hHuJqzby593lmYmw1SzT0XYy99t.jpg
Palm Springs,Palm Springs,Live like there's no tomorrow,Max Barbakow,2020,"Comedy, Romance, Science Fiction","alcohol, cave, time travel, earthquake, swimming pool, drug use, palm springs, time loop, nemesis, wedding, maid of honor, carefree, older sister, groundhog day, stuck, sister's wedding, chance encounter",https://image.tmdb.org/t/p/w500/yf5IuMW6GHghu39kxA0oFx7Bxmj.jpg
Deixa Ela Entrar,Låt den rätte komma in,Eli is 12 years old. She's been 12 for over 200 years and she just moved in next door.,Tomas Alfredson,2008,"Horror, Drama","based on novel or book, vampire, sweden, bullying, castration, bully, child vampire, murder, androgyny, new neighbor, young love",https://image.tmdb.org/t/p/w500/4hezTKTuZMp0l2ufihKwPgLmfLg.jpg
Sobrenatural: A Última Chave,Insidious: The Last Key,Fear comes home.,Adam Robitel,2018,"Horror, Mystery, Thriller","key, medium, haunted house, prequel, spirit, 1950s",https://image.tmdb.org/t/p/w500/nb9fc9INMg8kQ8L7sE7XTNsZnUX.jpg
Nomadland,Nomadland,See you down the road.,Chloé Zhao,2021,Drama,"factory worker, van, based on novel or book, recession, homelessness, unemployment, recreational vehicle, road movie, death of husband, western usa, nomad",https://image.tmdb.org/t/p/w500/8Vc5EOUEIF1EUXuX9eLFf7BvN3P.jpg
O Guarda-Costas,The Bodyguard,Never let her out of your sight. Never let your guard down. Never fall in love.,Mick Jackson,1992,"Thriller, Action, Drama, Music, Romance","sibling relationship, bodyguard, anonymous letter, diva, stalker, los angeles, california",https://image.tmdb.org/t/p/w500/2VgZW2ZD3pNoV2j8U2GXNRwOsk9.jpg
Força Aérea Um,Air Force One,"Five miles up, The President of The United States is waging war on terrorism. Face to face.",Wolfgang Petersen,1997,"Action, Thriller","vietnam veteran, journalist, usa president, washington dc, usa, ultimatum, kazakhstan, heroism, air force one, fighter jet, airplane hijacking, aerial combat, first lady, gunfight, secret service, terrorist plot, held hostage, us military, presidential cabinet, moscow, russia, hand to hand combat, political prisoner, escape pod, hostages, president's family, ramstein air force base, germany, hostage negotiation, mid-air refueling",https://image.tmdb.org/t/p/w500/juRFEbyx5JlNuYrZM50vcZmtN78.jpg
De Repente Uma Família,Instant Family,"Just add chaos, laughter, awkwardness, mistakes, love...",Sean Anders,2018,Comedy,"court case, social worker, adoption, based on true story, parenting, foster family, amusement park, lgbt, substance abuse, family dog",https://image.tmdb.org/t/p/w500/xYV1mODz99w7AjKDSQ7h2mzZhVe.jpg
Ninfomaníaca: Volume 2,Nymphomaniac: Vol. II,Forget About Love,Lars von Trier,2013,"Drama, Mystery","bondage, whip, sexuality, masochism, sex therapy, chapter, sadomasochism, sequel, sexual violence, love, nymphomaniac, tragedy, loneliness, masturbation, therapy, bdsm, addict, story telling, sexual pleasure, sexually aggressive woman, pleasure, virginity, abortion, sex",https://image.tmdb.org/t/p/w500/fYLbO4UpumgNHVnsyDQkXG87Q1k.jpg
Um Dia de Cão,Dog Day Afternoon,"Anything can happen during the dog days of summer. On August 22nd, 1972, everything did.",Sidney Lumet,1975,"Crime, Drama, Thriller","new york city, police, hostage, bank, fbi, heist, bank robbery, brooklyn, new york city, bank cashier, car procession, attica, unhappy marriage, based on magazine, newspaper or article, dramatic, audacious",https://image.tmdb.org/t/p/w500/3mYy8sLQWMS8tVHcac6T8sWHA6D.jpg
S.O.S. - Tem um Louco Solto no Espaço,Spaceballs,May the schwartz be with you.,Mel Brooks,1987,"Comedy, Science Fiction","galaxy, android, space marine, laser gun, temple, swordplay, space battle, space travel, space mission, satire, altar, magnet beam, speed of light, plastic surgery, password, parody, spoof",https://image.tmdb.org/t/p/w500/o624HTt93iIJIc1Sg5hNkDTnk5l.jpg
Operação Sombra: Jack Ryan,Jack Ryan: Shadow Recruit,Trust no one.,Kenneth Branagh,2014,"Action, Drama, Thriller","sniper, new york city, london, england, cia, corruption, based on novel or book, explosive, rehabilitation, murder, conspiracy, terrorism, surveillance, ex-marine, jack ryan, u.s. marine, 9/11, undercover operation, fiancé fiancée relationship, ex military, moscow, russia, political thriller, helicopter crash, intelligence service, cia analyst, intelligence analyst",https://image.tmdb.org/t/p/w500/m7HcLUodrD4lM4s0Hui1tzO2pjO.jpg
O Orfanato,El orfanato,A tale of love. A story of horror.,J.A. Bayona,2007,"Horror, Drama, Thriller","beach, wife, suppressed past, orphanage, cave, medium, haunted house, imaginary friend, gothic horror, missing child, séance, somber",https://image.tmdb.org/t/p/w500/vIpi1KtHLXUOfSVC2m6MqpjSPgL.jpg
Jogos Mortais: O Final,Saw 3D,Do you want to play a final game?,Kevin Greutert,2010,"Horror, Crime","sadism, torture, self help guru, tricycle, prosthetic arm, pig mask, survival horror, death match, mind game, frantic, death game",https://image.tmdb.org/t/p/w500/qHCZ6LjtmqWDfXXN28TlIC9OppK.jpg
A Coisa,The Thing,It's Not Human. Yet.,Matthijs van Heijningen Jr.,2011,"Horror, Science Fiction, Mystery, Thriller","based on novel or book, paranoia, research station, alien life-form, prequel, antarctica, blizzard, duringcreditsstinger",https://image.tmdb.org/t/p/w500/dmn2nVo8h7LMnk694JxCRIwK06p.jpg
Vidas ao Vento,風立ちぬ,We must live.,Hayao Miyazaki,2013,"Drama, Animation, War","japan, airplane, flying, world war ii, earthquake, biography, great depression, pacific war, love, tuberculosis, adult animation, anime",https://image.tmdb.org/t/p/w500/jfwSexzlIzaOgxP9A8bTA6t8YYb.jpg
A Lenda do Zorro,The Legend of Zorro,The original caped crusader is back!,Martin Campbell,2005,"Action, Adventure, Western","california, hero, mexico, parent child relationship, marriage crisis, spy, superhero, secret organization, sword fight, conspiracy, divorce, swashbuckler, american civil war, zorro, good versus evil",https://image.tmdb.org/t/p/w500/bSHWuFMXPEPdbk1zijnBkP4lgzR.jpg
Caçador de Recompensas,The Bounty Hunter,"It's a Job. It Isn't Personal. Well, Maybe a Little...",Andy Tennant,2010,"Comedy, Action, Romance","bounty hunter, ex-husband ex-wife relationship",https://image.tmdb.org/t/p/w500/fJPKar0jnAsS09l3xfP6LL8sUkX.jpg
Dois Papas,The Two Popes,,Fernando Meirelles,2019,"Drama, Comedy, History","vatican, pope, based on true story, catholic, catholicism, cardinal, conclave, papal conclave, sistine chapel, two-hander",https://image.tmdb.org/t/p/w500/4d4mTSfDIFIbUbMLUfaKodvxYXA.jpg
Babe: O Porquinho Atrapalhado,Babe,A little pig goes a long way.,Chris Noonan,1995,"Fantasy, Drama, Comedy, Family","farm, sheep, pig, alarm clock, cat, duck, heroism, affection, piglet, anthropomorphism, based on children's book, dog, separation, farmer, grandson, sheepdog, talking pig, christmas",https://image.tmdb.org/t/p/w500/zKuQMtnbVTz9DsOnOJmlW71v4qH.jpg
Como Enlouquecer seu Chefe,Office Space,Work sucks.,Mike Judge,1999,Comedy,"work, printer, bad boss, satire, dallas texas, suburbia, co-workers relationship, corporate world, downsizing, software engineer, burnout, stapler, duringcreditsstinger, business rivalry",https://image.tmdb.org/t/p/w500/v7fBXxHZ5WQn2PGgpXhTqHgtcJk.jpg
O Primeiro Amor,Flipped,You never forget your first love.,Rob Reiner,2010,"Romance, Drama","based on novel or book, shyness, family relationships, unrequited love, neighbor, teenage boy, first crush, young love, opposites attract, multiple perspectives, 1950s, 1960s, based on young adult novel",https://image.tmdb.org/t/p/w500/6zDYFigohwncqFL00MKbFV01dWb.jpg
O Melhor Lance,La migliore offerta,A Master of Possession. A Crime of Obsession,Giuseppe Tornatore,2013,"Drama, Romance, Crime","painting, auctioneer, confidence game, fine art, honey pot",https://image.tmdb.org/t/p/w500/yfbsINSfotAHaeWKJbfsVKSckvq.jpg
O Touro Ferdinando,Ferdinand,Built To Fight. Born To Love,Carlos Saldanha,2017,"Animation, Family, Adventure, Comedy","friendship, spain, madrid, spain, europe, anthropomorphism, remake, bull, based on children's book, capture, adoring, enthusiastic, excited",https://image.tmdb.org/t/p/w500/rMm94JsRfcOPiPVsTRcBiiVBOhz.jpg
Demônio,Devil,Bad Things Happen For A Reason,John Erick Dowdle,2010,"Horror, Mystery, Thriller","supernatural, murder, devil, trapped, sole survivor, flickering light, lights out, trapped in an elevator, broken elevator, elevator, supernatural horror, suspense, killer among us, stuck in elevator",https://image.tmdb.org/t/p/w500/aivXPSi53H95BoUa5njEYso389s.jpg
Moonfall: Ameaça Lunar,Moonfall,Humanity will face the dark side of the Moon.,Roland Emmerich,2022,"Science Fiction, Adventure, Action","moon, looting, space travel, flooding, lost civilisation, alien life-form, stepfather, disaster, alternate history, apocalypse, armageddon, astronaut, space shuttle, disaster movie, trapped in space, conspiracy theorist, tense, hopeful, moon falling",https://image.tmdb.org/t/p/w500/odVv1sqVs0KxBXiA8bhIBlPgalx.jpg
007 - O Mundo Não é o Bastante,The World Is Not Enough,As the countdown begins for the new millennium there is still one number you can always count on.,Michael Apted,1999,"Adventure, Action, Thriller","mission, oil, mi6, heiress, bilbao, spain, british secret service",https://image.tmdb.org/t/p/w500/wCb2msgoZPK01WIqry24M4xsM73.jpg
72 Horas,The Next Three Days,What if you had 72 hours to save everything you live for?,Paul Haggis,2010,"Romance, Drama, Thriller, Crime","passport, murder, argument, county jail, fingerprint, appeal, escape artist, innocent",https://image.tmdb.org/t/p/w500/wBaRZ3aHa7qoYTSY0ONbXrXYk4B.jpg
Quero Ficar com Polly,Along Came Polly,"For the most cautious man on Earth, life is about to get interesting.",John Hamburg,2004,"Comedy, Romance","beach, chance, honeymoon, bride, romantic comedy, risk, long island, new york, unfaithfulness, scuba diving, los angeles, california, art gallery, dance class, opposites attract, caribbean sea, commitment, dance club, neurotic, chance meeting, bagpipe, insurance risk manager, ferret",https://image.tmdb.org/t/p/w500/ieTSn8YTsHoPK8GNf2J9eIkP5wo.jpg
Brinquedo Assassino,Child's Play,,Tom Holland,1988,Horror,"chicago, illinois, birthday, gun, voodoo, stalker, evil doll, murder, killer doll, serial killer, slasher, explosion, single mother, killer, doll, evil, killer toys, toy comes to life, possessed doll, supernatural power, mother and son, falling out window",https://image.tmdb.org/t/p/w500/7jrOhGtRh6YK7sMfvH1E1f36aVx.jpg
A Fera,Beastly,Love is never ugly.,Daniel Barnz,2011,"Drama, Fantasy, Romance","high school, based on novel or book, bullying, love, beautiful woman, curse, tutor, based on fairy tale, teenage romance, modern fairy tale, based on young adult novel",https://image.tmdb.org/t/p/w500/uSAXWZsSD0pE4HYVUiDgusnEyyl.jpg
Um Faz de Conta Que Acontece,Bedtime Stories,Whatever they dream up... he has to survive.,Adam Shankman,2008,"Fantasy, Comedy, Family, Romance","wishes come true, escapade, disorder, imaginary, miraculous event, imaginary kingdom, life turned upside down, nothing goes right",https://image.tmdb.org/t/p/w500/d0w4anZCzZX74deeQ3PE1byyg97.jpg
Uma Noite Fora de Série,Date Night,One ordinary couple. One little white lie.,Shawn Levy,2010,"Comedy, Action, Adventure","new york city, taxi, husband wife relationship, corruption, new jersey, expensive restaurant, taxi driver, blackmail, mistaken identity, stripper, mafia boss, muscleman, district attorney, central park, manhattan, new york city, aftercreditsstinger, outtakes, detectives, breaking in, thieves, mid credits bloopers, married couple with children, car chase, reservation",https://image.tmdb.org/t/p/w500/ucEWhj32KEDcFKHMWVeu8r1Q4ld.jpg
Suspíria,Suspiria,The only thing more terrifying than the last 12 minutes of this film are the first 80.,Dario Argento,1977,Horror,"witch, boarding school, germany, ballet, whodunit, young woman, gothic, evil, coven (akelarre), ballet school, dance school, dance academy",https://image.tmdb.org/t/p/w500/5ya8jTbNZTrCFUx9OwpNBjCivXY.jpg
Caçada Mortal,A Walk Among the Tombstones,Some people are afraid of all the wrong things,Scott Frank,2014,"Crime, Drama, Mystery, Thriller","new york city, based on novel or book, murder, private investigator, mafia, drugs, alcoholic, kingpin, wife murder, 1990s",https://image.tmdb.org/t/p/w500/bQTHTZezSudf27mMQtedHf1XpgO.jpg
Noite Sem Fim,Run All Night,,Jaume Collet-Serra,2015,"Action, Crime, Thriller","hitman, revenge, murder, mobster, on the run",https://image.tmdb.org/t/p/w500/frzdzHceByAIlwVKvSvY9zqpjyV.jpg
12 Heróis,12 Strong,The declassified true story of the horse soldiers,Nicolai Fuglsig,2018,"War, Drama, Action, History","cia, based on novel or book, afghanistan, based on true story, taliban, post 9/11",https://image.tmdb.org/t/p/w500/j18021qCeRi3yUBtqd2UFj1c0RQ.jpg
Power,Project Power,What would you risk for five minutes of pure power?,"Henry Joost, Ariel Schulman",2020,"Action, Crime, Science Fiction","drugs, super power, force, pills",https://image.tmdb.org/t/p/w500/TnOeov4w0sTtV2gqICqIxVi74V.jpg
Z: A Cidade Perdida,The Lost City of Z,A man's reach should exceed his grasp... or what's a heaven for?,James Gray,2017,"Adventure, Drama, History","based on novel or book, snake, world war i, river, expedition, lost civilisation, tribe, biography, amazon rainforest, colonel, jungle, south america, explorer, journey, 1920s, mysterious lands",https://image.tmdb.org/t/p/w500/dgDVkGFltTm1MCoFtlq91r7jwi9.jpg
Johnny & June,Walk the Line,Love is a burning thing.,James Mangold,2005,"Drama, Music, Romance","prison, adultery, concert, music record, country music, guitar, germany, loss of loved one, marriage, single, accident, 1960s, biographical",https://image.tmdb.org/t/p/w500/p8lPTjvjOjTfvC1E9pmMwcF9vkn.jpg
Controle Absoluto,Eagle Eye,Don't walk. Run.,D.J. Caruso,2008,"Mystery, Thriller, Action","artificial intelligence (a.i.), washington dc, usa, technology, hostage, secret identity, fbi, pentagon, twin brother, terrorism, human vs computer",https://image.tmdb.org/t/p/w500/9KCOv0hL37IN3tWG3j86eZg3xDH.jpg
Máquina Mortífera 3,Lethal Weapon 3,The magic is back again!,Richard Donner,1992,"Adventure, Action, Comedy, Thriller, Crime","showdown, police, sequel, mixed martial arts, los angeles, california, rookie cop, wisecrack humor, buddy cop, lapd, maverick cop, aftercreditsstinger, action hero",https://image.tmdb.org/t/p/w500/8FnOudDHPOY7MFJnvQMR1qpuyek.jpg
Os Sonhadores,The Dreamers,Together nothing is impossible. Together nothing is forbidden.,Bernardo Bertolucci,2003,"Drama, Romance","hotel, first time, paris, france, love triangle, students' movement, sexuality, bathing, flat, riot, crush, american, twins, incest, polyamory",https://image.tmdb.org/t/p/w500/gBb7GGaFYPu7nEUYvC8G4LaJJN1.jpg
Coach Carter: Treino para a Vida,Coach Carter,It begins on the street. It ends here.,Thomas Carter,2005,"Drama, History","high school, scholarship, sports, black people, violence in schools, authoritarian education, basketball, teacher, teachers and students",https://image.tmdb.org/t/p/w500/y3HOTTyM5nLsdUzXFtFCohG28qj.jpg
Hotel Ruanda,Hotel Rwanda,"When the world closed its eyes, he opened his arms.",Terry George,2004,"Drama, History, War","rwanda, refugee, refugee camp, militia, rwandan genocide, murder, slaughter, dead body, atrocity, african, cruelty, genocide, united nations, death",https://image.tmdb.org/t/p/w500/p3pHw85UMZPegfMZBA6dZ06yarm.jpg
Operação Overlord,Overlord,Stop the unstoppable,Julius Avery,2018,"Horror, War, Science Fiction","france, nazi, village, world war ii, normandy, france, d-day, laboratory, explosion, behind enemy lines, paratrooper, 1940s, scientific experiment, black soldier",https://image.tmdb.org/t/p/w500/l76Rgp32z2UxjULApxGXAPpYdAP.jpg
A Vida Marinha com Steve Zissou,The Life Aquatic with Steve Zissou,"The deeper you go, the weirder life gets.",Wes Anderson,2004,"Adventure, Comedy, Drama","parent child relationship, red cap, dysfunctional family, rivalry, pirate, magic realism, estranged father, oceanography, scientific expedition, father son relationship, diorama, research turtles, acoustic guitar",https://image.tmdb.org/t/p/w500/qZoFLNBC78jzboWeDH6Ha0qavF2.jpg
As Férias de Mr. Bean,Mr. Bean's Holiday,Disaster is just a small step away.,Steve Bendelack,2007,"Family, Comedy","france, movie business, language barrier, clumsy fellow, to drop brick, misunderstanding, false accusations, filmmaking, road movie, wanted man, aftercreditsstinger, englishman abroad, cross country trip, train travel, raffle, french woman, buffoon, holiday abroad, social misfit, stranded traveler, faux pas",https://image.tmdb.org/t/p/w500/zbAlwsJNxfo4VfTy9peDo7itJ0I.jpg
Soldado Anônimo,Jarhead,Welcome to the suck.,Sam Mendes,2005,"Drama, War","california, gulf war, saudi arabia, petrol, marine corps, kuwait, based on memoir or autobiography, u.s. marine, anti war, desert storm",https://image.tmdb.org/t/p/w500/55WJCdayHwoXJwRv3prpqscHt2q.jpg
Bob Esponja: O Filme,The SpongeBob SquarePants Movie,Bigger. Better. More absorbent.,"Stephen Hillenburg, Mark Osborne",2004,"Family, Animation, Comedy, Fantasy, Adventure","sea, ocean, falsely accused, squid, live action and animation, based on tv series",https://image.tmdb.org/t/p/w500/gjZD811kfY1ideNuBukcuCy8ocA.jpg
Mentes Sombrias,The Darkest Minds,The ones who changed will change everything,Jennifer Yuh Nelson,2018,"Action, Adventure, Drama","based on novel or book, dystopia, super power, children on the run, woman director, based on young adult novel",https://image.tmdb.org/t/p/w500/8Mk1Z4RkxdsVAD2L2qcDho00zPo.jpg
Bom Comportamento,Good Time,Are you ready for a Good Time?,"Benny Safdie, Josh Safdie",2017,"Crime, Thriller","prison, mentally disabled, new york city, brother, bank robber, wheelchair, on the run, hospital, drugs, foot chase, security guard, amusement park, queens, new york city, one night, botched robbery, aggressive, acid, dreary, audacious",https://image.tmdb.org/t/p/w500/yE1c9hj5Hf8a9KplAdRdhADqUro.jpg
Covil de Ladrões,Den of Thieves,You're not the bad guys. We are.,Christian Gudegast,2018,"Action, Thriller, Crime","police brutality, detective, fbi, assault rifle, deputy sheriff, investigation, strip club, donut, heist, shootout, los angeles, california, divorce, bank robbery, hostage situation, death, ex-marine, security, armored truck, ex military, donut shop, bar",https://image.tmdb.org/t/p/w500/AfybH6GbGFw1F9bcETe2yu25mIE.jpg
A Lenda de Beowulf,Beowulf,Evil breeds pain.,Robert Zemeckis,2007,"Adventure, Action, Animation","denmark, lie, pride and vanity, folk hero, viking, nordic mythology, festival hall, sin, alienation, royalty, curse, battle, ancient world, based on song, poem or rhyme, adult animation, motion capture, 6th century, beowulf",https://image.tmdb.org/t/p/w500/7QsWYyJAV97N9jOh21pdRIqJeJq.jpg
American Ultra - Armados e Alucinados,American Ultra,Everyone's getting smoked.,Nima Nourizadeh,2015,"Comedy, Action","small town, cia, slacker, memory loss, stoner, boyfriend girlfriend relationship, surprising, black ops, neurotic, woman agent, secret project, in love, secrets, convenience store",https://image.tmdb.org/t/p/w500/bi2MCDYvrZQPf1uXyvfVYPE57Mz.jpg
Todo Mundo em Pânico 5,Scary Movie 5,Evil is coming. Bring protection.,"Malcolm D. Lee, David Zucker",2013,Comedy,"ballet dancer, parody, sequel, spoof, horror spoof, demonic possession, paranormal activity, aftercreditsstinger, duringcreditsstinger, horror parody",https://image.tmdb.org/t/p/w500/r2Jwo4Eoax0oOnsU5qcXv0ea0Q8.jpg
Peter Pan,Pan,Every legend has a beginning.,Joe Wright,2015,"Fantasy, Adventure, Family, Action","flying, magic, fairy tale, mermaid, peter pan, pirate, fantasy world",https://image.tmdb.org/t/p/w500/cjcrkPeQkrkEVYrd3lHWJbfBdrv.jpg
O Pequeno Príncipe,The Little Prince,Growing up isn't the problem... forgetting is.,Mark Osborne,2015,"Adventure, Animation, Fantasy, Family","airplane, parent child relationship, philosophy, dystopia, utopia, little boy, old man, growing up, stop motion, neighbor, school, little girl, based on children's book, social differences",https://image.tmdb.org/t/p/w500/je5Z7gbFTzrs3FPHINo9yGiHoVo.jpg
O Segredo do Abismo,The Abyss,"There's everything you've ever known about adventure, and then there's The Abyss.",James Cameron,1989,"Adventure, Action, Thriller, Science Fiction","sea, flying saucer, submarine, ocean, diving suit, secret mission, insanity, nuclear missile, u.s. navy, alien life-form, ufo, warning, scuba diving, underwater, scuba, extraterrestrial life form, deepsea, message, trapped underwater , thalassophobia",https://image.tmdb.org/t/p/w500/nCOdcQ4HrVBug0MsqvfVuMCijmx.jpg
Duna,Dune,"A world beyond your experience, beyond your imagination.",David Lynch,1984,"Action, Science Fiction, Adventure","witch, empire, galaxy, rebellion, future, epic, space marine, army, monster, based on novel or book, prophecy, atomic bomb, mutation, telepathy, traitor, dystopia, emperor, insurgence, space travel, space war, spice, duke, chosen one, jihad, invasion, baron, steampunk, conflict, execution, explosion, fictional war, drugs, desert, incest, giant worm, space opera, future war, messiah, denunciation, lies",https://image.tmdb.org/t/p/w500/ngUaHgSZGkKy1Izwjk7qwZLOC5A.jpg
A Balada do Pistoleiro,Desperado,"When the smoke clears, it just means he's reloading.",Robert Rodriguez,1995,"Thriller, Action, Crime","gunslinger, showdown, mexico, ambush, hitman, guitar, anti terror, bartender, revenge, tragic hero, shootout, mariachi, explosion, brutality, drug lord, leg brace, concealed weapon, book store",https://image.tmdb.org/t/p/w500/e3gwpBeXpvGZsxUya9zNym5QXrw.jpg
Sexta-Feira 13,Friday the 13th,"They were warned...They are doomed...And on Friday the 13th, nothing will save them.",Sean S. Cunningham,1980,Horror,"lake, new jersey, drowning, summer camp, sadism, villain, woods, revenge, murder, stalking, serial killer, cabin, camp, slasher, summer, series of murders, franchise, 1950s, teenager",https://image.tmdb.org/t/p/w500/HzrPn1gEHWixfMOvOehOTlHROo.jpg
Doze é Demais,Cheaper by the Dozen,Growing pains? They've got twelve of them!,Shawn Levy,2003,"Comedy, Family","chicago, illinois, husband wife relationship, based on novel or book, american football coach, big family, family relationships, remake, sibling, new job, aspiring actor, smart kid, father son relationship, sister sister relationship, large family, brother brother relationship",https://image.tmdb.org/t/p/w500/afclGGoQslTYFTnyW1LRMtJMiBp.jpg
Sete Anos no Tibet,Seven Years in Tibet,At the end of the world his real journey began.,Jean-Jacques Annaud,1997,"Adventure, Drama, History","himalaya mountain range, buddhism, buddhist monk, world war ii, prisoner of war, mountain, monsoon, austria, tibet, dalai lama, mountaineer, lhasa, wedding, based on memoir or autobiography, people's liberation army",https://image.tmdb.org/t/p/w500/5euQXAgJ34TdUFl1t3O6Jw2lJAs.jpg
Adrenalina 2: Alta Voltagem,Crank: High Voltage,"He was dead, but he got better","Mark Neveldine, Brian Taylor",2009,"Action, Thriller, Crime","prostitute, heart, horse race, cigarette, electric shock, strip club, sequel, flashback, tourette syndrome, gang, shootout, mansion, foot chase, surgery, taser, duringcreditsstinger, absurdism, ultraviolence",https://image.tmdb.org/t/p/w500/tzTC4EEvF0OPL63frEiogxL2T8M.jpg
"Tiras, Só que Não",Let's Be Cops,Fake Cops. Real Trouble.,Luke Greenfield,2014,Comedy,"robbery, corruption, police, kidnapping, nightclub, investigation, male friendship, flashback, murder, mobster, los angeles, california, buddy cop, lying, impersonating a police officer, guns",https://image.tmdb.org/t/p/w500/pf4FoUr2phn5WyZjU7rLXSiW1Ve.jpg
Enterrado Vivo,Buried,"170,000 sq miles of desert. 90 minutes of oxygen. No way out.",Rodrigo Cortés,2010,"Drama, Thriller, Mystery","race against time, isolation, coffin, buried alive, survival, terrorism, cell phone, desert, survival horror, aftercreditsstinger, captivity, confined, one location, lack of oxygen",https://image.tmdb.org/t/p/w500/splPNB0vAoNlb8l5WYxz2E3FK2G.jpg
Irreversível,Irréversible,Time destroys everything.,Gaspar Noé,2002,"Drama, Thriller, Crime","prostitute, rape, paris, france, police, nihilism, homophobia, homicide, insanity, heroin, celibacy, trauma, assault, masochism, blood splatter, gore, knife, violence against women, love, revenge, fear, cruelty, brutality, drugs, evil, boyfriend, lgbt, misogyny, debauchery, degeneration, disfigurement, rape and revenge, dehumanization, new french extremism, altruism",https://image.tmdb.org/t/p/w500/yYk0GhFIKii1ZUgpEmV2vFV43Ah.jpg
Alien vs. Predador 2,Aliens vs Predator: Requiem,"In space, no one can hear you scream. On Earth, it won't matter.","Colin Strause, Greg Strause",2007,"Fantasy, Action, Science Fiction, Thriller, Horror","predator, hybrid, colorado, national guard, morgue, alien, creature, alien possession, triangle, infestation, xenomorph",https://image.tmdb.org/t/p/w500/jCyJN1vj8jqJJ0vNw4hDH2KlySO.jpg
A Família do Futuro,Meet the Robinsons,Think your family's weird?,Stephen J. Anderson,2007,"Animation, Comedy, Family","future, friendship, flying car, saving the world, based on novel or book, tyrannosaurus rex, adoption, time travel, time machine, mythical creature, best friend, rescue team, family, wonder, witty",https://image.tmdb.org/t/p/w500/naya0zF4kT401Sx15AtwB9vpcJr.jpg
A Família Mitchell e a Revolta das Máquinas,The Mitchells vs. the Machines,Saving the world can be a trip.,"Michael Rianda, Jeff Rowe",2021,"Animation, Adventure, Comedy","man vs machine, technology, dysfunctional family, family relationships, family drama, father daughter conflict, evil robot",https://image.tmdb.org/t/p/w500/mI2Di7HmskQQ34kz0iau6J1vr70.jpg
Convenção das Bruxas,Roald Dahl's The Witches,They're real!,Robert Zemeckis,2020,"Family, Comedy, Fantasy, Horror","hotel, witch, based on novel or book, mouse, transformation, orphan, based on children's book, talking animal",https://image.tmdb.org/t/p/w500/ht6EfsM5hrsUPSR4ReJQFDVU71F.jpg
Um Espião Animal,Spies in Disguise,Super Spy. Super Fly.,"Nick Bruno, Troy Quane",2019,"Animation, Action, Adventure, Comedy, Family","inventor, spy, pigeon, save the planet",https://image.tmdb.org/t/p/w500/30YacPAcxpNemhhwX0PVUl9pVA3.jpg
Precisamos Falar Sobre o Kevin,We Need to Talk About Kevin,,Lynne Ramsay,2011,"Drama, Thriller","based on novel or book, psychopath, mass murder, pregnancy, violence in schools, robin hood, connecticut, flashback, sociopath, murder, massacre, suburb, parenting, killing spree, prison visit, bow and arrow, school shooting, evil child, woman director, small community, teenage killer, mother son relationship, independent film, teenager",https://image.tmdb.org/t/p/w500/auAmiRmbBQ5QIYGpWgcGBoBQY3b.jpg
O Justiceiro,The Punisher,"There is no justice, there is only revenge.",Jonathan Hensleigh,2004,"Action, Crime, Drama","undercover, submachine gun, chain, twin brother, based on comic, revenge, vigilante, organized crime, neighbor, one man army, massacre, family reunion, pier, tampa, florida, fbi agent, brutal violence",https://image.tmdb.org/t/p/w500/7rmA1HwYp2GKM85BL0cVwCaosGr.jpg
The Rocky Horror Picture Show,The Rocky Horror Picture Show,A different set of jaws.,Jim Sharman,1975,"Comedy, Science Fiction, Fantasy, Horror","sexual identity, rock 'n' roll, transvestism, time warp, transylvania, transvestite, group sex, seduction, castle, sex addiction, musical, based on play or musical, cross dressing, homoeroticism, psychotronic, lgbt interest, horror musical",https://image.tmdb.org/t/p/w500/3pyE6ZqDbuJi7zrNzzQzcKTWdmN.jpg
Bridget Jones: No Limite da Razão,Bridget Jones: The Edge of Reason,Same Bridget. Brand new diary.,Beeban Kidron,2004,"Comedy, Romance","london, england, lovesickness, thailand, clumsy fellow, to drop brick, persuasion, capture, woman director",https://image.tmdb.org/t/p/w500/42v82AwTnhaL1JkNcQK8PRAh46P.jpg
Do Inferno,From Hell,Only the legend will survive.,"Albert Hughes, Allen Hughes",2001,"Horror, Mystery, Thriller","london, england, loss of loved one, drug addiction, jack the ripper, based on comic, united kingdom",https://image.tmdb.org/t/p/w500/t2WpWM8nBO4sULXr2bDfNEt4qgr.jpg
Greyhound: Na Mira do Inimigo,Greyhound,The only thing more dangerous than the front lines was the fight to get there.,Aaron Schneider,2020,"War, Action, Drama","submarine, allies, atlantic ocean, world war ii, based on true story, convoy, battleship, naval warfare, naval battleship",https://image.tmdb.org/t/p/w500/kjMbDciooTbJPofVXgAoFjfX8Of.jpg
Medo Profundo,47 Meters Down,No way out. No way up. No chance in hell.,Johannes Roberts,2017,"Thriller, Adventure, Horror","sibling relationship, diving, shark attack, cage, creature, shark, trapped underwater ",https://image.tmdb.org/t/p/w500/lMcsEOcd6crzfF0pjsGkO5Pq01t.jpg
Glória Feita de Sangue,Paths of Glory,It explodes in the no-man's land no picture ever dared cross before!,Stanley Kubrick,1957,"Drama, War","army, france, based on novel or book, general, germany, world war i, patriotism, cowardice, idealism, idealist, black and white, soldier, anti war, 1910s, fighting the system",https://image.tmdb.org/t/p/w500/l2IY0gOHHmCWM90LjteFssxIV1G.jpg
Despedida em Grande Estilo,Going in Style,You're never too old to get even.,Zach Braff,2017,"Crime, Comedy","retiree, old man, bank robbery, retired, elderly, bank heist",https://image.tmdb.org/t/p/w500/4nfWsdsJfO5srRZgxiWC9xHub0W.jpg
Amor Bandido,Mud,Running from his past. Hiding from the law. Only one way out.,Jeff Nichols,2013,Drama,"friendship, bounty hunter, snake, river, houseboat, motel, arkansas, fugitive, teenage boy, riverboat",https://image.tmdb.org/t/p/w500/cfxdtxSHUr5TuTsvjr0WY4zx4u0.jpg
Coerência,Coherence,Rearrange Your Brain,James Ward Byrkit,2013,"Thriller, Science Fiction","clone, paranoia, comet, alter ego, reunion, friends, power outage, candle, parallel world, alternate reality, dinner party, ketamine, quantum physics, broken cellphone, glowstick",https://image.tmdb.org/t/p/w500/oWlgqzVPWMpA8QGB8eUQYXXYgr0.jpg
Idiocracia,Idiocracy,"In the future, intelligence is extinct.",Mike Judge,2006,"Comedy, Science Fiction, Adventure","future, army, prostitute, usa president, congress, experiment, arena, capitalism, dark comedy, hibernation, stupidity, junk food, social satire, brainwashing, surveillance, masturbation, u.s. congress, mass media, aftercreditsstinger, commercialism, anti-intellectualism",https://image.tmdb.org/t/p/w500/rKsiNxKjhWEwndOgWPs273oy9EZ.jpg
O Mundo dos Pequeninos,借りぐらしのアリエッティ,Do not be seen by humans. That's been the law of children of the underfloor.,Hiromasa Yonebayashi,2010,"Fantasy, Animation, Family","based on novel or book, cat, forest, based on children's book, little people, dollhouse, anime",https://image.tmdb.org/t/p/w500/xLkyM2Vt3yqlttnql02uXt0lemy.jpg
Você Nunca Esteve Realmente Aqui,You Were Never Really Here,Bring the hammer.,Lynne Ramsay,2017,"Crime, Drama, Thriller","hotel, new york city, post-traumatic stress disorder (ptsd), based on novel or book, childhood trauma, flashback, money, murder, teenage girl, drugs, stakeout, alarm, u.s. senator, phone call, burning photograph, mother son relationship, army veteran",https://image.tmdb.org/t/p/w500/nx4lUyQNEzJowcF55VAP0TQEaX0.jpg
O Mundo Imaginário de Dr. Parnassus,The Imaginarium of Doctor Parnassus,The man who tried to cheat the devil.,Terry Gilliam,2009,"Adventure, Fantasy, Mystery","circus, immortality, elderly, aftercreditsstinger, duringcreditsstinger, magic mirror",https://image.tmdb.org/t/p/w500/upndFOTMGp9w1uERIMrRDymmc63.jpg
O Último Desafio,The Last Stand,Not in his town. Not on his watch.,Kim Jee-woon,2013,"Action, Crime, Thriller","small town, sheriff, prisoner, escape, hostage, fbi, border, convoy, machine gun, neo-western",https://image.tmdb.org/t/p/w500/4PGpdWDQOjlsMcMIyTwI5Q9jPRJ.jpg
Dragon Ball Super: Super Hero,ドラゴンボール超 スーパーヒーロー,A super awakening and calamity is born.,Tetsuro Kodama,2022,"Animation, Science Fiction, Action","android, sequel, attack, based on manga, fighting, aftercreditsstinger, duringcreditsstinger, anime",https://image.tmdb.org/t/p/w500/pi0iZOEHeA3ih4p1IwAG4x2DZNH.jpg
Lola,LOL,"You can change your status, but not your heart.",Lisa Azuelos,2012,"Drama, Comedy, Romance","coming of age, teen movie, based on movie, working mom, woman director, mother daughter relationship, teenager",https://image.tmdb.org/t/p/w500/AlnBUoKzzPnczrzzxuh0SYwDa3Z.jpg
Os Descendentes,The Descendants,The South Pacific ain't that terrific.,Alexander Payne,2011,"Comedy, Drama","daughter, infidelity, hawaii, father-in-law, beach house, boating accident, estate, dying mother, teenage daughter, trustee, trust fund, wild girl, wild child, realtor",https://image.tmdb.org/t/p/w500/8cDq5UlOPYeKm39okALCEOsZPxk.jpg
Eu Queria Ter a Sua Vida,The Change-Up,Who says men can't change?,David Dobkin,2011,Comedy,"jealousy, chance, change, wish, man change, co-workers relationship, body-swap",https://image.tmdb.org/t/p/w500/ki98MXBwD1qDhY3JhMdY16jJucv.jpg
Os Irmãos Grimm,The Brothers Grimm,Eliminating Evil Since 1812.,Terry Gilliam,2005,"Adventure, Fantasy, Action, Comedy, Thriller","sibling relationship, germany, literature, brothers grimm, con artist, historical fiction, aftercreditsstinger, 19th century, fake exorcism",https://image.tmdb.org/t/p/w500/v6J7QGCSrtvwvqAt6783BbO3h61.jpg
Mad Max: Além da Cúpula do Trovão,Mad Max Beyond Thunderdome,Two men enter. One man leaves.,"George Miller, George Ogilvie",1985,"Action, Adventure, Science Fiction","australia, arena, dwarf, dictator, dystopia, sandstorm, post-apocalyptic future, villain, camel, tribe, ex-cop, oasis, sequel, wasteland, desert, adventurer, post nuclear, action hero, good versus evil",https://image.tmdb.org/t/p/w500/jJlxcEVVUHnrUeEkQ0077VeHQpb.jpg
O Exorcismo de Emily Rose,The Exorcism of Emily Rose,,Scott Derrickson,2005,"Crime, Drama, Horror, Thriller","court, epilepsy, possession, based on true story, trial, priest, teenage girl, spirit, umbrella, cross, prosecutor, tape recording  , catholicism, negligent homicide, archdiocese, agnostic, malnutrition, burning, psychotic epileptic disorder",https://image.tmdb.org/t/p/w500/qMN0HIP34f736kkQcfvTfmL9TP3.jpg
Café Society,Café Society,Anyone who is anyone will be seen at Café Society.,Woody Allen,2016,"Comedy, Drama, Romance","new year's eve, baby, love triangle, gangster, marriage, letter, love, murder, unrequited love, secretary, hollywood, los angeles, california, older man younger woman relationship, socialite, uncle nephew relationship, neighbor neighbor relationship, 1930s",https://image.tmdb.org/t/p/w500/q9fohCRpQ7m8OTyi82fxa3B86te.jpg
Reino Escondido,Epic,Discover a world beyond your imagination.,Chris Wedge,2013,"Animation, Adventure, Family, Fantasy","daughter, father, forest, nature, miniature people",https://image.tmdb.org/t/p/w500/81cSsWzjTfR3cJSqnTiHwy1eyPK.jpg
Barry Lyndon,Barry Lyndon,At long last Redmond Barry became a gentleman—and that was his tragedy.,Stanley Kubrick,1975,"Drama, Romance, War","epic, based on novel or book, gambling, fencing, palace, british army, debt, duel, ireland, british soldier, 18th century, pistol duel, seven years war, nobility, prussia",https://image.tmdb.org/t/p/w500/dOJtBSyI30wWc08UmyEKLsu4Rfk.jpg
Mommy,Mommy,,Xavier Dolan,2014,Drama,"canada, parent child relationship, karaoke, quebec, dysfunctional family, coming of age, single mother, juvenile delinquent, mental illness, dream sequence, institutionalization, oedipus complex, behavioral disorders, mother son relationship",https://image.tmdb.org/t/p/w500/u5jbTMqze9U2nEhfFJmtDXxc89m.jpg
O Beco do Pesadelo,Nightmare Alley,Man or beast.,Guillermo del Toro,2021,"Thriller, Crime, Drama","infidelity, based on novel or book, love triangle, tarot cards, mentor, hustler, lie, supernatural, carnival, con artist, murder, fugitive, alcoholic, grifter, séance, carny, neo-noir, freak show, 1940s, spiritism, mentalist, violence",https://image.tmdb.org/t/p/w500/680klE0dIreQQOyWKFgNnCAJtws.jpg
Alcatraz: Fuga Impossível,Escape from Alcatraz,No one has ever escaped from Alcatraz… and no one ever will!,Don Siegel,1979,"Drama, Thriller","prison, island, based on novel or book, san francisco, california, alcatraz prison, prison warden, based on true story, prison escape, 1960s, escape plan",https://image.tmdb.org/t/p/w500/uORr2GXQnyqgBOg6tVsRCJD2qxc.jpg
Christopher Robin: Um Reencontro Inesquecível,Christopher Robin,Don't underestimate the value of doing nothing.,Marc Forster,2018,"Adventure, Comedy, Family, Fantasy","forest, family, animal, magic realism, childhood, live action and animation, father daughter relationship, live action remake, adulthood",https://image.tmdb.org/t/p/w500/i6Ytex4d3CdfIKJFxB5v5vh24vb.jpg
Fonte da Vida,The Fountain,Death is the road to awe.,Darren Aronofsky,2006,"Drama, Adventure, Science Fiction, Romance","dying and death, operation, love of one's life, immortality, brain tumor, maya civilization, tree, queen, fountain, surgeon, transience, religion, monkey, multiple storylines, conquest, flagellation",https://image.tmdb.org/t/p/w500/kwh3mq2HNvf4AHAZSNyJsdVx0uJ.jpg
O Bicho Vai Pegar,Open Season,All Fur One. One Fur All.,"Roger Allers, Jill Culton, Anthony Stacchi",2006,"Animation, Family, Adventure, Comedy","hunter, chase, bunny, garage, mountain, grizzly bear, forest, deer, bear, hunt",https://image.tmdb.org/t/p/w500/w5Lctmkc1yah215Luxmci4djaiW.jpg
Comando para Matar,Commando,"Somewhere, somehow, someone's going to pay.",Mark L. Lester,1985,"Action, Adventure, Thriller","daughter, martial arts, fight, kidnapping, mercenary, lone wolf, rescue mission, father, us army, gunfight, los angeles, california, terrorism, action hero",https://image.tmdb.org/t/p/w500/ollPAAAgZ7euU8VisfqU3cuXhZ6.jpg
O Som do Coração,August Rush,An incredible journey moving at the speed of sound.,Kirsten Sheridan,2007,"Family, Drama, Music","new york city, love of one's life, guitar, composer, loss of loved one, love at first sight, orphanage, lie, forbidden love, child prodigy, motherly love, woman director, rhapsody, music movie",https://image.tmdb.org/t/p/w500/oA6ZeICPINiS6YtD5WZeBaGVmuT.jpg
1922,1922,Your darkest secrets never stay buried.,Zak Hilditch,2017,"Horror, Crime, Drama","based on novel or book, parent child relationship, greed, ranch, haunted house, haunting, hallucination, murder, corpse, guilt, vengeful ghost, farmer, stealing money, hidden corpse, rat, guilty conscience, cornfield",https://image.tmdb.org/t/p/w500/q4FQOiSRhTLWulHl5Vpg37FMArH.jpg
O Hospedeiro,괴물,Monsters are real.,Bong Joon Ho,2006,"Horror, Drama, Science Fiction","daughter, pollution, monster, river, bravery, sewerage, formaldehyde, snack bar, archer, family, asian origins, seoul, south korea, han river",https://image.tmdb.org/t/p/w500/dEDLY3KeghKFzks5nTDWdigVikr.jpg
Eu Sei o que Vocês Fizeram no Verão Passado,I Know What You Did Last Summer,"If you're going to bury the truth, make sure it stays buried.",Jim Gillespie,1997,"Horror, Thriller, Mystery","high school, police, blackmail, fisherman, cover-up, friends, revenge, murder, pageant, slasher, killer",https://image.tmdb.org/t/p/w500/7OfTWTQEvPcwPrOdeLH0F3h6GRZ.jpg
O Durão,Get Hard,An education in incarceration.,Etan Cohen,2015,Comedy,"prison, fbi, training, ignorance, securities, stocks and bonds , house arrest, betrayal, cultural difference, gang, los angeles, california, prison sentence, car wash, embezzlement, racial stereotype, job promotion, entrepreneur, wrongful conviction, engagement party, rich man, fiancée, capoeira, wealth differences, south central los angeles, maximum security prison, celebrity cameo, dating boss' daughter, securities fraud",https://image.tmdb.org/t/p/w500/rJPbS2cYOYhDCjT5NmW1Fm6gFl3.jpg
Mortdecai: A Arte da Trapaça,Mortdecai,Sophistication Has a Name.,David Koepp,2015,"Comedy, Adventure","based on novel or book, painting, debt, art dealer, stolen painting",https://image.tmdb.org/t/p/w500/j7eKGD0n1zRVfKMX6M1kpfavby7.jpg
Cidade das Sombras,Dark City,A world where the night never ends.,Alex Proyas,1998,"Mystery, Science Fiction","beach, experiment, chaos, paranoia, dystopia, sleep, manipulation, mad scientist, fugitive, serial killer, memory, cyberpunk, duel, parallel world, alien race, tech noir, neo-noir, retrofuturism",https://image.tmdb.org/t/p/w500/eudlRpBPNQQKezaHxEavNecvc1X.jpg
O Enigma do Horizonte,Event Horizon,Infinite Space - Infinite Terror,Paul W.S. Anderson,1997,"Horror, Science Fiction, Mystery","space marine, nightmare, insanity, delusion, hallucination, space travel, cryogenics, gore, black hole, crew, flashback, evil spirit, alternate dimension, hellgate, religion, explosion, burning man, rescue team, super power, trapped in space, distress signal, 2040s, spaceship, brutal violence",https://image.tmdb.org/t/p/w500/6b5Kux470PpQkgBdRqE9WtUpYfE.jpg
Namoro ou Liberdade,That Awkward Moment,When you realize getting some means wanting more.,Tom Gormican,2014,"Comedy, Romance","friendship, male friendship, dating, relationship, duringcreditsstinger, young adult",https://image.tmdb.org/t/p/w500/6uOm6ryZg4GhYRPQZ2ID2TkTdpY.jpg
Ouija: O Jogo dos Espíritos,Ouija,Keep telling yourself it's just a game.,Stiles White,2014,Horror,"supernatural, spiritualism",https://image.tmdb.org/t/p/w500/gwjHlGjK2xXKpjd65BWyAMwzTWC.jpg
30 Dias de Noite,30 Days of Night,They're Coming!,David Slade,2007,"Horror, Thriller","sunrise, winter, marriage crisis, vampire, based on comic, alaska, creature, based on graphic novel, blizzard, blood lust, polar night, horror",https://image.tmdb.org/t/p/w500/7LwSrvFA0gz1KAlcrGcinoQPene.jpg
Projeto Flórida,The Florida Project,Welcome to a magical kingdom,Sean Baker,2017,Drama,"florida, friendship, parent child relationship, drug addiction, innocence, motel, drug use, summer, single mother, social services, prostitute mother, children's perspectives, child, orlando florida, generation z, lower class, peer relationship, mother daughter relationship, unfit mother, non-professional acting, dancing in the rain",https://image.tmdb.org/t/p/w500/bnSTP1PY2fDyat0eUa4QouuGV7F.jpg
Separados pelo Casamento,The Break-Up,…pick a side.,Peyton Reed,2006,"Romance, Comedy","chicago, illinois, new love, break-up, argument, ex-boyfriend ex-girlfriend relationship, condominium",https://image.tmdb.org/t/p/w500/yN3b4ElUOMA2lNcwAzr9TEBpmy.jpg
A Casa do Lago,The Lake House,How do you hold on to someone you've never met?,Alejandro Agresti,2006,"Drama, Mystery, Romance","chicago, illinois, future, writing, architect, time travel, love letter, time, remake, architecture, mysterious letter, first kiss, passage of time, lake house",https://image.tmdb.org/t/p/w500/tHpc1118dYWLnHZleGhwZxRbpae.jpg
Kung-Fusão,功夫,So many gangsters… so little time.,Stephen Chow,2004,"Action, Comedy, Crime, Fantasy","martial arts, china, magic, gangster, mafia, defense, policeman, wuxia, 1940s, anarchic comedy, pretending to be gay, canton",https://image.tmdb.org/t/p/w500/exbyTbrvRUDKN2mcNEuVor4VFQW.jpg
Compramos Um Zoológico,We Bought a Zoo,A True Zoo Story,Cameron Crowe,2011,"Drama, Comedy, Family","countryside, rain, zoo, love, based on memoir or autobiography, animal, hard work, blocked road",https://image.tmdb.org/t/p/w500/vw4W2QgWuPWJXDA4N0V0MU1R0TI.jpg
Scooby-Doo 2: Monstros à Solta,Scooby-Doo 2: Monsters Unleashed,Doo the fright thing.,Raja Gosnell,2004,"Mystery, Fantasy, Adventure, Comedy","monster, detective, based on cartoon, dog, courage",https://image.tmdb.org/t/p/w500/5BrXCJrs22bR5KR6mLHluYo6y4m.jpg
Tucker e Dale Contra o Mal,Tucker and Dale vs. Evil,Evil just messed with the wrong hillbillies.,Eli Craig,2010,"Comedy, Horror","west virginia, cabin, chainsaw, hillbilly, killer",https://image.tmdb.org/t/p/w500/8shwLEDzajJGSfLgbpac8x8xn1U.jpg
A Hora do Pesadelo,A Nightmare on Elm Street,Never sleep again.,Samuel Bayer,2010,"Horror, Mystery, Thriller","pedophilia, dream, supernatural, remake, revenge, slasher, reboot, franchise",https://image.tmdb.org/t/p/w500/t8YEQvPlvRAt9UamhwRC0zsLkCk.jpg
Inside Llewyn Davis: Balada de um Homem Comum,Inside Llewyn Davis,,"Ethan Coen, Joel Coen",2013,"Drama, Music","depression, new york city, guitar, winter, cat, subway, pregnancy, overdose, dark comedy, folk music, aspiring singer, grief, hitchhiker, cafe, recording, self expression, greenwich village, merchant marine, 1960s, couchsurfing, bleak, struggling musician, death of friend",https://image.tmdb.org/t/p/w500/nNxK3pC3DMpPpWKMvo2p3liREVT.jpg
Locke,Locke,No turning back.,Steven Knight,2014,"Drama, Thriller","infidelity, london, england, husband wife relationship, england, pregnancy, road trip, construction site, one night, driving, one location, project manager, driving at night, car phone",https://image.tmdb.org/t/p/w500/mZTMFDk5VRQuvkJaCFFAXFV65G6.jpg
Rei Arthur,King Arthur,Rule Your Fate.,Antoine Fuqua,2004,"Adventure, War, History, Action","roman empire, king arthur, battle, 5th century, northumbria, hadrian’s wall",https://image.tmdb.org/t/p/w500/5Mqmke8JKE7s8JeYNp7XtzxQXbL.jpg
Os Três Mosqueteiros,The Three Musketeers,Every legend has a new beginning.,Paul W.S. Anderson,2011,"Adventure, Action, Thriller","france, swordplay, sword fight, historical fiction, musketeer, swashbuckler, sailing ship, damsel in distress, king of france, 17th century",https://image.tmdb.org/t/p/w500/woCADkkDIIKrOMEokbFOEsAYtUa.jpg
Maria Antonieta,Marie Antoinette,Rumor. Scandal. Fame. Revolution.,Sofia Coppola,2006,"Drama, History","infidelity, arranged marriage, french revolution, marie antoinette, versailles, period drama, theatre audience, louis xvi, bride and groom, death of king, applause, woman director",https://image.tmdb.org/t/p/w500/cybXGmv8Rjd5Os8Xml6YxMBQ0Zt.jpg
Os Delírios de Consumo de Becky Bloom,Confessions of a Shopaholic,A new job? Hopefully. A new man? Possibly. A new handbag? Absolutely!,P.J. Hogan,2009,"Comedy, Romance","new york city, based on novel or book, department store, shop, shopping mall, romantic comedy, addiction, liar, credit card, financial journalist, debt collector, debt, advice columnist, fashion magazine, duringcreditsstinger",https://image.tmdb.org/t/p/w500/6DH1iP06fcpjD7tppsTwcAyZfDR.jpg
Elementos,Elemental,Opposites react.,Peter Sohn,2023,"Animation, Comedy, Family, Fantasy, Romance","fire, computer animation, duringcreditsstinger, elements, water, city, hopeful",https://image.tmdb.org/t/p/w500/4Y1WNkd88JXmGfhtWR7dmDAo1T2.jpg
Ben-Hur,Ben-Hur,The entertainment experience of a lifetime!,William Wyler,1959,"Action, Drama, History, Adventure","epic, governor, middle east, based on novel or book, roman empire, politics, christianity, jew persecution, jewish life, roman, miracle, jerusalem, israel, prince, chariot race, leprosy, redemption, religious conversion, ancient rome, gay interest, love, friends, remake, revenge, judaism, religion, historical fiction, period drama, dungeon, galley, hatred, sheikh, sea battle, jewish family, galley slave, false inprisonment, childhood sweetheart, salvation, 1st century, jesus christ, judea, subjugated people",https://image.tmdb.org/t/p/w500/m4WQ1dBIrEIHZNCoAjdpxwSKWyH.jpg
Pinóquio por Guillermo del Toro,Guillermo del Toro's Pinocchio,Love will give you life.,"Guillermo del Toro, Mark Gustafson",2022,"Animation, Fantasy, Drama, Music","based on novel or book, italy, fascism, greed, woodcutter, musical, puppet, benito mussolini, stop motion, dark fantasy, duringcreditsstinger, 1940s, wooden dummy, live action remake, pinocchio",https://image.tmdb.org/t/p/w500/vx1u0uwxdlhV2MUzj4VlcMB0N6m.jpg
Peter Pan,Peter Pan,All children grow up except one.,P.J. Hogan,2003,"Adventure, Fantasy, Family","flying, crocodile, liberation, fairy, mermaid, peter pan, pirate gang, pirate, based on children's book, fantasy world, pirate ship, live action remake",https://image.tmdb.org/t/p/w500/cN4Tb2WDhwJMlYLU9vKctunx4rg.jpg
"South Park: Maior, Melhor e Sem Cortes","South Park: Bigger, Longer & Uncut",UH-OH.,Trey Parker,1999,"Animation, Comedy","hell, musical, surrealism, world supremacy, visions of hell, elementary school, atheist, satan, demon, lgbt, adult animation, corruption of a minor, based on tv series, gay sex, saddam hussein",https://image.tmdb.org/t/p/w500/tS0PedvA2mFO9VCHYwQpaU1K36U.jpg
Quase Famosos,Almost Famous,Experience it. Enjoy it. Just don't fall for it.,Cameron Crowe,2000,"Drama, Music","hotel room, concert, rock 'n' roll, stewardess, drug addiction, san diego, california, overdose, groupie, music journalist, heavy metal, based on true story, swimming pool, coming of age, promiscuity, on the road, domineering mother, reconciliation, semi autobiographical, innocence lost, bus trip, aspiring writer, teenager",https://image.tmdb.org/t/p/w500/3rrkyLYbgLj84AYvjhdcJot4JPx.jpg
Beijos e Tiros,Kiss Kiss Bang Bang,Sex. Murder. Mystery. Welcome to the party.,Shane Black,2005,"Comedy, Crime, Mystery, Thriller","detective, loser, thief, crush, whodunit, los angeles, california, series of murders, hoodlum, female corpse, neo-noir, christmas",https://image.tmdb.org/t/p/w500/aWfjIkpENFX6Uw82pET7EQ6jnrd.jpg
Um Limite Entre Nós,Fences,"Some people build fences to keep people out, and other people build fences to keep people in.",Denzel Washington,2016,Drama,"war veteran, baseball, father, based on play or musical, family relationships, racism, pittsburgh, pennsylvania, 1950s, life story, father son relationship",https://image.tmdb.org/t/p/w500/35N1U1qnFLDgWD2gcNgEKHtCBxV.jpg
O Plano Imperfeito,Set It Up,Finding love takes some assistants.,Claire Scanlon,2018,"Romance, Comedy","new york city, sports, date, boss, assistant, romantic comedy, matchmaking, corporate, female protagonist, lgbt, employer employee relationship, workplace comedy, workplace romance",https://image.tmdb.org/t/p/w500/2HiCq8sPNRGjFaFCyKJh0607Hso.jpg
O Último Grande Herói,Last Action Hero,This isn't the movies anymore.,John McTiernan,1993,"Adventure, Fantasy, Action, Comedy, Family","hero, magic, villain, child in peril, film in film, breaking the fourth wall, spoof, magical object, cartoon cat, ticket, self-referential, projectionist, child's point of view, action hero, good versus evil",https://image.tmdb.org/t/p/w500/yTfjHPqh7C7bkfMtEKx2mPdorQw.jpg
Amor à Queima Roupa,True Romance,"Stealing, cheating, killing. Who said romance was dead?",Tony Scott,1993,"Action, Crime, Romance","hotel, parent child relationship, movie business, detective, mexican standoff, pimp, cocaine, ex-cop, love, murder, on the run, mafia, comic book shop, los angeles, california, drugs, detroit, michigan, illegal prostitution, sicilian, gun violence, aspiring actor, neo-noir, graphic violence",https://image.tmdb.org/t/p/w500/39lXk6ud6KiJgGbbWI2PUKS7y2.jpg
Sala Verde,Green Room,One way in. No way out.,Jeremy Saulnier,2016,"Horror, Crime, Thriller","neo-nazism, skinhead, swastika, escape, killing, heroin, self-defense, machete, gore, punk rock, oregon, usa, cover-up, sociopath, survival, murder, tension, dead body, rock music, pitbull, hard to kill, thug, brutality, witness to murder, punk band, fire extinguisher, music tour, white supremacists, killer dog, hardcore punk, feedback, mic stand, stabbed, brutal murder",https://image.tmdb.org/t/p/w500/evZicaR7nXe4LiD9G6QYTorcJGO.jpg
Vidas à Deriva,Adrift,,Baltasar Kormákur,2018,"Thriller, Romance, Adventure","sailboat, marriage proposal, boat, hurricane, sailing, vegetarian, based on true story, tahiti, survival, couple",https://image.tmdb.org/t/p/w500/5gLDeADaETvwQlQow5szlyuhLbj.jpg
Casal Improvável,Long Shot,Unlikely but not impossible.,Jonathan Levine,2019,"Comedy, Romance","journalist, usa president, tattoo, politics, babysitter, drugs, presidential candidate, speech writer, activist",https://image.tmdb.org/t/p/w500/m2ttWZ8rMRwIMT7zA48Jo6mTkDS.jpg
Quatro Casamentos e um Funeral,Four Weddings and a Funeral,Five good reasons to stay single.,Mike Newell,1994,"Comedy, Drama, Romance","friendship, marriage proposal, love of one's life, england, wedding vows, funeral, upper class, love at first sight, yuppie, marriage, lone wolf, snob, witness, bride, bridegroom, bridesmaid, clumsy fellow, fear of commitment, unrequited love, wedding, thirty something, group of friends, best man, rich man, commitment issues",https://image.tmdb.org/t/p/w500/qa72G2VS0bpxms6yo0tI9vsHm2e.jpg
Descompensada,Trainwreck,We All Know One.,Judd Apatow,2015,"Comedy, Romance","alcohol, surgeon, interview, romantic comedy, one-night stand, doctor, falling in love, nursing home, selfishness, intern, multiple sclerosis, serial dating, party girl, sleeping around, sick father, sister sister relationship, recreational drug use, movie theater, pattern, magazine writer, professional basketball player",https://image.tmdb.org/t/p/w500/wrY629UTCUAKLJ4CxQXz6DCE7pr.jpg
A Senha: Swordfish,Swordfish,Log On. Hack In. Go Anywhere. Get Everything.,Dominic Sena,2001,"Action, Crime, Thriller","hacker, hostage, secret agent, terrorism, bank robbery, ex-con, wire, misdirection, aftercreditsstinger",https://image.tmdb.org/t/p/w500/mM6h4jMqC4q5IaFgBIGKQDLnRU.jpg
Festa no Céu,The Book of Life,A blast of fun.,Jorge R. Gutiérrez,2014,"Animation, Adventure, Comedy, Family, Fantasy","mexico, bullfighting, love triangle, afterlife, day of the dead, overcoming fears",https://image.tmdb.org/t/p/w500/aotTZos5KswgCryEzx2rlOjFsm1.jpg
Wallace & Gromit: A Batalha dos Vegetais,Wallace & Gromit: The Curse of the Were-Rabbit,Something bunny is going on...,"Steve Box, Nick Park",2005,"Adventure, Animation, Comedy, Family","northern england, competition, village, garden, parody, vegetable, yorkshire, stop motion, contest, dog, rabbit, pest control, giant vegetable, claymation, plasticine",https://image.tmdb.org/t/p/w500/hKwtMF4LdEl9sozLCr8Ur4l499p.jpg
A Casa que Jack Construiu,The House That Jack Built,,Lars von Trier,2018,"Drama, Horror, Crime, Thriller","van, sadism, psychopath, 1970s, child murder, architect, artist, visions of hell, flashback, misanthrophy, taxidermy, serial killer, obsessive compulsive disorder, photograph, murderer, cruelty, 1980s, animal mutilation, graphic violence, murder framed as art",https://image.tmdb.org/t/p/w500/bMUGNkPaHOurcBK9g3XpJx3fxuO.jpg
Grande Hotel,Four Rooms,"Twelve outrageous guests. Four scandalous requests. And one lone bellhop, in his first day on the job, who's in for the wildest New year's Eve of his life.","Allison Anders, Alexandre Rockwell, Robert Rodriguez, Quentin Tarantino, Chuck Jones",1995,Comedy,"hotel, new year's eve, witch, bet, sperm, hotel room, anthology, los angeles, california, hoodlum, multiple storylines, woman director",https://image.tmdb.org/t/p/w500/75aHn1NOYXh4M7L5shoeQ6NGykP.jpg
"Bom Dia, Vietnã","Good Morning, Vietnam",Time to rock it from the Delta to the DMZ!,Barry Levinson,1987,"Comedy, Drama, War","dying and death, vietnam war, rock 'n' roll, vietcong, right and justice, explosive, war crimes, radio station, radio presenter, cynic, entertainer, gi, u.s. air force, radio, saigon, provocation",https://image.tmdb.org/t/p/w500/rcod81d34X1avhRIKBOQ4BsHtYZ.jpg
Metrópolis,Metropolis,There can be no understanding between the hands and the brain unless the heart acts as mediator.,Fritz Lang,1927,"Drama, Science Fiction","future, metropolis, class society, man vs machine, underground world, tower of babel, based on novel or book, inventor, dystopia, delirium, mad scientist, prophet, steampunk, grim reaper, robot, destruction, silent film, expressionism, seven deadly sins, depravity, mob justice, downtrodden, saviour, social unrest, german expressionism, mediator",https://image.tmdb.org/t/p/w500/pxbGZewX327IbTvrCVRJgcLJTSQ.jpg
As Crônicas de Spiderwick,The Spiderwick Chronicles,Their World Is Closer Than You Think,Mark Waters,2008,"Family, Adventure, Fantasy","sibling relationship, parent child relationship, fairy, family relationships, single mother, alternate reality, hidden truth, goblin, magical creature, based on young adult novel",https://image.tmdb.org/t/p/w500/uN7MUMaCXfa8DbMMp61A8iXEcEG.jpg
O Melhor de Mim,The Best of Me,You never forget your first love.,Michael Hoffman,2014,"Drama, Romance",high school sweetheart,https://image.tmdb.org/t/p/w500/8QBWh2Iwf1iUfsu2NfCue2V1hpV.jpg
Pânico na Floresta,Wrong Turn,It's the last one you'll ever take.,Rob Schmidt,2003,"Horror, Thriller","life and death, loss of loved one, job interview, mountain, forest, west virginia, slasher, hillbilly, cannibal, car wreck, survival horror, voyeur, inbreed, road",https://image.tmdb.org/t/p/w500/12G5V0dTmljnv7RFMT144dJ2chh.jpg
Histórias Assustadoras para Contar no Escuro,Scary Stories to Tell in the Dark,Stories taken from true urban legends,André Øvredal,2019,"Horror, Thriller","small town, based on novel or book, halloween, haunted house, scarecrow, family secrets, urban legend, racism, high school friends, aspiring writer, draft dodger, 1960s, folk horror",https://image.tmdb.org/t/p/w500/kNjEmQGBm9cYqTB03r6yECozQyW.jpg
Eu Me Importo,I Care a Lot,,J Blakeson,2021,"Comedy, Crime, Thriller, Drama","psychopath, dark comedy, sociopath, guardian, ceo, social services, scam artist, female psychopath, late stage capitalism, social criticism, scammer, socialized psychopath",https://image.tmdb.org/t/p/w500/gKnhEsjNefpKnUdAkn7INzIFLSu.jpg
Shazam! Fúria dos Deuses,Shazam! Fury of the Gods,Oh. My. Gods.,David F. Sandberg,2023,"Comedy, Action, Fantasy","superhero, end of the world, super power, aftercreditsstinger, duringcreditsstinger, dc extended universe (dceu), teenager",https://image.tmdb.org/t/p/w500/A3ZbZsmsvNGdprRi2lKgGEeVLEH.jpg
"Eu, Você e a Garota Que Vai Morrer",Me and Earl and the Dying Girl,A Little Friendship Never Killed Anyone.,Alfonso Gomez-Rejon,2015,"Drama, Comedy","high school, tattoo, based on novel or book, parody, leukemia, coming of age, friends, cancer, teenage boy, high school student, pittsburgh, pennsylvania, based on young adult novel, teenager",https://image.tmdb.org/t/p/w500/eLjS2bLMjln2n2I73Xu6TaANPDZ.jpg
Duelo de Titãs,Remember the Titans,History is written by the winners.,Boaz Yakin,2000,Drama,"high school, friendship, sports, ku klux klan, politics, american football, 1970s, trainer, race politics, civil rights, apartheid, racial segregation, based on true story, racist, high school sports, coaction, racial tension, xenophobia, virginia, head coach",https://image.tmdb.org/t/p/w500/825ohvC4wZ3gCuncCaqkWeQnK8h.jpg
À Beira do Abismo,Man on a Ledge,You can only push an innocent man so far,Asger Leth,2012,"Action, Thriller, Crime","new york city, deception, rooftop, diamond heist, framed for a crime, escaped prisoner, negotiator",https://image.tmdb.org/t/p/w500/fn75crX6sRcKRc7lhuqKTenppQE.jpg
Loucademia de Polícia,Police Academy,What an institution!,Hugh Wilson,1984,"Comedy, Crime","trainer, recruit, shenanigan, police academy",https://image.tmdb.org/t/p/w500/m5a1U549gokC1kxsqgQoRb6XpFg.jpg
O Massacre da Serra Elétrica,The Texas Chainsaw Massacre,Based on a true story...,Marcus Nispel,2003,Horror,"suicide, sheriff, psychopath, trauma, telephone, gore, stalker, friends, remake, murder, hitchhiker, slaughterhouse, chainsaw, torture, cannibal, killer, family, graphic violence, human skin mask",https://image.tmdb.org/t/p/w500/qJ9Cw1J4EmhBApoue4qlhqVrCZ7.jpg
Anna: O Perigo Tem Nome,Anna,Never make the weapon the target,Luc Besson,2019,"Thriller, Action","cia, paris, france, cold war, kgb, female assassin, lgbt, modeling, professional assassin, 1990s, milan, italy",https://image.tmdb.org/t/p/w500/2U0oAVAE0lDRhNmJPPYhDW9kQ8t.jpg
Mártires,Martyrs,They haven't finished being alive.,Pascal Laugier,2008,"Horror, Drama, Thriller","child abuse, suffering, nihilism, degradation, ecstasy, woman martyr, cult, hysteria, helplessness, revenge, torture chamber, mercilessness, torture, cruelty, home invasion, transcendence, decadence, martyr, angst, captivity, abuse, mistreatment, dehumanization, emaciation, new french extremism, incarceration, chloroform, mysticism, abused woman, depravation, blood on body, murderess, lesbian, devastating, mental abuse",https://image.tmdb.org/t/p/w500/2PmVlnPVG8tGXqC85YiHzL0jX40.jpg
O Dia do Atentado,Patriots Day,The inside story of the world's greatest manhunt.,Peter Berg,2016,"Action, Crime, Drama, History, Thriller","boston, massachusetts, massachusetts, police chief, terrorism, manhunt, boston marathon",https://image.tmdb.org/t/p/w500/mIDxsJTrOC7NhgOo3GziiHyKfsQ.jpg
O Casamento do Meu Melhor Amigo,My Best Friend's Wedding,It's about finding the love of your life. And deciding what to do about it.,P.J. Hogan,1997,"Comedy, Romance","chicago, illinois, secret love, new love, love of one's life, wedding reception, restaurant critic, man woman relationship, wedding, relationship sabotage, rehearsal dinner",https://image.tmdb.org/t/p/w500/b5g4bp8gS5ovMyR5439AII6zQ3n.jpg
Para Todos os Garotos: P.S. Ainda Amo Você,To All the Boys: P.S. I Still Love You,Follow your heart like never before,Michael Fimognari,2020,"Romance, Comedy","based on novel or book, love triangle, love letter, sequel",https://image.tmdb.org/t/p/w500/maib5VlmEqp5xlN8lptnBSftp2o.jpg
Ataque dos Cães,The Power of the Dog,,Jane Campion,2021,"Drama, Western","husband wife relationship, based on novel or book, sadism, sexuality, widow, montana, eroticism, banjo, cigarette, ranch, marriage, bullying, death of father, sexual tension, period drama, masturbation, alcoholic, humiliation, gender roles, cowboy, homoeroticism, lgbt, misogynist, mentor protégé relationship, woman director, medical student, drunkenness, masculinity, animal cruelty, 1920s, hula hoop, mother son relationship, brother brother relationship, toxic masculinity, repressed sexuality, gay theme, brothers, homosexual subtext, homosexuality, 20th century",https://image.tmdb.org/t/p/w500/kEy48iCzGnp0ao1cZbNeWR6yIhC.jpg
Um Maluco no Golfe,Happy Gilmore,He doesn't play golf... he destroys it.,Dennis Dugan,1996,Comedy,"sports, loss of loved one, golf, taxes",https://image.tmdb.org/t/p/w500/4RnCeRzvI1xk5tuNWjpDKzSnJDk.jpg
Projeto Almanaque,Project Almanac,Today is better the second time around,Dean Israelite,2015,"Science Fiction, Thriller, Drama","time travel, time machine, found footage",https://image.tmdb.org/t/p/w500/r59tzuqi6AoxRKdPHzg3ZBke7aA.jpg
Água para Elefantes,Water for Elephants,Life is the most spectacular show on earth.,Francis Lawrence,2011,"Drama, Romance","based on novel or book, elephant, clown, great depression, elephant trainer, veterinary",https://image.tmdb.org/t/p/w500/yJ8kiGDA2FDdiy8hhlM1su10OCH.jpg
Alfa,Alpha,Leaders are born from survival,Albert Hughes,2018,"Adventure, Drama","wolf, ice age, human animal relationship, wilderness, survival, prehistory, snow, saber-toothed tiger, boy and dog, injury, pets, bison, upper palaeolithic, boar",https://image.tmdb.org/t/p/w500/afdZAIcAQscziqVtsEoh2PwsYTW.jpg
O Espião Que Sabia Demais,Tinker Tailor Soldier Spy,How do you find an enemy who is hidden right before your eyes?,Tomas Alfredson,2011,"Drama, Thriller, Mystery","london, england, budapest, hungary, espionage, spy, cold war, 1970s, secret agent, mi6, mole, british spy, british intelligence",https://image.tmdb.org/t/p/w500/bsL9UZPCmQKgl88wXwMulKuw9Jh.jpg
Meu Nome é Jeeg Robot,Lo chiamavano Jeeg Robot,A superhero like no other,Gabriele Mainetti,2016,"Crime, Drama, Action, Science Fiction","rome, italy, anti hero, camorra, criminal underworld, superhero spoof, terrorist plot, terrorist bombing, masked superhero, township superhero, small time crook, eaten by animal, burned face, mentally handicapped, radioactive waste",https://image.tmdb.org/t/p/w500/zvJPbyWflWHbHMHSdue1n4N69tC.jpg
Máquina Mortífera 4,Lethal Weapon 4,The faces you love. The action you expect.,Richard Donner,1998,"Action, Adventure, Comedy, Crime, Thriller","showdown, police, sequel, mixed martial arts, los angeles, california, house fire, wisecrack humor, buddy cop, lapd, maverick cop, revolver, action hero",https://image.tmdb.org/t/p/w500/w8qaZ1OuBuI2NhySynW0n4kHWgT.jpg
O Estrangeiro,The Foreigner,Never push a good man too far,Martin Campbell,2017,"Action, Thriller","london, england, based on novel or book, bomb, revenge, terrorism, ira (irish republican army), ireland, death, united kingdom",https://image.tmdb.org/t/p/w500/rwM4hzrmc5HiWfQD9ls9DL4QgGl.jpg
Festim Diabólico,Rope,The guest who's dead on time.,Alfred Hitchcock,1948,"Thriller, Crime, Drama","philosophy, banquet, footlocker, rope, strangle, based on play or musical, gay interest, murder, technicolor, dinner party, academia, one location, gay theme, homosexual subtext, gay killer, nietzsche, restricted setting, the perfect murder, the perfect crime, playing god",https://image.tmdb.org/t/p/w500/gr2HoDd05E5F0b8KDXf0hGbYvUr.jpg
Legião,Legion,"When the last angel falls, the fight for mankind begins.",Scott Stewart,2010,"Horror, Action, Fantasy","angel, diner, religion, apocalypse, demon, desert",https://image.tmdb.org/t/p/w500/ykocDqwg5PRUopnBVb1x1DWnEJF.jpg
Fora de Série,Booksmart,Getting straight A's. Giving zero F's.,Olivia Wilde,2019,Comedy,"high school, coming of age, house party, buddy, high school student, lgbt, woman director, generation z, teenager",https://image.tmdb.org/t/p/w500/micaVOa1UZsdzs4fKGA67ZMGOzc.jpg
Um Homem Entre Gigantes,Concussion,Even Legends Need a Hero,Peter Landesman,2015,"Drama, History","american football, concussion, biography, doctor, professional sports, brain damage, sports injury, nfl (national football league), medical drama, human brain",https://image.tmdb.org/t/p/w500/gseayWAIFt3GQrEUNuUcYxT77Ud.jpg
Plano de Vôo,Flightplan,If someone took everything you live for... how far would you go to get it back?,Robert Schwentke,2005,"Thriller, Drama, Mystery","berlin, germany, airplane, loss of loved one, baby-snatching, flight, missing child, flight attendant, missing daughter",https://image.tmdb.org/t/p/w500/oNjZFzbe7PfF3TxztNHDkinOPyB.jpg
Imortais,Immortals,The Gods need a hero.,Tarsem Singh,2011,"Fantasy, Action, Drama","army, poison, mythology, zeus, sword fight, minotaur, poseidon, spear, bow and arrow, labyrinth, ancient greece, greek god, muscular men, fantasy",https://image.tmdb.org/t/p/w500/swJ3VuuSMJUDoi899VuXG5OqmPG.jpg
O Chamado 3,Rings,First you watch it. Then you die.,F. Javier Gutiérrez,2017,Horror,"investigation, supernatural, hallucination, sequel, curse, vhs, death, maggot, seven days, video tape",https://image.tmdb.org/t/p/w500/yp4CDOVpVmNwiPoZKQeFCpW8CFo.jpg
O Convite,The Invitation,There is nothing to be afraid of.,Karyn Kusama,2015,"Thriller, Horror","suicide, husband wife relationship, paranoia, lantern, suspicion, cult, deception, conspiracy, psychological thriller, stabbing, woman director, reunited friends, dinner party, lunatic, death cult",https://image.tmdb.org/t/p/w500/4gxZW8AHg9kIOh5BgaSrq5gO1KB.jpg
Chicago,Chicago,"If you can't be famous, be infamous.",Rob Marshall,2002,"Comedy, Crime, Drama","chicago, illinois, musical, based on play or musical, jail, lawyer, prison matron, jazz age, 1920s",https://image.tmdb.org/t/p/w500/v1Sg3GuHDz9uhrKqYozOeCMLSpj.jpg
Halloween Kills: O Terror Continua,Halloween Kills,Evil dies tonight.,David Gordon Green,2021,"Horror, Thriller","halloween, sequel, murder, vigilante, serial killer, hospital, slasher, murderer, killer, house fire, crime spree, vigilantism, escaped killer, murder spree, vigilante justice, holiday horror",https://image.tmdb.org/t/p/w500/4CclCDyQXBBgz62Qtp3CoflQE5g.jpg
Colombiana: Em Busca de Vingança,Colombiana,Revenge is beautiful.,Olivier Megaton,2011,"Action, Thriller, Crime, Drama","street gang, uncle, female assassin, witness to murder",https://image.tmdb.org/t/p/w500/rEdGDgRB3gducezNSIyx2lbKQy4.jpg
Mogli: Entre Dois Mundos,Mowgli: Legend of the Jungle,The greatest journey is finding where you belong,Andy Serkis,2018,"Adventure, Drama","based on novel or book, hunter, wolf, tiger, coming of age, anthropomorphism, jungle, bear, python, live action remake",https://image.tmdb.org/t/p/w500/clRnzMsFoMIdC7I5JsG6dnnHH8l.jpg
Desejo de Matar,Death Wish,How Far Would You Go To Protect Your Family?,Eli Roth,2018,"Action, Crime, Drama, Thriller","robbery, based on novel or book, police, gun, kidnapping, detective, remake, vigilante, shootout, dark hero, criminal, death of wife, father daughter relationship, vigilante justice",https://image.tmdb.org/t/p/w500/g0eEEZAqMf98ULQnoiORuazjOpn.jpg
Gabriel's Inferno: Part 1,Gabriel's Inferno,,Tosca Musk,2020,"Romance, Drama",,https://image.tmdb.org/t/p/w500/oyG9TL7FcRP4EZ9Vid6uKzwdndz.jpg
O Sol é para Todos,To Kill a Mockingbird,A father must expose his children to a small town's outraged passions… and can only protect them with his love.,Robert Mulligan,1962,Drama,"right and justice, sibling relationship, based on novel or book, court case, court, isolation, becoming an adult, falsely accused, black people, arbitrary law, alabama, socially deprived family, defence, tree house, farm worker, intolerance, exclusion, racism, child, 1930s, courtroom drama, based on young adult novel",https://image.tmdb.org/t/p/w500/gZycFUMLx2110dzK3nBNai7gfpM.jpg
Sexta-Feira 13,Friday the 13th,Welcome to Crystal Lake,Marcus Nispel,2009,Horror,"cabin in the woods, axe murder, camp counselor",https://image.tmdb.org/t/p/w500/88wlJ4teYlck4hJ2bnlxBrAVh0m.jpg
Munique,Munich,The world was watching in 1972 as 11 Israeli athletes were murdered at the Munich Olympics. This is the story of what happened next.,Steven Spielberg,2005,"Drama, Action, History, Thriller","hotel room, israel, mossad, assassination, paris, france, hostage, olympic games, 1970s, intelligence, munich, germany, ailul al aswad, plo terrorist group, bomb constructor, baader-meinhof group, olympian village, revenge, terrorism, terrorist group, graphic violence",https://image.tmdb.org/t/p/w500/iUekaw96QLInZpsNwRTlRKrZgwm.jpg
Vingança a Sangue-Frio,Cold Pursuit,Meet Nels Coxman. Citizen of the Year.,Hans Petter Moland,2019,"Action, Crime, Thriller","drug dealer, dark comedy, colorado, revenge, gun battle, snow",https://image.tmdb.org/t/p/w500/hXgmWPd1SuujRZ4QnKLzrj79PAw.jpg
Anticristo,Antichrist,"When nature turns evil, true terror awaits.",Lars von Trier,2009,"Drama, Horror, Thriller","depression, suffering, therapist, symbolism, marriage, masochism, controversy, woods, god, cabin, psychological thriller, torture, fear, cruelty, nature, masturbation, guilt, occult, grieving, motherhood",https://image.tmdb.org/t/p/w500/7dZolgPm00vOd7RxWOMf94pA67J.jpg
O Sétimo Filho,Seventh Son,"When darkness falls, the son will rise. When the son falls, the dark knight will rise.",Sergei Bodrov,2014,"Adventure, Fantasy","based on novel or book, magic, chosen one, witch hunt, dark fantasy, evil witch, sword and sorcery, based on young adult novel",https://image.tmdb.org/t/p/w500/7Q8DfXSjcFSSQDOxz1Sk865wNqI.jpg
A Morte Lhe Cai Bem,Death Becomes Her,In one small bottle... The fountain of youth. The secret of eternal life. The power of an ancient potion. Sometimes it works... sometimes it doesn't.,Robert Zemeckis,1992,"Comedy, Fantasy, Horror","jealousy, immortality, beauty, rivalry, potion, drinking",https://image.tmdb.org/t/p/w500/vSPkbcDvXT5LKdc2rzZjxqWAPLm.jpg
Sorria,Smile,"Once you see it, it’s too late.",Parker Finn,2022,"Horror, Mystery, Thriller","suicide, post-traumatic stress disorder (ptsd), therapist, detective, paranoia, trauma, curse, hospital, doctor, mental illness, evil, psychotic, self-harm, demonic, based on short film",https://image.tmdb.org/t/p/w500/aPqcQwu4VGEewPhagWNncDbJ9Xp.jpg
Hairspray: Em Busca da Fama,Hairspray,"When you follow your own beat, the world will follow you.",Adam Shankman,2007,"Comedy, Romance, Drama","dance, dream, baltimore, usa, race politics, musical, based on play or musical, equality, school party, integration, overweight woman, remake, teen movie, agoraphobia, based on movie, suspicion of adultery, man in drag, 1960s, dance show, fat shaming",https://image.tmdb.org/t/p/w500/g1yQLFeAo7ZNdCPY1F7yytnn2UP.jpg
Em Busca do Vale Encantado,The Land Before Time,A new adventure is born.,Don Bluth,1988,"Family, Animation, Adventure","vulkan, loss of loved one, tyrannosaurus rex, earthquake, primitive time, dinosaur",https://image.tmdb.org/t/p/w500/vP2cDLZyj8mlu97m1N3q9nxNrRS.jpg
Um Herói de Brinquedo,Jingle All the Way,"Two dads, one toy, no prisoners.",Brian Levant,1996,"Family, Comedy, Adventure","husband wife relationship, holiday, minnesota, christmas party, santa claus, shopping mall, puppet, christmas, father son relationship",https://image.tmdb.org/t/p/w500/lHLOUt0ZIQLC5asHdIQBoTUvaEp.jpg
Menina Má.Com,Hard Candy,Strangers shouldn't talk to little girls.,David Slade,2005,"Drama, Thriller","pedophilia, suicide, rape, age difference, photographer, sadism, insanity, shower, menace, lie, manipulation, castration, deception, sociopath, vigilante, neighbor, teenage girl, torture, sadist, pedophile, cruelty, older man younger woman relationship, justice, held captive, mental illness, threat, sexual torture, childhood sexual abuse, photo studio, verbal abuse, bold",https://image.tmdb.org/t/p/w500/uHTmlcivbPeclEdmtuQg3zOQWPS.jpg
Highlander - O Guerreiro Imortal,Highlander,There can be only one.,Russell Mulcahy,1986,"Adventure, Action, Fantasy","new york city, martial arts, swordplay, immortality, scotland, sword, sword fight, fictional war, dark fantasy, warrior, sword and sorcery, supernatural power, good versus evil",https://image.tmdb.org/t/p/w500/8Z8dptJEypuLoOQro1WugD855YE.jpg
Tudo por um Furo,Anchorman 2: The Legend Continues,Bigger. Better. Burgundy-er.,Adam McKay,2013,Comedy,"journalism, language, mustache, gang warfare, aftercreditsstinger, news spoof, news, tv news anchor, cable news",https://image.tmdb.org/t/p/w500/55volAzeebtFzyrx7DJkegvw8Ta.jpg
Pai em Dose Dupla 2,Daddy's Home 2,More Daddies. More Problems.,Sean Anders,2017,Comedy,"holiday, sequel, christmas",https://image.tmdb.org/t/p/w500/rF2IoKL0IFmumEXQFUuB8LajTYP.jpg
Horas de Desespero,No Escape,No rescue. No refuge.,John Erick Dowdle,2015,Thriller,"hotel, rebellion, race against time, revolution, coup d'etat, engineer, survival, execution, american, family, american abroad, u.s. embassy",https://image.tmdb.org/t/p/w500/6WLnzTG4Hz3lFvfZGSsyB8NFGgM.jpg
I Am Mother,I Am Mother,She’ll keep you safe.,Grant Sputore,2019,"Science Fiction, Thriller","artificial intelligence (a.i.), bunker, post-apocalyptic future, robot, human extinction",https://image.tmdb.org/t/p/w500/b3jWxwWRFqvNDJTvBcmKJVHnzKK.jpg
Os Caça-Noivas,Mike and Dave Need Wedding Dates,They needed hot dates. They got hot messes.,Jake Szymanski,2016,Comedy,"hawaii, wedding, wedding date",https://image.tmdb.org/t/p/w500/rK0UwpiE3PSdGahfDZLCummxMwd.jpg
Estrada Perdida,Lost Highway,A lost road on the edge of strange…,David Lynch,1997,"Drama, Thriller, Mystery","prison, pornography, jealousy, dream, dual identity, nightmare, police, sexual frustration, gangster, insanity, paranoia, prison cell, eroticism, bedroom, violent husband, headache, motel, transformation, death row, jazz singer or musician, highway, car mechanic, hallucination, suspicion, identity crisis, surrealism, car crash, murder, los angeles, california, videotape, graphic violence",https://image.tmdb.org/t/p/w500/5POhfNeFPIi4VUNwCTaK85sh98r.jpg
Mundos Opostos,Upside Down,Two worlds. One future.,Juan Solanas,2012,"Romance, Science Fiction, Drama, Fantasy","amnesia, upper class, exploitation, forbidden love, planet, class differences, alternate reality, gravity, cosmetics, slum dweller",https://image.tmdb.org/t/p/w500/9hKKjXqrTW73Ob4wPJooNuhVpBg.jpg
Ava,Ava,Kill. Or be killed.,Tate Taylor,2020,"Action, Thriller, Crime","assassin, secret organization, murder, female assassin, professional assassin, secret, thriller",https://image.tmdb.org/t/p/w500/qzA87Wf4jo1h8JMk9GilyIYvwsA.jpg
Disque M para Matar,Dial M for Murder,If a woman answers... hang on for dear life!,Alfred Hitchcock,1954,"Thriller, Crime","adultery, london, england, jealousy, blackmail, detective, tennis player, marriage, letter, love, murder, theft, husband, murder plot, crime fiction writer, keys, restricted setting, the perfect murder, the perfect crime",https://image.tmdb.org/t/p/w500/2gDCAgl2iBQNuJuk6p2xtuS1ewg.jpg
Golpe de Mestre,The Sting,...all it takes is a little confidence.,George Roy Hill,1973,"Comedy, Crime, Drama","bet, chicago, illinois, repayment, horse race, con man, mafia boss, heist, caper, ragtime, off track betting, sting operation, alley, 1930s",https://image.tmdb.org/t/p/w500/4VdQopZb0lx13Me3yxE5rUXMGCI.jpg
Amores Brutos,Amores perros,Love. Betrayal. Death.,Alejandro G. Iñárritu,2000,"Drama, Thriller","daughter, secret love, homeless person, mexico city, mexico, money, dog fighting, dog, nonlinear timeline, multiple storylines, new mexican cinema",https://image.tmdb.org/t/p/w500/vV4vlD4ool5JSsS1rB82qjCF6z8.jpg
Incêndios,Incendies,The search began at the opening of their mother's will.,Denis Villeneuve,2010,"Drama, War, Mystery","prison, rape, middle east, muslim, militia, orphanage, son, interpreter, swimming pool, massacre, checkpoint, political assassination, twins, will",https://image.tmdb.org/t/p/w500/dGrSn4SsuC2EMfF7qqq491ukcU.jpg
Amor à Flor da Pele,花樣年華,"Feel the heat, keep the feeling burning, let the sensation explode.",Wong Kar-Wai,2000,"Drama, Romance","adultery, newspaper, secret love, martial arts, lovesickness, husband wife relationship, shanghai, china, marriage crisis, married couple, singapore, deceived husband, forbidden love, neighbor, author, hong kong, extramarital affair, 1960s",https://image.tmdb.org/t/p/w500/iYypPT4bhqXfq1b6EnmxvRt6b2Y.jpg
ParaNorman,ParaNorman,It's all fun and games until someone raises the dead.,"Chris Butler, Sam Fell",2012,"Family, Animation, Adventure, Comedy","medium, jock, stop motion, curse, ghost, communicating with the dead, aftercreditsstinger, witch trial, child witch, empathy, strange, giac quan",https://image.tmdb.org/t/p/w500/9DZPtuYTKYxt6vzHvZ5FLThG4fl.jpg
Dungeons & Dragons: Honra Entre Rebeldes,Dungeons & Dragons: Honor Among Thieves,No experience necessary.,"John Francis Daley, Jonathan Goldstein",2023,"Adventure, Fantasy, Comedy","platonic love, gang of thieves, dragon, role playing game, heist gone wrong, duringcreditsstinger, father daughter relationship, spell & sorcery, wizardry",https://image.tmdb.org/t/p/w500/gkiHVcE4ae3BSl1x0K3qaJzpybz.jpg
As Trapaceiras,The Hustle,They're giving dirty rotten men a run for their money,Chris Addison,2019,"Comedy, Crime, Action","bet, competition, con artist, remake, aftercreditsstinger, con woman",https://image.tmdb.org/t/p/w500/qZniBGQRESLIfxw6GeZLZ2G1osa.jpg
Lendas da Paixão,Legends of the Fall,After the Fall from Innocence the Legend begins.,Edward Zwick,1994,"Adventure, Drama, Romance, War, Western","sibling relationship, based on novel or book, world war i, journey around the world, montana, 1900s",https://image.tmdb.org/t/p/w500/t1KPGlW0UGd0m515LPQmk2F4nu1.jpg
Crepúsculo dos Deuses,Sunset Boulevard,A Hollywood Story.,Billy Wilder,1950,Drama,"new year's eve, jealousy, loss of sense of reality, screenwriter, butler, delusion, diva, film noir, hollywood, los angeles, california, black and white, madness, aging actor, has been, silent film star, grandiose  behavior, kept man, movie studio",https://image.tmdb.org/t/p/w500/sC4Dpmn87oz9AuxZ15Lmip0Ftgr.jpg
Freddy vs. Jason,Freddy vs. Jason,Evil will battle evil.,Ronny Yu,2003,Horror,"new jersey, sadism, psychopath, woods, murder, marijuana, slaughter, serial killer, slasher, series of murders, bad dream, supernatural horror",https://image.tmdb.org/t/p/w500/ffoBCQ7y63Tvo48HsJqr1XOiqiV.jpg
O Espaço Entre Nós,The Space Between Us,What's your favorite thing about Earth?,Peter Chelsom,2017,"Romance, Adventure, Science Fiction, Drama","future, planet mars, space colony, fish out of water, scientist, teenage love, search for father",https://image.tmdb.org/t/p/w500/lRBl9mfvUbZeaAyXoP09XwPOo0W.jpg
O Culpado,The Guilty,Listen carefully.,Antoine Fuqua,2021,"Drama, Thriller","remake, psychological thriller, police officer, police station, cellular phone trace, phone call, emergency, one location, abduction, bitter cop, wildfire, desk work, alarm dispatch",https://image.tmdb.org/t/p/w500/m8aR1k35oZMOzZ1kYWUyt401mwq.jpg
Vício Inerente,Inherent Vice,"Under the paving stones, the beach!",Paul Thomas Anderson,2014,"Drama, Mystery, Comedy","california, based on novel or book, boat, detective, 1970s, ex-girlfriend, surreal, hippie lifestyle, pot smoking, private investigator, disappearance, lawyer, los angeles, california, drugs, loan shark, neo-noir, 1960s, heroin cartel",https://image.tmdb.org/t/p/w500/hyan5Uc0lGpPuad94DM1pLxneiP.jpg
After: Depois do Desencontro,After We Fell,,Castille Landon,2021,"Romance, Drama","based on novel or book, family history, love, teenage crush, woman director, family tension",https://image.tmdb.org/t/p/w500/dU4HfnTEJDf9KvxGS9hgO7BVeju.jpg
O Homem Sem Sombra,Hollow Man,Think you’re alone? Think again.,Paul Verhoeven,2000,"Action, Science Fiction, Thriller","experiment, killing, villain, slasher, scientist, survival horror, invisible person, voyeurism, invisibility",https://image.tmdb.org/t/p/w500/nAasMJGaytKKsMGbrXJr0g8OufK.jpg
Os Mortos Não Morrem,The Dead Don't Die,The Greatest Zombie Cast Ever Disassembled.,Jim Jarmusch,2019,"Comedy, Horror, Fantasy","hermit, small town, pennsylvania, usa, cemetery, breaking the fourth wall, b movie, zombie, police officer, horror comedy",https://image.tmdb.org/t/p/w500/ndvOjo7Nfk8ULnFLMXthPzhI62L.jpg
S.W.A.T.: Comando Especial,S.W.A.T.,You're either S.W.A.T. or you're not.,Clark Johnson,2003,"Action, Thriller, Crime","liberation, transport of prisoners, special unit, los angeles, california",https://image.tmdb.org/t/p/w500/bon63yPVIgUFLP2653Dg9GCOJLJ.jpg
Triângulo do Medo,Triangle,Fear comes in waves,Christopher Smith,2009,Horror,"florida, ship, ocean, key, yacht, autism, ghost ship, murder, purgatory, time loop, female protagonist, storm, single mother, axe murder, caribbean sea, sisyphus, abusive mother, ax",https://image.tmdb.org/t/p/w500/qdqAewwUsKO1x2p9rAkAOBlXeiF.jpg
Jobs,Jobs,"Some see what's possible, others change what's possible.",Joshua Michael Stern,2013,"Drama, History","computer, biography, based on true story, entrepreneur, maniacal genius",https://image.tmdb.org/t/p/w500/mOyZ0UAWaOJartFq2G3Cv0soFtQ.jpg
O Segredo dos Seus Olhos,El secreto de sus ojos,,Juan José Campanella,2009,"Crime, Mystery, Thriller, Romance, Drama","rape, police, kidnapping, homicide, writing, investigation, partner, murder, tension, argentina, justice, legal drama, secret",https://image.tmdb.org/t/p/w500/dkeAwfZzwL3WvToydE3CXiY80E0.jpg
Bater ou Correr,Shanghai Noon,The old west meets the far east.,Tom Dey,2000,"Adventure, Action, Comedy, Western","princess, rescue, martial arts, native american, sioux, travel, chinese, cowboy, duringcreditsstinger, 19th century, action hero, good versus evil",https://image.tmdb.org/t/p/w500/b0WwWRcDiDahkah5vZ0KjB4N9ZZ.jpg
Você é o Próximo,You're Next,Did You Remember To Lock Your Door?,Adam Wingard,2013,"Horror, Thriller, Mystery","greed, missouri, family dinner, brother against brother, massacre, home invasion, dead family, crossbow, independent film, face-off, lonely road, grounded people",https://image.tmdb.org/t/p/w500/fuVVOSyXW4kFiK6M5zLsDMIjTa1.jpg
Livre,Wild,,Jean-Marc Vallée,2014,Drama,"hiking, wilderness, biography, based on true story, memory, based on memoir or autobiography, divorcee, 1990s",https://image.tmdb.org/t/p/w500/ohhWI4Xwf4m4HjbQiIkyAhLekUy.jpg
Bernardo e Bianca,The Rescuers,Two tiny agents vs. the world's wickedest woman in a dazzling animated adventure!,"John Lounsbery, Wolfgang Reitherman, Art Stevens",1977,"Fantasy, Family, Animation, Adventure","rescue, kidnapping, mouse, rescue mission, baby-snatching, bottle, energy, mole, cartoon mouse, tide",https://image.tmdb.org/t/p/w500/49rGpB2x6AFB83SC4IBl9foRIGp.jpg
Dinossauro,Dinosaur,You have never seen anything like this.,"Eric Leighton, Ralph Zondag",2000,"Family, Animation","cataclysm, asteroid, leader, comet, migration, prehistory, prehistoric creature, dinosaur, birth, death, nesting grounds, cavern, lemur, mesozoic",https://image.tmdb.org/t/p/w500/rSje3FS7ycJSglowlngjsvDt7vO.jpg
Gremlins 2: A Nova Geração,Gremlins 2: The New Batch,Here they grow again.,Joe Dante,1990,"Comedy, Horror, Fantasy","dying and death, new york city, monster, mutation, cleverness, skyscraper, mutant, human animal relationship, current, electric shock, restaurant, gremlin, research station, puppetry, cowardliness, creature, pets, electricity",https://image.tmdb.org/t/p/w500/jN7yvxnIHRozhq2mzWZDE5GPRc0.jpg
Bronson,Bronson,The Man. The Myth. The Celebrity.,Nicolas Winding Refn,2008,"Drama, Action, Crime","prison, isolation, biography, based on true story, solitary confinement, cynical",https://image.tmdb.org/t/p/w500/o5JaAtcvjRJz3utEaptk0L77FjM.jpg
Eurotrip: Passaporte para a Confusão,EuroTrip,No actual Europeans were harmed in the making of this film.,"Jeff Schaffer, Alec Berg, David Mandel",2004,Comedy,"berlin, germany, paris, france, alcohol, pen pals, travel, marijuana, nudism, duringcreditsstinger",https://image.tmdb.org/t/p/w500/9t1e0Mova7eyV3OpRC6nT4y6hHH.jpg
A Morte do Demônio: A Ascensão,Evil Dead Rise,Mommy loves you to death.,Lee Cronin,2023,"Thriller, Horror","sibling relationship, pregnancy, earthquake, gore, sequel, los angeles, california, demon, evil, necronomicon, reboot, demonic possession, motherhood, sisterhood, sister sister relationship, body horror, apartment, disgusted",https://image.tmdb.org/t/p/w500/5ik4ATKmNtmJU6AYD0bLm56BCVM.jpg
Segurança de Shopping,Paul Blart: Mall Cop,Safety Never Takes A Holiday.,Steve Carr,2009,"Action, Adventure, Comedy, Family","security guard, duringcreditsstinger",https://image.tmdb.org/t/p/w500/A4zZv0Q1VKURFZFEl2vwjaE2q0g.jpg
Dogma,Dogma,It can be Hell getting into Heaven,Kevin Smith,1999,"Fantasy, Comedy, Adventure","angel, wisconsin, dark comedy, satire, church service, religion, church, aftercreditsstinger, duringcreditsstinger",https://image.tmdb.org/t/p/w500/xI5beD8Td79E2uZNAxgd1gWWOEd.jpg
Tom & Jerry: O Filme,Tom & Jerry,Best of enemies. Worst of friends.,Tim Story,2021,"Comedy, Family, Animation","aftercreditsstinger, live action and animation",https://image.tmdb.org/t/p/w500/8XZI9QZ7Pm3fVkigWJPbrXCMzjq.jpg
"Com Amor, Van Gogh",Loving Vincent,"The truth is, we cannot speak other than by our paintings.","DK Welchman, Hugh Welchman",2017,"Animation, Drama, Mystery, History","artist, investigation, letter, painter, bullying, adult animation, struggling artist, 19th century, mysterious death, controversial artist, vincent van gogh",https://image.tmdb.org/t/p/w500/56sq57kDm7XgyXBYrgJLumo0Jac.jpg
Volta ao Mundo em 80 Dias: Uma Aposta Muito Louca,Around the World in 80 Days,Let your imagination soar.,Frank Coraci,2004,"Action, Adventure, Comedy","new york city, london, england, paris, france, san francisco, california, journey around the world, jules verne, hot air balloon, steampunk",https://image.tmdb.org/t/p/w500/bBiMw6Jtg8tSTcEq8jFV7qk9TRW.jpg
Ouija: Origem do Mal,Ouija: Origin of Evil,"When you talk to the other side, you never know who will be listening.",Mike Flanagan,2016,Horror,"supernatural, possession, prequel, spirit, aftercreditsstinger, 1960s",https://image.tmdb.org/t/p/w500/cAZk4y7JZswALX6nTf5KXNjPMUE.jpg
Te Amarei Para Sempre,The Time Traveler's Wife,,Robert Schwentke,2009,"Drama, Romance, Fantasy","future, husband wife relationship, based on novel or book, time travel, time, love, travel, tragic love, relationship, disorder, genetic disorder",https://image.tmdb.org/t/p/w500/J3ewuzQwhFro0pDpdcbZ4j7MYy.jpg
Suspíria: A Dança do Medo,Suspiria,Give your soul to the dance.,Luca Guadagnino,2018,"Drama, Horror, Mystery, Fantasy","berlin, germany, dance performance, telepathy, 1970s, paranormal phenomena, telekinesis, remake, ballet, demon, choreographer, witchcraft, occult, living dead, ritual sacrifice, choreography, ballet school, spiritualism, dance company, psychotherapist, mysterious events, good versus evil",https://image.tmdb.org/t/p/w500/dzWTnkert9EoiPWldWJ15dnfAFl.jpg
O Caso Richard Jewell,Richard Jewell,The world will know his name and the truth.,Clint Eastwood,2019,"Drama, Crime","biography, standard police procedure, cautionary tale",https://image.tmdb.org/t/p/w500/5Lgkm8jt4roAFPZQ52fKMhVmDaZ.jpg
Fugindo do Inferno,The Great Escape,Put a fence in front of these men... and they'll climb it!,John Sturges,1963,"Adventure, Drama, History, Thriller, War","epic, uniform, swastika, prisoner, based on novel or book, nazi, escape, optimism, freedom, machinegun, switzerland, shower, dystopia, baseball, famous score, world war ii, prisoner of war, claustrophobia, attempt to escape, barbed wire, based on true story, prison guard, prison escape, tragedy, solitary confinement, motorcycle, alps mountains, british officer, 1940s, luftwaffe",https://image.tmdb.org/t/p/w500/gBH4H8UMFxl139HaLz6lRuvsel8.jpg
A Riviera Não é Aqui,Bienvenue chez les Ch'tis,,Dany Boon,2008,"Comedy, Drama, Romance","jealousy, clock tower, provence, southern france, lie, postman, mama's boy, bias, local speciality, relocation, prejudice, cultural difference, job transfer, northern france, bell tower, postal worker, hospitality, community spirit, dialect, small community, wine drinking, unhappy marriage, social prejudices, accents, disability fraud",https://image.tmdb.org/t/p/w500/cnUkc60SkI1PCY1SyfLFpZc0T7C.jpg
Borat: Fita de Cinema Seguinte,Borat Subsequent Moviefilm,Delivery of prodigious bribe to American regime for make benefit once glorious nation of Kazakhstan.,Jason Woliner,2020,Comedy,"presidential election, patriotism, mockery, kazakhstan, satire, hidden camera, sequel, mockumentary, prank, social satire, disguise, covid-19",https://image.tmdb.org/t/p/w500/3L1Ml5RWjFVfVq3rQENvgFymT0U.jpg
O Poderoso Chefinho 2: De Volta aos Negócios,The Boss Baby: Family Business,Playtime is over.,Tom McGrath,2021,"Animation, Comedy, Adventure, Family","baby, boss, sequel, sibling, family",https://image.tmdb.org/t/p/w500/kv2Qk9MKFFQo4WQPaYta599HkJP.jpg
O Assassinato de Jesse James pelo Covarde Robert Ford,The Assassination of Jesse James by the Coward Robert Ford,Beyond the myth lies America's greatest betrayal,Andrew Dominik,2007,"Action, Drama, Western","media, killing, missouri, admiration, hold-up robbery, jesse james, cowardliness, family, coward, revisionist western",https://image.tmdb.org/t/p/w500/2d1S6fJS80fvseg6mJE8eq5o7Kx.jpg
"Comer, Rezar, Amar",Eat Pray Love,Let Yourself GO,Ryan Murphy,2010,"Drama, Romance","change, italy, indonesia, love, travel, female protagonist, india, divorce, around the world, bali, italian cuisine",https://image.tmdb.org/t/p/w500/9Hgiv1UEIjc8VwtOmFBCFzMs0er.jpg
Anaconda,Anaconda,"When you can't breathe, you can't scream.",Luis Llosa,1997,"Adventure, Horror, Thriller","human vs nature, snake, predator, movie business, expedition, amazon rainforest, jungle, creature, hunting, anaconda, killer snake, riverboat, amazon river, animal horror, killer expedition, rainforest river, river ravine",https://image.tmdb.org/t/p/w500/33NysOnLpLZY0ewHTcfpalzAsRG.jpg
Tempo de Despertar,Awakenings,There is no such thing as a simple miracle.,Penny Marshall,1990,Drama,"coma, experiment, based on novel or book, hope, miracle, based on true story, hospital, illness, woman director, comatose",https://image.tmdb.org/t/p/w500/9gztZXuHLG6AJ0fgqGd7Q43cWRI.jpg
Johnny English 3.0,Johnny English Strikes Again,His licence renewed. His intelligence restricted.,David Kerr,2018,"Action, Adventure, Comedy","spy, parody, sequel, slapstick comedy",https://image.tmdb.org/t/p/w500/tCBxnZwLiY1BOKw3tH6AxHZdqPh.jpg
O Balconista,Clerks,Just because they serve you doesn't mean they like you.,Kevin Smith,1994,Comedy,"salesclerk, work, loser, male friendship, monologue, junk food, black and white, aftercreditsstinger, day in a life, workplace comedy",https://image.tmdb.org/t/p/w500/zeFhNF0SXlYIvWXpaOLuXVQ3jB4.jpg
Um Tira no Jardim de Infância,Kindergarten Cop,"Go ahead, you tell him you didn't do your homework.",Ivan Reitman,1990,Comedy,"drug dealer, dying and death, police, crime fighter, kiss, kindergarten, education, teacher",https://image.tmdb.org/t/p/w500/nKnHWwkXyvhzCYWm3FyRAv3qBrl.jpg
J. Edgar,J. Edgar,The most powerful man in the world.,Clint Eastwood,2011,"Drama, Crime, History","fbi, biography, historical figure",https://image.tmdb.org/t/p/w500/hWHFPhGvCvfHbZCxJSR3n6GsXIf.jpg
Tudo Pelo Poder,The Ides of March,Ambition seduces. Power corrupts.,George Clooney,2011,Drama,"politics, ohio, dirty tricks, presidential campaign, endorsement, campaign speech, presidential debate",https://image.tmdb.org/t/p/w500/w8t4UnJnC24S9ygoaFgmMzRbErd.jpg
O Som do Silêncio,Sound of Metal,Music was his world. Then silence revealed a new one.,Darius Marder,2020,"Drama, Music","deaf, missouri, drums, heavy metal, addiction, sign languages, hearing impaired",https://image.tmdb.org/t/p/w500/3178oOJKKPDeQ2legWQvMPpllv.jpg
Tá Dando Onda,Surf's Up,A Major Ocean Picture,"Ash Brannon, Chris Buck",2007,"Animation, Comedy, Family","sea, surfer, surfboard, wave, world cup, giant wave, penguin, world champion, mockumentary, anthropomorphism, animal, mystical world, anthropomorphic animal",https://image.tmdb.org/t/p/w500/tTDsCVlDA8QR4Dc6t6nERfwl5z.jpg
Apenas Deus Perdoa,Only God Forgives,Time to Meet The Devil,Nicolas Winding Refn,2013,"Drama, Thriller, Crime","bangkok, thailand, surrealism, punishment, suicidal, police officer, blunt, neon light, neo-noir, drug trafficker, thai boxing, emasculation, vengeance",https://image.tmdb.org/t/p/w500/84HR8v3vtz91vTouBX3H5eEWJvP.jpg
A Ressaca,Hot Tub Time Machine,Kick some serious past!,Steve Pink,2010,"Science Fiction, Comedy, Adventure","poison, time travel, one-night stand, singer, peter pan syndrome, forty something, snow skiing, ski resort, 1980s, butterfly effect, 80s throwback, change the past",https://image.tmdb.org/t/p/w500/wjzbVXAes1acbh6k4OO5xVfy5.jpg
Atividade Paranormal 2,Paranormal Activity 2,In 2009 you demanded it. Nothing can prepare you for what's next.,Tod Williams,2010,"Horror, Mystery","haunting, ouija board, demonic possession, found footage, duringcreditsstinger, antagonistic",https://image.tmdb.org/t/p/w500/gfdrkBZAyUUXJJ2iLQe03SAYRD3.jpg
A Família Bélier,La Famille Bélier,,Éric Lartigau,2014,"Comedy, Music, Drama","deaf, coming of age, teenage girl, singing, family, sign languages",https://image.tmdb.org/t/p/w500/kAQeZUZ1pMTSjSF3d6eBZClFGgN.jpg
Eu Vi o Diabo,악마를 보았다,Abandon all compassion.,Kim Jee-woon,2010,"Thriller, Horror","psychopath, cemetery, police chief, secret agent, revenge, murder, serial killer, mercilessness, severed head, brutality, cannibal, tracking device, south korea, sadistic killer",https://image.tmdb.org/t/p/w500/zp5NrmYp80axIGiEiYPmm1CW6uH.jpg
Homem Irracional,Irrational Man,,Woody Allen,2015,"Drama, Comedy, Crime","college, rhode island",https://image.tmdb.org/t/p/w500/ipAqhEWRzEuD6aXlAWIvEEF1KUe.jpg
Caça às Bruxas,Season of the Witch,Not all souls can be saved.,Dominic Sena,2011,"Adventure, Fantasy, Action","witch, hero, ambush, fight, ritual, inquisition, monk, horse, knife, knight, middle ages (476-1453), catholic church, 14th century",https://image.tmdb.org/t/p/w500/6jyHkHpNwy8qjxhc5vJsmqVCl3J.jpg
Midway: Batalha em Alto-mar,Midway,One battle turned the tide of war,Roland Emmerich,2019,"Action, Drama, War, History, Adventure","world war ii, u.s. navy, battle of midway, pacific war, historical fiction, pacific theater, naval warfare, 1940s",https://image.tmdb.org/t/p/w500/hj8pyoNnynGeJTAbl7jcLZO8Uhx.jpg
Os Flintstones: O Filme,The Flintstones,Yabba-Dabba-Doo!,Brian Levant,1994,"Fantasy, Comedy, Family","friendship, plan, jealousy, manager, adoption, bad mother-in-law, family's daily life, stone age, best friend, dinosaur, cavemen",https://image.tmdb.org/t/p/w500/ocsb0qiGlcn6UlcDRHa3xxSCc8Y.jpg
Três é Demais,Rushmore,Love. Expulsion. Revolution.,Wes Anderson,1998,"Comedy, Drama","lone wolf, private school, theater play, theatre group, theater director, coming of age, precocious child, teenager",https://image.tmdb.org/t/p/w500/hSJ6swahAuZ8wM96lHDTwQPXUvZ.jpg
Tempo de Matar,A Time to Kill,Experience a time you'll never forget.,Joel Schumacher,1996,"Crime, Drama, Thriller","rape, court, jurors, ku klux klan, mississippi river, forgiveness, blackmail, attempted murder, trial, murder, lawyer, courtroom, racial tension, racial issues, courtroom drama, legal thriller",https://image.tmdb.org/t/p/w500/apUSR9WE7lMATBGYhzZ8RnPDYsK.jpg
Hellraiser - Renascido do Inferno,Hellraiser,He'll tear your soul apart.,Clive Barker,1987,"Horror, Thriller","based on novel or book, ritual, supernatural, seduction, gore, surrealism, undead, stepmother, revenge, human sacrifice, demon, puzzle box, attic, occult, cenobite",https://image.tmdb.org/t/p/w500/nnYHvA2tSVdtr8KxIy8F6YndCOy.jpg
"Conan, o Bárbaro",Conan the Barbarian,Thief. Warrior. Gladiator. King.,John Milius,1982,"Adventure, Fantasy, Action","epic, based on novel or book, gladiator, fight, magic, repayment, mythology, despot, black magic, warlord, stone age, thief, barbarian, wizard, warrior, serpent, action hero, sword and sorcery, mysticism, good versus evil",https://image.tmdb.org/t/p/w500/qw2A587Ee61IwcSOLNFRhuOACZZ.jpg
Doentes de Amor,The Big Sick,An awkward true story.,Michael Showalter,2017,"Comedy, Drama, Romance","chicago, illinois, new york city, immigrant, muslim, roommate, sadness, sarcasm, comedian, based on true story, one-man show, pakistan, family relationships, film in film, matchmaking, cultural difference, hospital, falling in love, family, illness, group of friends, intercultural relationship, college student, uber, traditional family, comedy club, stand-up comedian, grad school",https://image.tmdb.org/t/p/w500/qquEFkFbQX1i8Bal260EgGCnZ0f.jpg
A Ilha da Fantasia,Fantasy Island,Never coming home,Jeff Wadlow,2020,"Horror, Fantasy, Adventure, Mystery","cave, private investigator, remote island, reality vs fantasy, interracial adoption, fame-seeking, brother brother relationship, female bully, based on tv series, independent film, hidden desires, gay brother",https://image.tmdb.org/t/p/w500/8ZMrZGGW65ePWIgRn1260nA1uUm.jpg
O Homem nas Trevas 2,Don't Breathe 2,Bad things happen to bad people.,Rodo Sayagues,2021,"Thriller, Horror","home, invasion, sin, sequel, gunfight, blind, home invasion, criminal, handgun, blind man, hammer",https://image.tmdb.org/t/p/w500/r7HEBkkRN93d3eFBZgPJfRaob5p.jpg
Adaptação,Adaptation.,"From the creator of Being John Malkovich, comes the story about the creator of Being John Malkovich.",Spike Jonze,2002,"Comedy, Crime, Drama","based on novel or book, marriage crisis, alligator, writer's block, orchid, writer, twins",https://image.tmdb.org/t/p/w500/ffEmHQAiD0m5dEQ6rlsuA9vlllW.jpg
Babilônia,Babylon,Always make a scene.,Damien Chazelle,2022,"Drama, Comedy","elephant, gambling, gambling debt, movie business, orgy, cocaine, champagne, alcoholism, hollywood, alcoholic, filmmaking, movie star, silent film star, 1920s, old hollywood, fading star, sex",https://image.tmdb.org/t/p/w500/wjOHjWCUE0YzDiEzKv8AfqHj3ir.jpg
Without Remorse,Tom Clancy's Without Remorse,From the author of Rainbow Six.,Stefano Sollima,2021,"Adventure, Action, Thriller, War",duringcreditsstinger,https://image.tmdb.org/t/p/w500/6GCOpT8QcNzup09TAMmvvk22LTR.jpg
Querido Menino,Beautiful Boy,"A true story of addiction, survival and family.",Felix van Groeningen,2018,Drama,"based on novel or book, san francisco, california, drug addiction, biography, based on true story, drug rehabilitation, based on memoir or autobiography, father son relationship",https://image.tmdb.org/t/p/w500/u2Gfv0mz3xePsgyCPHovrnFL1sB.jpg
Fuja,Run,You can't escape a mother's love.,Aneesh Chaganty,2020,"Thriller, Horror, Drama","small town, wheelchair user   , homeschooling, single mother, washington state, prescription medication, physical disability, cloistered life, college applications",https://image.tmdb.org/t/p/w500/ilHG4EayOVoYeKqslspY3pR4wzC.jpg
Love,Love,,Gaspar Noé,2015,"Drama, Romance","paris, france, gallery, sexuality, pregnancy, girlfriend, love, relationship, break-up",https://image.tmdb.org/t/p/w500/21UExtLnYmeH6sAxD4zdlrb5PG6.jpg
Fratura,Fractured,Finding his family means facing the truth.,Brad Anderson,2019,Thriller,"gas station, hospital, doctor, police officer, alcoholic, accident",https://image.tmdb.org/t/p/w500/paZNRffT3kUckuRFKbeDBuX1YcZ.jpg
X - A Marca da Morte,X,Dying to show you a good time.,Ti West,2022,Horror,"van, sheriff, war veteran, gas station, shotgun, 1970s, texas, alligator, porn star, serial killer, slasher, porn actress, elderly couple, isolated farmhouse, existentialism, absurd, demeaning, derogatory, ridiculous",https://image.tmdb.org/t/p/w500/woTQx9Q4b8aO13jR9dsj8C9JESy.jpg
O Código,Safe,She has the code. He is the key.,Boaz Yakin,2012,"Action, Crime, Thriller","new york city, triad, corrupt politician",https://image.tmdb.org/t/p/w500/kOCpkoMUVae9UIf85gO71SyjLbW.jpg
Elektra,Elektra,Looks can kill,Rob Bowman,2005,"Action, Fantasy, Science Fiction","martial arts, superhero, based on comic, vigilante, female assassin, spin off, women fight, one woman army, supernatural power, vigilante justice",https://image.tmdb.org/t/p/w500/9Azi1GBNj3gPPwmQWAMcATg7JOl.jpg
O Pequeno Stuart Little 2,Stuart Little 2,A Little goes a long way.,Rob Minkoff,2002,"Family, Adventure, Animation, Comedy","friendship, mouse, falcon, family",https://image.tmdb.org/t/p/w500/iloXmNMrOtZoKfbTkHoBLXtpYNz.jpg
A Maldição da Chorona,The Curse of La Llorona,She Wants Your Children.,Michael Chaves,2019,"Horror, Mystery, Thriller","lanetli gözyasları, la llorona",https://image.tmdb.org/t/p/w500/jhZlXSnFUpNiLAek9EkPrtLEWQI.jpg
Do Fundo do Mar,Deep Blue Sea,Bigger. Smarter. Faster. Meaner.,Renny Harlin,1999,"Action, Horror, Science Fiction","shark attack, creature, scientist, shark, killer shark, genetic engineering, animal horror, underwater facility",https://image.tmdb.org/t/p/w500/fyn0zyCI4kIlbDoHH0Hzv09hDC5.jpg
Três Vezes Amor,"Definitely, Maybe",Three relationships. Three disasters. One last chance.,Adam Brooks,2008,"Comedy, Romance","daughter, lovesickness, love of one's life, parent child relationship, narration, kiss, lovers, make a match, sex education, affection, romance, relationship, divorce, past relationship",https://image.tmdb.org/t/p/w500/2b70ZgWRhEibCHppQkb9tTxahGr.jpg
Táxi - Velocidade nas Ruas,Taxi,,Gérard Pirès,1998,"Comedy, Action, Crime, Adventure","taxi, taxi driver, marseille, france, pizza boy, pizza delivery, police officer, bank robbery",https://image.tmdb.org/t/p/w500/egBxj3ude84theXc3cLbBHrWOkQ.jpg
A Voz do Coração,Les Choristes,,Christophe Barratier,2004,Drama,"penalty, boarding school, choir, diary, musical, boys' choir, dormitory, principal, boys' boarding school, 1940s, music movie",https://image.tmdb.org/t/p/w500/zsWq5fa4Db7im4a3QnkoOns6782.jpg
A Crônica Francesa,The French Dispatch,,Wes Anderson,2021,"Drama, Comedy","art collector, journalist, small town, france, poison, 1970s, journalism, editor-in-chief, artist, imprisonment, painter, riot, anthology, magazine, food poisoning, murderer, chef, lecture, post world war ii, child kidnapping, obituary, bicycle tour, poisoning, father son relationship",https://image.tmdb.org/t/p/w500/6JXR3KJH5roiBCjWFt09xfgxHZc.jpg
Peter Pan: De Volta à Terra do Nunca,Return to Never Land,The Classic Continues,"Robin Budd, Donovan Cook",2002,"Adventure, Fantasy, Animation, Family","flying, peter pan, sequel",https://image.tmdb.org/t/p/w500/wB3r2b8sxUZspqNyr8copMlt7se.jpg
Mr. Bean: O Filme,Bean,One man. One masterpiece. One very big mistake.,Mel Smith,1997,"Comedy, Family, Adventure","california, london, england, airport, paris, france, chaos, repair, vault, museum, painting, arts and culture, destroy, artwork, guard, clumsy fellow, arts expert, host family, damage, poster, hospital, los angeles, california, amusement park, teenage rebellion, laxative",https://image.tmdb.org/t/p/w500/IwrDPrB4d2DMcpnGkvan46yINL.jpg
O Acordo,Snitch,How Far Would You Go To Save Your Son?,Ric Roman Waugh,2013,"Thriller, Drama, Action","prison, undercover, parent child relationship, arrest, based on true story, drugs, agent, dea",https://image.tmdb.org/t/p/w500/unjVtbWDWIQvVUeiPUTzyykQiVF.jpg
As Viagens de Gulliver,Gulliver's Travels,Something big is going down.,Rob Letterman,2010,"Family, Comedy, Adventure, Fantasy","princess, journalist, forbidden love, royal court",https://image.tmdb.org/t/p/w500/gUjwaVuEpRYL2DQJYtWsy9IQXrd.jpg
Uma Noite de Crime: A Fronteira,The Forever Purge,The rules are broken.,Everardo Gout,2021,"Horror, Action, Thriller","texas, sequel, prequel, murder, desert, purge, family surviving alone, guns and weapons",https://image.tmdb.org/t/p/w500/lB068qa6bQ0QKYKyC2xnYGvYjl7.jpg
Hardcore: Missão Extrema,Hardcore Henry,First they made him dangerous. Then they made him mad.,Ilya Naishuller,2015,"Action, Adventure, Science Fiction","martial arts, cyborg, gore, murder, levitation, terrorist group, moscow, russia, first person view, good versus evil, experimental film",https://image.tmdb.org/t/p/w500/ik1uZyiMSxF9HqrgRKUNfMCfr3z.jpg
As Loucuras de Dick e Jane,Fun with Dick and Jane,Giving big businesses a run for their money!,Dean Parisot,2005,Comedy,"husband wife relationship, based on novel or book, robber, hold-up robbery, suburbia, remake, loss of job, humiliation, unemployment, bankruptcy, travel agent, riches to rags, bearer bonds, comeuppance",https://image.tmdb.org/t/p/w500/1NBVGBi8Z6MhJBAJ5SuRMqP7o3T.jpg
"Adeus, Lenin!","Good Bye, Lenin!",,Wolfgang Becker,2003,"Comedy, Drama","husband wife relationship, coma, bureaucracy, police state, berlin wall, loss of loved one, german democratic republic, socialism, single",https://image.tmdb.org/t/p/w500/2QlsdRwkug30lw6DAWG8pxmMuFQ.jpg
"Se Enlouquecer, Não se Apaixone",It's Kind of a Funny Story,Sometimes what's in your head isn't as crazy as you think.,"Anna Boden, Ryan Fleck",2010,"Comedy, Drama","depression, suicide, based on novel or book, coming of age, teen movie, psychiatric ward, woman director, based on young adult novel",https://image.tmdb.org/t/p/w500/hQE4q8Szeaae4davgB7o8MTLmwr.jpg
Perseguidor Implacável,Dirty Harry,Detective Harry Callahan. He doesn't break murder cases. He smashes them.,"Don Siegel, Clint Eastwood",1971,"Action, Crime, Thriller","sniper, police, ambush, chase, ransom, san francisco, california, kidnapping, psychopath, detective, mayor, investigation, assault, swimming pool, beating, serial killer, gunfight, maniac, school bus, revolver, neo-noir",https://image.tmdb.org/t/p/w500/4PFF5FImrRQjeAuOP8NsCqUCEe5.jpg
Arremessando Alto,Hustle,Are you obsessed with this game?,Jeremiah Zagar,2022,"Drama, Comedy","spain, sports, training, basketball, teenage pregnancy, basketball player, opportunity, dramedy, interracial family",https://image.tmdb.org/t/p/w500/xWic7kPq13oRxYjbGLApXCnc7pz.jpg
Quando nos Conhecemos,When We First Met,All he needs is a second chance... to be her first choice.,Ari Sandel,2018,"Comedy, Romance, Fantasy","time travel, halloween party, unrequited love, time loop, do over",https://image.tmdb.org/t/p/w500/u5VJ1XmPRUWNz9l0mP2rHmkUuvQ.jpg
Gamer,Gamer,"In the near future, you don't live to play... you'll play to live.","Mark Neveldine, Brian Taylor",2009,"Action, Thriller, Science Fiction","mind control, prisoner, video game, dystopia, gun battle, wrongful imprisonment, wrongful conviction, online gaming, 2030s, death game, not too distant future",https://image.tmdb.org/t/p/w500/rfQtqLHeisaQ4HlYtNremtUl9oP.jpg
Dogville,Dogville,A quiet little town not far from here.,Lars von Trier,2003,"Crime, Drama, Thriller","friendship, bondage, rape, police, village life, refugee, blackmail, mountain, american dream, bank robber, last judgment, mountain village, exploitation, rocky mountains, woman martyr, physical work, wanted poster, forced labour, slavery, recession, hoodlum",https://image.tmdb.org/t/p/w500/lraVawavIXh5geMlVjpzCw9TGwR.jpg
Jackie,Jackie,I want them to see what they have done to Jack.,Pablo Larraín,2016,Drama,"assassination, usa president, widow, john f. kennedy, biography, dallas texas, president, grief, first lady, kennedy family, john f. kennedy assassination, death of husband, usa history, 1960s, jacqueline kennedy",https://image.tmdb.org/t/p/w500/nF9N33PfhizMEzbfxHoxXBo2vx9.jpg
As Aventuras de Peabody e Sherman,Mr. Peabody & Sherman,He's Leaving His Mark On History,Rob Minkoff,2014,"Animation, Adventure, Family","friendship, egypt, parent child relationship, intelligence, adoption, time travel, child prodigy, anthropomorphism, talking dog, growing up, dog, first love, ancient egypt, duringcreditsstinger, new school, gags, trouble, time paradox, prodigy",https://image.tmdb.org/t/p/w500/c6kZC5pvwNIRSxiLL2JFGGc46He.jpg
Um Porto Seguro,Safe Haven,You know it when you find it,Lasse Hallström,2013,"Romance, Thriller","small town, based on novel or book, widower, single father, abusive husband",https://image.tmdb.org/t/p/w500/2CbJ3HTb6SFbMeguYH52UQSHOwY.jpg
Os Estranhos,The Strangers,Lock the door. Pretend you're safe.,Bryan Bertino,2008,"Horror, Mystery, Thriller","mask, murder, slasher, psychological thriller, home invasion",https://image.tmdb.org/t/p/w500/9zsA2xafNMA8BQmpQLdppLIGYAE.jpg
"Pagando Bem, que Mal Tem?",Zack and Miri Make a Porno,What would you do to get out of debt?,Kevin Smith,2008,Comedy,"pornography, love of one's life, platonic love, pornographic video, best friend, sex comedy, friends in love, duringcreditsstinger, porno",https://image.tmdb.org/t/p/w500/40qxr2p2s297Q1mWFJOsRatQPK0.jpg
Eraserhead,Eraserhead,Where your nightmares end...,David Lynch,1977,Horror,"baby, nightmare, mutant, claustrophobia, parents-in-law, pencil, surrealism, torture, parallel world",https://image.tmdb.org/t/p/w500/mxveW3mGVc0DzLdOmtkZsgd7c3B.jpg
Retrato de uma Jovem em Chamas,Portrait de la jeune fille en feu,Don't regret. Remember.,Céline Sciamma,2019,"Drama, Romance","island, fire, beach, arranged marriage, orpheus, classical music, painting, painter, greek mythology, lesbian relationship, person on fire, period drama, lesbian sex, portrait, lgbt, 18th century, woman director, abortion, portrait drawing, posing for a portrait, women gathering, women in film, walk, painting lesson, symphony orchestra, lesbian, woman falls in love, vivaldi, women",https://image.tmdb.org/t/p/w500/2LquGwEhbg3soxSCs9VNyh5VJd9.jpg
Depois Daquela Montanha,The Mountain Between Us,What if your life depended on a stranger?,Hany Abu-Assad,2017,"Drama, Adventure, Romance","based on novel or book, photographer, mountain, pilot, wilderness, survival, wildlife, snow, airplane crash, doctor, dog, struggle for survival, argument, freezing, stranger, injury, holiday season, american wilderness, hopelessness, valley, scenic, desolate wilderness, delayed flight, obstacles",https://image.tmdb.org/t/p/w500/3XNfYTW4XGscI81nXMSWGsQ8cpu.jpg
A Casa do Medo: Incidente em Ghostland,Ghostland,You really thought you’ve been scared?,Pascal Laugier,2018,"Horror, Mystery, Thriller","insanity, hallucination, torture, reality vs fantasy",https://image.tmdb.org/t/p/w500/rMOEWekwTpsqsdsz1k8HobBNFPq.jpg
Santos Justiceiros,The Boondock Saints,Thy Kingdom Come. Thy Will Be Done.,Troy Duffy,1999,"Action, Thriller, Crime","bratva (russian mafia), boston, massachusetts, detective, irish-american, prologue, shootout, police station, pager, mob boss, duringcreditsstinger, vigilantism, brother brother relationship, public execution",https://image.tmdb.org/t/p/w500/gj3V39yiGPH1FAylXxzzVneflxA.jpg
Qual Seu Número?,What's Your Number?,Ally's looking for the best ex of her life.,Mark Mylod,2011,"Comedy, Romance","based on novel or book, romantic comedy, basketball, womanizer, magazine, skinny dipping, apartment building, stage performance, dating woes, fired, past relationship, survey, dating history, sister's wedding, finding mr. right, appreciative, comforting",https://image.tmdb.org/t/p/w500/e2PcyjS9oBaMR7rV2DUJ1yY1gKX.jpg
O Juiz,Judge Dredd,"In the future, one man is the law.",Danny Cannon,1995,Science Fiction,"corruption, judge, dystopia, superhero, post-apocalyptic future, villain, trial, based on comic, cyberpunk, police officer, revenge motive, justice, based on graphic novel, frame up, law enforcement, framed for murder, gene, prosthetic limb, dna testing, futuristic city, action hero, good versus evil",https://image.tmdb.org/t/p/w500/cfSnKn8NDU3m8UxihjVcYprA0Aq.jpg
Um Ato de Coragem,John Q,Give a father no options and you leave him no choice.,Nick Cassavetes,2002,"Drama, Thriller, Crime","chicago, illinois, parent child relationship, heart attack, kidnapping, heart disease, hostage-taking, hospital",https://image.tmdb.org/t/p/w500/xEE91LvXiqgs7Hmdl44LCzHtFf6.jpg
Flubber: Uma Invenção Desmiolada,Flubber,Catch it if you can!,Les Mayfield,1997,"Comedy, Family, Science Fiction","wedding vows, inventor, slime, flight, mad scientist, wedding",https://image.tmdb.org/t/p/w500/bnKvk04icAyCO1KjqhsaEXBO9aJ.jpg
O Pentelho,The Cable Guy,There's no such thing as free cable.,Ben Stiller,1996,"Comedy, Drama, Thriller","prison, prostitute, karaoke, obsession, dark comedy, medieval, cable guy, frenemies",https://image.tmdb.org/t/p/w500/yyVUQJboripIpoabFU3SkghvnLu.jpg
Resident Evil: Bem-vindo a Raccoon City,Resident Evil: Welcome to Raccoon City,Witness the beginning of evil.,Johannes Roberts,2021,"Horror, Science Fiction, Action","biological weapon, orphanage, mutant, infection, zombie, mansion, police station, based on video game, reboot, ghost town, duringcreditsstinger, lockdown, 1990s, secret experiment",https://image.tmdb.org/t/p/w500/bArhvjRHl535XMaSh9VjInF2mSZ.jpg
Mulan 2: A Lenda Continua,Mulan II,She's primped. She's engaged. She's back.,"Darrell Rooney, Lynne Southerland",2004,"Animation, Comedy, Family, Action","escape, arranged marriage, musical",https://image.tmdb.org/t/p/w500/8cUIHYXpDFYX6r5ZviQuRKCVLJ2.jpg
Perfect Blue,PERFECT BLUE,The color of illusion is Perfect Blue.,Satoshi Kon,1998,"Animation, Thriller","career, japan, paranoia, stalker, celebrity, singer, fame, female protagonist, psychological thriller, mental illness, madness, split personality, adult animation, j-pop, celebrity worship, anime, aspiring actress",https://image.tmdb.org/t/p/w500/bee6ZQVaSAUhlBinsP9In8x8vO1.jpg
A Noite dos Mortos-Vivos,Night of the Living Dead,"If it doesn't scare you, you're already dead!",George A. Romero,1968,Horror,"sibling relationship, pennsylvania, usa, loss of loved one, gun, gas station, cemetery, cellar, house, barricade, zombie, black and white, trapped, bitten, farm house",https://image.tmdb.org/t/p/w500/iLgyayS7fl6FrWDq7htq8K13WuI.jpg
Bob Esponja: Um Herói Fora d'Água,The SpongeBob Movie: Sponge Out of Water,He's leaving his world behind.,"Paul Tibbitt, Mike Mitchell",2015,"Family, Adventure, Comedy, Fantasy, Animation","sea, ocean, based on cartoon, live action and animation",https://image.tmdb.org/t/p/w500/2WDmjUlSAPlA27i2OwEC7sRTFw3.jpg
"Música, Amigos e Festa",We Are Your Friends,The world is yours.,Max Joseph,2015,"Drama, Music, Romance, Comedy","los angeles, california, san fernando valley, dj",https://image.tmdb.org/t/p/w500/k8SfiPoh3zUkDpHOT22ATegS2FU.jpg
Navio Fantasma,Ghost Ship,Sea Evil,Steve Beck,2002,"Horror, Mystery, Thriller","treasure, cruise, pilot, ghost ship, gore, tugboat, salvage, supernatural horror, deserted ship",https://image.tmdb.org/t/p/w500/o8xH46GiXAFmeFKpIstXJ5FqAL1.jpg
K-Pax: O Caminho da Luz,K-PAX,Change the way you look at the world.,Iain Softley,2001,"Science Fiction, Drama, Mystery","dream, robbery, investigation, hypnosis, alien, murder, hospital, planet, patient, medication, psychiatrist, claim, mental",https://image.tmdb.org/t/p/w500/zHkZBcZvB89CblAY6wViAK9Sryf.jpg
Ao Cair da Noite,It Comes at Night,,Trey Edward Shults,2017,"Drama, Horror, Mystery","fire, nightmare, nihilism, darkness, homicide, door, paranoia, post-apocalyptic future, forest, fear, dog, madness, pandemic, infected, cremation, hopelessness, malevolence",https://image.tmdb.org/t/p/w500/rNKJpFMlOZn5zkzBPZxEJrQn5Km.jpg
Enola Holmes 2,Enola Holmes 2,Go Big. Go Holmes.,Harry Bradbeer,2022,"Adventure, Mystery, Comedy, Crime","detective, victorian england, sequel, female detective, sherlock holmes",https://image.tmdb.org/t/p/w500/tegBpjM5ODoYoM1NjaiHVLEA0QM.jpg
Invasão Zumbi 2: Península,반도,Escape the apocalypse.,Yeon Sang-ho,2020,"Horror, Adventure, Action, Thriller","dystopia, sequel, zombie, busan, south korea, south korea",https://image.tmdb.org/t/p/w500/eeqvAzCccAZOhU3RfbvHB3s44S6.jpg
Labirinto: A Magia do Tempo,Labyrinth,Where everything seems possible and nothing is what it seems.,Jim Henson,1986,"Adventure, Family, Fantasy","rescue, race against time, maze, castle, musical, puppet, babysitter, surrealism, baby-snatching, coming of age, growing up, teenage girl, puppetry, fantasy world, child kidnapping, goblin, goblins, magic land, giant creature, bizarre creatures, goblin king",https://image.tmdb.org/t/p/w500/q2GimbyqxCeLkRfSMajtaHdwWg9.jpg
Amaldiçoado,Horns,He will bring out the Devil in you,Alexandre Aja,2013,"Drama, Fantasy, Thriller",death of girlfriend,https://image.tmdb.org/t/p/w500/tjTy6W05mPXXw87IqpjeGNhIcM4.jpg
"Ela Dança, Eu Danço 2",Step Up 2: The Streets,It's not where you're from. It's where you're at.,Jon M. Chu,2008,"Music, Drama, Romance","underdog, hip-hop, street gang, scholarship, competition, breakdance, insurgence, heart-throb, tap dancing, ballet",https://image.tmdb.org/t/p/w500/7YGUxMoQIysZCRMk3r1sza0EX4t.jpg
Pandorum,Pandorum,Don't fear the end of the world. Fear what happens next.,Christian Alvart,2009,"Action, Horror, Mystery, Science Fiction, Thriller","spacecraft, mission, mutation, dystopia, survival, creature, pandorum",https://image.tmdb.org/t/p/w500/tgnKTUsKJ6kM0oqiLmPNePgQ8Sw.jpg
E Se Fosse Verdade,Just Like Heaven,It's a wonderful afterlife.,Mark Waters,2005,"Drama, Comedy, Romance, Fantasy","coma, based on novel or book, workaholic, san francisco, california, architect, blind date, romantic comedy, loneliness, doctor, car accident, spirit, apartment building, widower, landscape architect, haunted apartment, flirty neighbor",https://image.tmdb.org/t/p/w500/jr4gWIZhJ16wEGrh5cddfEvnKGh.jpg
Os Pequenos Vestígios,The Little Things,Some things never let us go.,John Lee Hancock,2021,"Crime, Drama, Thriller","detective, deputy sheriff, cop, serial killer, crime scene, los angeles, california, series of murders, cat and mouse, surveillance, lapd, homicide detective, prime suspect, 1990s, unsolved murders",https://image.tmdb.org/t/p/w500/tLO1aD1ghdtVMT32z2sRmzgYKYd.jpg
Antes da Meia-Noite,Before Midnight,Everything's better with maturity.,Richard Linklater,2013,"Romance, Drama","hotel, hotel room, dream, airport, greece, greek, friends, author, writer, summer vacation, twins",https://image.tmdb.org/t/p/w500/qbGKJmNUroDz75kh5Oafoall89e.jpg
Minhas Adoráveis Ex-Namoradas,Ghosts of Girlfriends Past,You can't always run from your past.,Mark Waters,2009,"Fantasy, Comedy, Romance","womanizer, love, wedding, ghost, aftercreditsstinger, duringcreditsstinger, past relationship",https://image.tmdb.org/t/p/w500/yNn5NjNQF8m7w05Jqk2kEW2XOfU.jpg
Descendentes,Descendants,They're not bad. They're just born that way.,Kenny Ortega,2015,"Family, Music, Adventure, Comedy, Fantasy, TV Movie","witch, high school, magic, fairy tale, villain, teen movie, fairy godmother, teenage protagonist, maleficent",https://image.tmdb.org/t/p/w500/65DkgHPSLVjgr6IYkpY9Aqqqid5.jpg
A Última Noite,25th Hour,Can you change your whole life in one day?,Spike Lee,2002,"Crime, Drama","drug dealer, new york city, friendship, dream, distrust, based on novel or book, bratva (russian mafia), paranoia, sadness, irish-american, nightclub, american dream, melancholy, girlfriend, surrealism, betrayal, stockbroker, prison sentence, widower, reflection, post 9/11",https://image.tmdb.org/t/p/w500/uW7tTRElr2tRhmAVESzvHy4ByXg.jpg
Cegonhas: A História que não te Contaram,Storks,Find Your Flock,"Nicholas Stoller, Doug Sweetland",2016,"Adventure, Animation, Comedy, Family","baby, stork, delivery service",https://image.tmdb.org/t/p/w500/ylXKcKrEHSQEYLntBvYxGBI7Ld3.jpg
3 Idiotas,3 Idiots,Aal Izz Well!,Rajkumar Hirani,2009,"Drama, Comedy","suicide, suicide attempt, college, slapstick comedy, coming of age, friends, engineering, subjective camera",https://image.tmdb.org/t/p/w500/66A9MqXOyVFCssoloscw79z8Tew.jpg
O Homem da Terra,The Man from Earth,From one of the acclaimed writers of Star Trek and The Twilight Zone comes a story that transcends both time and space...,Richard Schenkman,2007,"Science Fiction, Drama","immortality, birthday, legend, philosophy, professor, psychology, bible, time, survival, anthropology, prehistory, religion, memory, church, cavemen",https://image.tmdb.org/t/p/w500/V086R82gNgWrotaXZFO4JhdgB1.jpg
Tropa de Elite,Tropa de Elite,On the streets of Rio only the elite survive,José Padilha,2007,"Drama, Action, Crime","drug dealer, police brutality, slum, war on drugs, drug trafficking, rio de janeiro, torturing police, special forces, law enforcement, brazilian cinema",https://image.tmdb.org/t/p/w500/lwIXz785N2fXi8hsBr1IXciFlkM.jpg
Um Tira da Pesada II,Beverly Hills Cop II,The heat's back on!,Tony Scott,1987,"Action, Comedy, Crime","police, arms smuggling, intensive care, undercover, detective, investigation, armored car, strip club, sequel, shootout, gunfight, los angeles, california, detroit, michigan, horse track, beverly hills, buddy cop, credit card fraud, playboy mansion, shooting range, robbery gang, superdetective, ferrari",https://image.tmdb.org/t/p/w500/egDakU8O5yUwpUJP9IMAUVtIDll.jpg
A Pequena Sereia,The Little Mermaid,"Watch and you'll see, some day I'll be, part of your world!",Rob Marshall,2023,"Adventure, Family, Fantasy, Romance","mermaid, musical, based on fairy tale, live action remake, amused",https://image.tmdb.org/t/p/w500/ym1dxyOk4jFcSl4Q2zmRrA5BEEN.jpg
Hooligans,Green Street Hooligans,Just think of someone you hate.,Lexi Alexander,2005,"Crime, Drama","london, england, sports, harvard university, hooligan, revenge, football (soccer), cruelty, american, brutality, reputation, woman director, bar fight, firm",https://image.tmdb.org/t/p/w500/tfLj69EoP1b8ZWfLyg5FGJ5LC38.jpg
Além da Morte,Flatliners,You haven't lived until you've died,Niels Arden Oplev,2017,"Drama, Horror, Thriller","bullying, remake, accidental death, death, medical student, guilty conscience, near-death experience, competitiveness, scientific experiment",https://image.tmdb.org/t/p/w500/e9NHATN0TJW6ZZPLLWFsKdilVl1.jpg
Para Maiores,Movie 43,The biggest cast ever assembled for the most outrageous comedy ever made.,"Elizabeth Banks, Steven Brill, Steve Carr, Rusty Cundieff, James Duffy, Griffin Dunne, Peter Farrelly, Patrik Forsberg, Will Graham, James Gunn, Brett Ratner, Jonathan van Tulleken, Bob Odenkirk",2013,Comedy,"california, anthology, slapstick comedy, hollywood, duringcreditsstinger, woman director, laxative",https://image.tmdb.org/t/p/w500/uYa06GxHsCsELx9vOQ11vsT0Aa6.jpg
Ladrões de Bicicletas,Ladri di biciclette,The Prize Picture They Want to Censor!,Vittorio De Sica,1948,Drama,"rome, italy, italian, society, riding a bicycle, search, poster, thief, stolen bicycle, madame, unemployment, realism, neo realism, italian neo realism",https://image.tmdb.org/t/p/w500/iPdVqIpmR3bRvOQJPrn4pr2KR3q.jpg
Quebrando Regras,Never Back Down,Win or lose... Everyone has their fight.,Jeff Wadlow,2008,"Drama, Action","high school, martial arts, sports, fight, underground, rebel, training, champion, revenge, nemesis, club, brawl",https://image.tmdb.org/t/p/w500/8oRUTyP1QAtGDMvRpKZyuyFPG0U.jpg
Manhattan,Manhattan,Woody Allen's New Comedy Hit,Woody Allen,1979,"Comedy, Drama, Romance","adultery, lolita, new york city, based on novel or book, based on true story, love, mistress, black and white, writer, relationship, divorce, true crime, manhattan, new york city, married",https://image.tmdb.org/t/p/w500/k4eT3EvfxW1L9Wmt04UqJqCvCR6.jpg
Anna Karenina,Anna Karenina,An epic story of love.,Joe Wright,2012,"Drama, Romance","adultery, based on novel or book, horse race, st. petersburg, russia, death, high society, imperial russia, 19th century",https://image.tmdb.org/t/p/w500/2DvjkCbmlg8sbBHZKUZvYPgsT5V.jpg
Desafio no Bronx,A Bronx Tale,"One man lives in the neighborhood, another man owns it. A devoted father battles the local crime boss for the life of his son.",Robert De Niro,1993,"Drama, Crime","italian american, gambling, funeral, italian, parent child relationship, gangster, black people, loyalty, molotow cocktail, gang leader, nostalgia, game of dice, bus driver, mafia, best friend, witness to murder, hoodlum, xenophobia, bronx, new york city, father figure, 1960s, confession booth",https://image.tmdb.org/t/p/w500/sDbO6LmLYtyqAoFTPpRcMgPSCEO.jpg
As Viúvas,Widows,Left with nothing. Capable of anything.,Steve McQueen,2018,"Crime, Thriller","chicago, illinois, politics, politician, heist, flashback, remake, money, betrayal, mob boss",https://image.tmdb.org/t/p/w500/d31SGJSaX29ba5ZUbZcesGoDE7I.jpg
A Lenda dos Guardiões,Legend of the Guardians: The Owls of Ga'Hoole,On his way to finding a legend...he will become one.,Zack Snyder,2010,"Animation, Adventure, Family, Fantasy","friendship, heroism, brother against brother, clash of clans",https://image.tmdb.org/t/p/w500/zKY2nJPozrItOsSCkjgY7QPkLrE.jpg
Uma Segunda Chance para Amar,Last Christmas,Who doesn't have a little Christmas baggage?,Paul Feig,2019,"Comedy, Romance","london, england, holiday, romantic comedy, singing, homeless shelter, holiday season, christmas, santa's elves",https://image.tmdb.org/t/p/w500/kDEjffiKgjuGo2DRzsqfjvW0CQh.jpg
Vizinhos Imediatos de 3º Grau,The Watch,Got protection?,Akiva Schaffer,2012,"Comedy, Action, Science Fiction","friendship, marriage, castration, sterility, alien, suburb, alien invasion, death, teenage daughter, neighborhood watch, creepy neighbor",https://image.tmdb.org/t/p/w500/gwfgYA9wGpV4QLB0LrcexwfwC19.jpg
Halloween: O Início,Halloween,Evil has a destiny.,Rob Zombie,2007,Horror,"mask, escape, sadism, psychopath, halloween, babysitter, cowardliness, cruelty, maniac, reboot, duringcreditsstinger, disturbed child, holiday horror",https://image.tmdb.org/t/p/w500/cD8JrfSEI4j7WVnKM1GdiYzMoUh.jpg
Eu os Declaro Marido... e Larry,I Now Pronounce You Chuck & Larry,"They're as straight as can be, but don't tell anyone.",Dennis Dugan,2007,"Comedy, Romance","coming out, new york city, single parent, homophobia, fraud, single, gay marriage, insurance policy, firefighter, masculinity, pretend relationship, pretending to be gay, gay theme, fire department",https://image.tmdb.org/t/p/w500/6wjJ9EnNw4cmTSZYgnao7RpI3X.jpg
Olha Quem Está Falando,Look Who's Talking,"He's hip, he's cool, and he's only 3 months old.",Amy Heckerling,1989,"Comedy, Romance","baby, single parent, pregnancy, duringcreditsstinger, woman director",https://image.tmdb.org/t/p/w500/k60x5YEOox9P9vWITSHFSkLGecN.jpg
Risco total,Cliffhanger,The height of adventure.,Renny Harlin,1993,"Action, Adventure, Thriller","airplane, mountain, rocky mountains, hijacking, suitcase, climbing, heist, money, snow, mountain climbing",https://image.tmdb.org/t/p/w500/b28DOM54OHb1c7Lsk6Nu7Kwuonj.jpg
Irmão de Espião,Grimsby,Behind every hero is an embarrassing sibling,Louis Leterrier,2016,"Action, Comedy","sibling relationship, gun, spy, vulgar, hooligan, vulgarity, football (soccer), aftercreditsstinger",https://image.tmdb.org/t/p/w500/r2luFFC9ZkJFmS11E8d07RsHm3r.jpg
Poltergeist: O Fenômeno,Poltergeist,They're here. And they know what scares you.,Gil Kenan,2015,Horror,"poltergeist, haunted house, remake, duringcreditsstinger",https://image.tmdb.org/t/p/w500/A1ymtbzatZp94Z49ZOBb8JGXOBB.jpg
Um Lobisomem Americano em Londres,An American Werewolf in London,Beware the Moon.,John Landis,1981,"Comedy, Horror","dying and death, london, england, intensive care, nurse, loss of loved one, zoo, transformation, full moon, black humor, london underground, yorkshire, rural area, werewolf, creature, moor (terrain), british pub, dream sequence, hikers, london zoo, practical special effects",https://image.tmdb.org/t/p/w500/irEKwh8006t02o41Xw7G5tIUF3r.jpg
Ronin,Ronin,Your ally could become your enemy.,John Frankenheimer,1998,"Action, Thriller, Crime","france, paris, france, arms deal, mercenary, suitcase, heist, shootout, impostor, ira (irish republican army), cafe, computer expert, ex kgb, cellular phone trace, violence",https://image.tmdb.org/t/p/w500/AirrhRJjHwytOV0pdLu7YZ4DEyr.jpg
Foxcatcher: Uma História que Chocou o Mundo,Foxcatcher,Ambition. Power. Control.,Bennett Miller,2014,"Drama, Thriller","sports, wrestling, biography, based on true story, ex-boyfriend ex-girlfriend relationship",https://image.tmdb.org/t/p/w500/w6Sl079QtUcQ9dVQ2RP6aN9NBXx.jpg
Austrália,Australia,Welcome to Australia!,Baz Luhrmann,2008,"Adventure, Drama, Romance","australia, missionary, world war ii, ranch, cattle drive, racist, prejudice, suspicion of adultery, australian outback, 1940s, 1930s, stampede, trampled to death",https://image.tmdb.org/t/p/w500/tFQpccGMTWe24eWxK5U9rb7tK3M.jpg
Operação Invasão 2,The Raid 2: Berandal,It's not over yet.,Gareth Evans,2014,"Action, Crime, Thriller","prison, police, undercover, fight, gangster, outnumbered",https://image.tmdb.org/t/p/w500/olA39iaXISiKEkACdELgr0ZRvIF.jpg
Sky High: Super Escola de Heróis,Sky High,Saving The World... One Homework Assignment At A Time.,Mike Mitchell,2005,"Adventure, Comedy, Family","high school, friendship, mission, superhero, loyalty, mockery, heroism, friends, super power",https://image.tmdb.org/t/p/w500/oK54M9VKOCLR1u0j26ttRix0G18.jpg
Vovó... Zona,Big Momma's House,This FBI agent is going undercover... and he's concealing more than a weapon.,Raja Gosnell,2000,"Crime, Comedy","undercover, fbi, disguise, impersonation",https://image.tmdb.org/t/p/w500/5YoSFqpTz5qIxsX61CPMGKONQIY.jpg
Caçadores de Emoção: Além do Limite,Point Break,The only law that matters is gravity,Ericson Core,2015,"Action, Adventure, Crime, Thriller","undercover agent, undercover, fbi, extreme sports, remake",https://image.tmdb.org/t/p/w500/z7JOvw5Lqs9ezoFTJxmz3nx3av2.jpg
Sombras da Vida,A Ghost Story,,David Lowery,2017,"Fantasy, Drama","sadness, house, loss, grief, morality, construction, death, ghost, piano",https://image.tmdb.org/t/p/w500/rp5JPIyZi9sMob15l46zNQLe5cO.jpg
A Família Addams,The Addams Family,Think your family is weird?,"Greg Tiernan, Conrad Vernon",2019,"Family, Animation, Comedy, Fantasy","cartoon, black humor, family, addams family",https://image.tmdb.org/t/p/w500/q1epO0eO8DWu8Vo8tPfvVlzW48T.jpg
Sintonia de Amor,Sleepless in Seattle,"What if someone you never met, someone you never saw, someone you never knew was the only someone for you?",Nora Ephron,1993,"Comedy, Drama, Romance","journalist, friendship, lovesickness, airplane, love of one's life, unsociability, parent child relationship, loss of loved one, holiday, radio station, radio presenter, christmas party, seattle, washington, baltimore, usa, fiancé, radio, radio transmission, observation deck, valentine's day, woman director",https://image.tmdb.org/t/p/w500/iLWsLVrfkFvOXOG9PbUAYg7AK3E.jpg
Herbie: Meu Fusca Turbinado,Herbie Fully Loaded,Start your engines...,Angela Robinson,2005,"Comedy, Family, Adventure, Fantasy, Romance","car race, sports, victory, sequel, slapstick comedy, nascar, volkswagen beetle, smart car, woman director",https://image.tmdb.org/t/p/w500/7lTfTZ8CDfXw09eAv3OOvsbCVgs.jpg
Continência ao Amor,Purple Hearts,,Elizabeth Allen Rosenbaum,2022,"Romance, Drama",military life,https://image.tmdb.org/t/p/w500/4JyNWkryifWbWXJyxcWh3pVya6N.jpg
Motoqueiros Selvagens,Wild Hogs,A lot can happen on the road to nowhere.,Walt Becker,2007,"Action, Adventure, Comedy","small town, midlife crisis, road trip, slapstick comedy, politically incorrect, motorcycle, motorcycle gang, lgbt, road movie, awkwardness, travel writer, ironic ending, motorcycle with sidecar, biker gang, accident prone, middle age",https://image.tmdb.org/t/p/w500/qYyPCZcpNGZwbyBo1gwdCiW5hHC.jpg
Amor Além da Vida,What Dreams May Come,After life there is more. The end is just the beginning.,Vincent Ward,1998,"Drama, Fantasy, Romance","paradise, afterlife, painting, hell, heaven, spiritism",https://image.tmdb.org/t/p/w500/2gUfJKfJ6LwdqQebiAWuNzIWyp9.jpg
"Starsky & Hutch, Justiça em Dobro",Starsky & Hutch,They're the man.,Todd Phillips,2004,"Comedy, Crime","california, undercover, drug trafficking, 1970s, cocaine, cop, informant, disco, buddy cop, jumping from a rooftop, surveillance footage, drug kingpin, based on tv series",https://image.tmdb.org/t/p/w500/vQyiv52WwFWzOhTeNEMOGynuiAL.jpg
Todo Dia,Every Day,Every day a different body. Every day a different life. Every day in love with the same girl.,Michael Sucsy,2018,"Fantasy, Romance","based on novel or book, transformation, body switch, based on young adult novel",https://image.tmdb.org/t/p/w500/4UnME3icxSspwL0UoGZNSyyp7Xs.jpg
Ed Wood,Ed Wood,"When it came to making bad movies, Ed Wood was the best.",Tim Burton,1994,"Comedy, Drama, History","individual, taxi, fortune teller, transsexuality, transvestite, movie business, drug addiction, boxer, oddball, celebrity, morphine, los angeles, california, black and white, suburb, theremin, handgun, trick or treating, 1950s",https://image.tmdb.org/t/p/w500/n8SrO3WbyuY2b6KazogqbQF348C.jpg
Não Me Abandone Jamais,Never Let Me Go,These students have everything they need. Except time.,Mark Romanek,2010,"Drama, Romance, Science Fiction","london, england, based on novel or book, love triangle, england, boarding school, forgiveness, dystopia, sadness, aging, cloning, morality, human rights, existentialism, human parts trade, human cloning, crime against humanity, medical ethics, organ harvesting, abomination",https://image.tmdb.org/t/p/w500/8F0r5ng9Fp60OhzQfR5v33fppq.jpg
Sing Street - Música e Sonho,Sing Street,Boy meets girl. Girl unimpressed. Boy starts band.,John Carney,2016,"Comedy, Romance, Drama, Music","friendship, london, england, sibling relationship, dublin, ireland, music video, prom, school, singing, ireland, divorce, family, teenage boy, bullied, 1980s",https://image.tmdb.org/t/p/w500/sUWpVlrvzU2SJbnVZqIeKulPKwk.jpg
Heróis,Push,One push can change everything.,Paul McGuigan,2009,"Science Fiction, Action, Adventure, Thriller","mind control, psychokinesis, secret government organization, clairvoyance, hong kong",https://image.tmdb.org/t/p/w500/fHStfRjQGstuqtUz4Q22lbFU58M.jpg
Gandhi,Gandhi,His triumph changed the world forever.,Richard Attenborough,1982,"Drama, History","muslim, strike, prayer, freedom, independence, release from prison, demonstration, world war ii, imprisonment, colony, hunger strike, hindu, british army, political negotiations, conference, nonviolent resistance, apartheid, british empire, protest, independence movement, biography, idealism, based on true story, idealist, fighting the system",https://image.tmdb.org/t/p/w500/rOXftt7SluxskrFrvU7qFJa5zeN.jpg
Monster: Desejo Assassino,Monster,The first female serial killer of the United States,Patty Jenkins,2003,"Crime, Drama","death penalty, prostitute, rape, sexual abuse, motel, based on true story, murder, betrayal, serial killer, poverty, prostitution, heartbreak, mental illness, woman director",https://image.tmdb.org/t/p/w500/aevmNtJCNG4ZlfEeEGZ79frMUes.jpg
Burlesque,Burlesque,It takes a legend... to make a star,Steve Antin,2010,"Drama, Romance","musical, los angeles, california, burlesque, burlesque dancer",https://image.tmdb.org/t/p/w500/3U9zBIibERQZqYKM3N1a4MYgBsN.jpg
Troco em Dobro,Spenser Confidential,The law has limits. They don't.,Peter Berg,2020,"Comedy, Action, Thriller","based on novel or book, police, boston, massachusetts, ex-cop, police corruption, ex-con, buddy movie, aspiring boxer",https://image.tmdb.org/t/p/w500/fePczipv6ZzDO2uoww4vTAu2Sq3.jpg
O Chamado 2,The Ring Two,Fear comes full circle,Hideo Nakata,2005,"Drama, Horror, Thriller","based on novel or book, nightmare, nun, son, bath tub, sequel, remake, vision, mental institution, woman reporter, videotape, evil child",https://image.tmdb.org/t/p/w500/8Mnthy6ymdKHVwVw5gJB7RtaO1F.jpg
Uma Lição de Amor,I Am Sam,Love is all you need.,Jessie Nelson,2001,Drama,"mentally disabled, foster parents, lawyer, pro bono, social services, coffee shop manager, pizza hut, children's book, locked door, child custody, woman director, father daughter relationship, neurodiversity",https://image.tmdb.org/t/p/w500/wSgAn3zhgwuTOhhvvqcdxVqTLts.jpg
Todo o Dinheiro do Mundo,All the Money in the World,J. Paul Getty had a fortune. Everyone else paid the price.,Ridley Scott,2017,"Crime, History, Thriller","based on novel or book, rome, italy, kidnapping, 1970s, based on true story, wealth, ransom demand",https://image.tmdb.org/t/p/w500/q6nE9Hf0ezszjI4DbCxwzQ73MMy.jpg
Policial em Apuros,Ride Along,Propose to this cop's sister? Rookie mistake.,Tim Story,2014,"Action, Comedy","police operation, family relationships, police officer, duringcreditsstinger",https://image.tmdb.org/t/p/w500/ihKj5zsdkbm8FQ0IsOpAaaqPGX7.jpg
Norbit,Norbit,Have You Ever Made A Really Big Mistake?,Brian Robbins,2007,Comedy,"orphanage, overweight woman",https://image.tmdb.org/t/p/w500/adBqvVwyzHgDzZJnNCqe8RWImxV.jpg
Hostis,Hostiles,No peace without sacrifice,Scott Cooper,2017,"Western, Drama, History","montana, new mexico, chief, native american, native american reservation, bigotry, 19th century, indigenous peoples, new mexico territory",https://image.tmdb.org/t/p/w500/rqoezyB51GfhiloOB5ZErg5HXas.jpg
Na Companhia do Medo,Gothika,Because someone is dead doesn't mean they're gone.,Mathieu Kassovitz,2003,"Horror, Thriller","amnesia, mental institution, patient, trust, false accusations, medication, gothic, mental illness",https://image.tmdb.org/t/p/w500/frSGNQcWx1ek8dCduFYCux1ho7n.jpg
A Princesa e a Plebeia,The Princess Switch,,Mike Rohl,2018,"Romance, Comedy","holiday, royalty, look-alike, identity swap, christmas",https://image.tmdb.org/t/p/w500/A8XgZE8CsHiYN243MEd07GLCep.jpg
Paddington 2,Paddington 2,It takes a bear to catch a thief,Paul King,2017,"Adventure, Comedy, Family","london, england, based on novel or book, sequel, bear, train, based on children's book, animal, aging actor, live action and animation",https://image.tmdb.org/t/p/w500/1OJ9vkD5xPt3skC6KguyXAgagRZ.jpg
Mais Estranho que a Ficção,Stranger Than Fiction,Harold Crick isn't ready to go. Period.,Marc Forster,2006,"Comedy, Drama, Fantasy, Romance","literature, professor, love, fate, author, death, dying, novelist, publisher, what if",https://image.tmdb.org/t/p/w500/nCzcepubwShvZ4vbCsygQNgF2Z1.jpg
Boneco de Neve,The Snowman,"Soon the first snow will come, and then he will kill again.",Tomas Alfredson,2017,"Crime, Thriller","based on novel or book, winter, gun, detective, cellar, snowman, serial killer, snow, cabin, twins, plastic surgeon, alcoholic, psychosis, oslo, norway, unfinished",https://image.tmdb.org/t/p/w500/mKsQ8KMOk0VBX26Ev0Lj6EmfGJu.jpg
Crianças Lobo,おおかみこどもの雨と雪,Love wildly.,Mamoru Hosoda,2012,"Animation, Family, Drama, Fantasy, Adventure","wolf, forest, death of father, growing up, rural area, werewolf, single mother, adult animation, werewolf child, farming community, farming, anime, mother son relationship, mother daughter relationship, brother sister relationship",https://image.tmdb.org/t/p/w500/nqqovhsvsWbsb7LcGaIGDRZrwgB.jpg
Chaos Walking,Chaos Walking,No one escapes the noise.,Doug Liman,2021,"Fantasy, Science Fiction, Adventure","based on novel or book, dystopia, post-apocalyptic future",https://image.tmdb.org/t/p/w500/xAYGdGBGptNkisXRpmhZSry6SPF.jpg
O Sobrevivente,The Running Man,2019. A game nobody survives. This year might be the exception.,Paul Michael Glaser,1987,"Action, Science Fiction, Thriller","prison, based on novel or book, chase, dystopia, post-apocalyptic future, hunting human beings, game show, death game",https://image.tmdb.org/t/p/w500/GTAUOhO4BN0peJVvxGEQydJvUO.jpg
Caso 39,Case 39,Some cases should  never be opened.,Christian Alvart,2009,"Horror, Mystery, Thriller","child abuse, social worker, detective, office, supernatural, murder, mental institution, cityscape, drawn, falling elevator, pier, super power, deadly",https://image.tmdb.org/t/p/w500/b16EjFeHd2AwoYXWUne7DA346pU.jpg
Selma,Selma,One dream can change the world.,Ava DuVernay,2014,"History, Drama","alabama, civil rights, martin luther king, president, protest march, woman director, selma, 1960s, african american history",https://image.tmdb.org/t/p/w500/wq4lhMc4BuOyQqe1ZGzhxLyy3Uk.jpg
Zoolander 2,Zoolander 2,Long time no Z,Ben Stiller,2016,"Comedy, Adventure, Action","fashion designer, sequel, fashion, male model, fashion show, modeling, fashion model, fashionista, runway model",https://image.tmdb.org/t/p/w500/n8AJzALlTPBwe9Tkv3tdxbiAr9i.jpg
Férias Frustradas de Natal,National Lampoon's Christmas Vacation,Yule crack up.,Jeremiah S. Chechik,1989,Comedy,"holiday, boss, family dinner, neighbor, domestic life, fantasy sequence, christmas, christmas bonus, jello",https://image.tmdb.org/t/p/w500/gL8ZDtAy8vO95aAnv1H5CR4CGMA.jpg
Meu Ex é um Espião,The Spy Who Dumped Me,They got this.,Susanna Fogel,2018,"Action, Comedy","berlin, germany, paris, france, spy, prague, czech republic, female friendship, best friend, los angeles, california, save the day, acrobats, edward snowden",https://image.tmdb.org/t/p/w500/tpPERI5i6yjT73jYWyZ9iWltQ9L.jpg
A Lenda do Pianista do Mar,La leggenda del pianista sull'oceano,An epic story of a man who could do anything... except be ordinary,Giuseppe Tornatore,1998,"Drama, Music, Romance","ship, ocean, musical, pianistin, child prodigy, fondling",https://image.tmdb.org/t/p/w500/iOcbJ5pxokOPDRgieVDbsFMrCc6.jpg
Embriagado de Amor,Punch-Drunk Love,You can go to places in the world with pudding.,Paul Thomas Anderson,2002,"Romance, Drama, Comedy","depression, sibling relationship, businessman, shyness, hawaii, dysfunctional family, psychological abuse, los angeles, california, scam artist, telephone sex, pudding, sweepstakes, harmonium, absurdist, social anxiety, emotional abuse, anxious, provo utah, scam call center, overbearing sister, romantic",https://image.tmdb.org/t/p/w500/vT2CXIsVKoGl0DZ8USwLWzEFznI.jpg
"Meu Amigo, o Dragão",Pete's Dragon,Some secrets are too big to keep.,David Lowery,2016,"Adventure, Family, Fantasy","feral child, remake, dragon, orphan, 1980s, live action and animation",https://image.tmdb.org/t/p/w500/A9x4Ogk8KUXTfU649NS6lS9TCmu.jpg
Os Banshees de Inisherin,The Banshees of Inisherin,Everything was fine yesterday.,Martin McDonagh,2022,"Drama, Comedy, History","friendship, island, donkey, dark comedy, irish civil war (1922-23), church, ireland, drinking, former best friend, self mutilation, fiddle, 1920s, brother sister relationship, pub",https://image.tmdb.org/t/p/w500/4yFG6cSPaCaPhyJ1vtGOtMD1lgh.jpg
Efeito Dominó,The Bank Job,The true story of a heist gone wrong... in all the right ways.,Roger Donaldson,2008,"Thriller, Crime, Drama","infidelity, mannequin, wife, photography, subway, vault, car dealer, bahamas, based on true story, london underground, strip club, offer, extortion, police corruption, double cross, walkie talkie, railway station, jackhammer, political corruption, bank heist, cabinet officer",https://image.tmdb.org/t/p/w500/ayrGDJDsSBczjztGUWKqmzL97xg.jpg
Segredos de Sangue,Stoker,Innocence Ends.,Park Chan-wook,2013,"Drama, Horror, Thriller","dancer, funeral, tennis, psychopath, widow, family relationships, dead body, death, mental illness, playing piano, secret, teenager",https://image.tmdb.org/t/p/w500/o0giW5oasaef5m9sgBuq0C7IkIa.jpg
007 Contra a Chantagem Atômica,Thunderball,Look up!  Look down!  Look out!,Terence Young,1965,"Adventure, Action, Thriller","sea, florida, paris, france, spy, fighter pilot, bahamas, sanatorium, secret organization, nuclear missile, coral reef, secret agent, scuba diving, british spy, shark, scuba, british secret service, big ben",https://image.tmdb.org/t/p/w500/kQdyq96yvqrPCkLdaiucsE92neO.jpg
Riquinho,Ri¢hie Ri¢h,An adventure so big... even the world's richest kid can't afford to miss it!,Donald Petrie,1994,"Comedy, Family","wealthy, billionaire, family",https://image.tmdb.org/t/p/w500/qgGh5d0IHAZRlHIdFS3XWVygumR.jpg
King Richard: Criando Campeãs,King Richard,"Venus, Serena and a plan for greatness.",Reinaldo Marcus Green,2021,"Drama, History","tennis, tennis player, father, based on true story, wimbledon, family, tennis pro, father daughter relationship, coaching, champions, sport",https://image.tmdb.org/t/p/w500/vjpMd1dsEsVBoUhq6iVHXwwFj9n.jpg
Um Dia de Chuva em Nova York,A Rainy Day in New York,Love In Spring.,Woody Allen,2019,"Comedy, Romance","infidelity, new york city, rain, paparazzi, kiss, interview, romance, high society, manhattan, new york city, young couple, college student, romantic weekend, rich family, central park, new york city, film director, film shoot, existential crisis",https://image.tmdb.org/t/p/w500/z4A6mFOLTMZAhCSPRyrtzG0SPbd.jpg
Bater ou Correr em Londres,Shanghai Knights,A Royal Kick In The Arse.,David Dobkin,2003,"Action, Adventure, Comedy, Western","martial arts, london, england, indian territory, emperor, revenge, murder, arrow, duringcreditsstinger, action hero, imperial seal, good versus evil",https://image.tmdb.org/t/p/w500/vVNQStMlZS9mn2AKBEpadRunHgt.jpg
Lágrimas do Sol,Tears of the Sun,He was trained to follow orders. He became a hero by defying them.,Antoine Fuqua,2003,"War, Action, Drama","civil war, war crimes, refugee, village, evacuation, border, rescue mission, us army, nigeria, president, doctor, massacre, brutality, military, child soldier",https://image.tmdb.org/t/p/w500/fUnSSQukwTwBSdCbufEE36petLq.jpg
Mortal Kombat,Mortal Kombat,Nothing In This World Has Prepared You For This.,Paul W.S. Anderson,1995,"Action, Fantasy","island, martial arts, monster, saving the world, magic, villain, gore, alternate dimension, ninja, sorcerer, tournament, underground fighting, based on video game, gods, ghost, hand to hand combat, warrior, action hero, supernatural power, mortal kombat, good versus evil",https://image.tmdb.org/t/p/w500/fcK7tzSSXMYiMN8E9KlZJL1BYyp.jpg
Padre,Priest,The War is Eternal. His Mission is Just the Beginning.,Scott Stewart,2011,"Action, Fantasy, Horror, Thriller","vampire, dystopia, post-apocalyptic future, crucifixion, vampire hunter (slayer), disobey, niece, dark hero",https://image.tmdb.org/t/p/w500/btNni3pWy3LTmckilBPxs3r8zDP.jpg
Superman II: A Aventura Continua,Superman II,The Man of Steel meets his match!,"Richard Lester, Richard Donner",1980,"Science Fiction, Action, Adventure","saving the world, superhero, loss of virginity, based on comic, sequel, niagara falls, criminal, super power, phantom zone, rocket fired grenade, crystal machine, superhuman strength, duringcreditsstinger",https://image.tmdb.org/t/p/w500/jw0tYFCbzjBN8SIhvRC2kdh7pzh.jpg
Presságios de um Crime,Solace,"A serial killer who can see your future, a psychic who can save it",Afonso Poyart,2015,"Thriller, Crime, Mystery","fbi, investigation, autopsy, terminal illness, premonition, murder, cancer, psychologist, serial killer, crime scene, psychic, intrigue, dark past, vision of the future",https://image.tmdb.org/t/p/w500/pbcXpZgem8kgr90RwIUNAbC2ite.jpg
Homens de Honra,Men of Honor,History is made by those who break the rules.,George Tillman Jr.,2000,Drama,"diving, u.s. navy",https://image.tmdb.org/t/p/w500/wNUAnXV1mzOOfvnVBIYsalkk078.jpg
Tron: Uma Odisseia Eletrônica,Tron,A world inside the computer where man has never been. Until now.,Steven Lisberger,1982,"Science Fiction, Action, Adventure","hacker, video game, virtual reality, dystopia, simulation, super computer, utopia, computer simulation, simulated reality , arcade game, light cycle",https://image.tmdb.org/t/p/w500/zwSFEczP7AzqugAHHIX3zHniT0t.jpg
A Herança de Mr. Deeds,Mr. Deeds,"Small town kid, big time right hook.",Steven Brill,2002,"Comedy, Romance","new york city, love letter, new hampshire, liar, city country contrast, inheritance, billionaire, kindness, fable, apple tree, corporate take over, chrysler building",https://image.tmdb.org/t/p/w500/rtUGG5gfpsF3uI52pgkzwsSfVlB.jpg
Par Perfeito,Killers,Perfect wife. Perfect target.,Robert Luketic,2010,"Action, Comedy, Thriller, Romance",assassin,https://image.tmdb.org/t/p/w500/9VB8vGV4Aznf6GUc9C7a1EzGHLz.jpg
Paprika,パプリカ,,Satoshi Kon,2006,"Animation, Mystery, Science Fiction, Thriller","research, japan, dream, procession, psychoanalysis, mad scientist, dream girl, parallel world, adult animation, dream world, anime",https://image.tmdb.org/t/p/w500/bLUUr474Go1DfeN1HLjE3rnZXBq.jpg
Guns Akimbo,Guns Akimbo,Get loaded,Jason Lei Howden,2020,"Action, Comedy","hero, gladiator fight, superhero, website, bad cop, body mutilation, death match, homeless man, computer programmer, live stream, rescue from fire, viral, death game",https://image.tmdb.org/t/p/w500/2kNnf7BwRCEm4bcFkdiE0T4U25s.jpg
O Grande Mestre 2,葉問2,Behind every great martial artist lies a teacher.,Wilson Yip,2010,"Action, History, Drama","martial arts, army, sports, hong kong, master, wing chun, labor, grandmaster",https://image.tmdb.org/t/p/w500/yB5v6wRhIoZxlDvCFFCQhUNezDY.jpg
8½,8½,A picture that goes beyond what men think about - because no man ever thought about it in quite this way!,Federico Fellini,1963,"Fantasy, Drama","dying and death, adultery, depression, individual, unsociability, screenplay, suicide attempt, missile, scapegoat, movie business, allegory, difficult childhood, creative crisis, kurort, black and white, extramarital affair, existence",https://image.tmdb.org/t/p/w500/60rbYRidGzWjb6cjZ2elIiztvpp.jpg
Amizades Improváveis,The Fundamentals of Caring,Caring is a funny thing.,Rob Burnett,2016,"Comedy, Drama","wheelchair, road trip, caregiver, disability, muscular dystrophy",https://image.tmdb.org/t/p/w500/zZ0eda1GyHILNSoq9KF5u0hcq6O.jpg
A Morte e Vida de Charlie,Charlie St. Cloud,Life is for living.,Burr Steers,2010,"Drama, Romance","sibling relationship, based on novel or book, sailing, ghost, young adult",https://image.tmdb.org/t/p/w500/r4XSrs6N086EU8CNm339dHRPhZg.jpg
Um Grande Garoto,About a Boy,Growing up has nothing to do with age.,"Chris Weitz, Paul Weitz",2002,"Drama, Comedy, Romance","friendship, london, england, rock 'n' roll, rap music, based on novel or book, single parent, becoming an adult, bachelor, single, christmas",https://image.tmdb.org/t/p/w500/qoZ1bD0q9EFqcNiEYbEigsRcNCt.jpg
Doce Vingança,I Spit on Your Grave,Justice served one torture at a time.,Steven R. Monroe,2010,"Thriller, Crime, Horror","rape, fondling, remake, revenge, writer, garden shears, rape and revenge, emasculation",https://image.tmdb.org/t/p/w500/4VZ9eqel8Fsp54KMnesr3xIc67N.jpg
Epidemia,Outbreak,This animal carries a deadly virus... and the greatest medical crisis in the world is about to happen.,Wolfgang Petersen,1995,"Action, Drama, Science Fiction, Thriller","research, army, general, river, monkey, epidemic, medical research",https://image.tmdb.org/t/p/w500/dxr5NoaIALZThSYeeaJKlMGCZlY.jpg
A Máquina do Tempo,The Time Machine,The greatest adventure THROUGH all time!,Simon Wells,2002,"Science Fiction, Adventure, Action","future, new york city, based on novel or book, time travel, time machine, remake, steampunk, near future",https://image.tmdb.org/t/p/w500/9QB6wIc6XOtoi02uUCLSvY0onSL.jpg
Reino de Fogo,Reign of Fire,Fight Fire With Fire,Rob Bowman,2002,"Adventure, Action, Fantasy","castle, dragon, evolution, fire chief, animated map, theatre audience, dragonslayer, tunnel construction, fire repellent, drilling, iodine, northumberland",https://image.tmdb.org/t/p/w500/vZVXCj3jXzIPJUHLaQohzt2uTM3.jpg
Gritos Mortais,Dead Silence,You scream. You die.,James Wan,2007,Horror,"funeral, legend, tombstone, detective, clown, flashback, ventriloquist, urban legend, curse, mansion, widower, gothic, doll, ghost story, ventriloquist's dummy",https://image.tmdb.org/t/p/w500/3Vylbn3WGTELocsq36V8NEyD3WM.jpg
Dogman,Dogman,,Matteo Garrone,2018,"Crime, Drama, Thriller","italy, robber, cocaine, revenge, dog cage, father daughter relationship",https://image.tmdb.org/t/p/w500/eaZq1G8sJHv9f9a5IzioQlS3REX.jpg
Mar em Fúria,The Perfect Storm,The storm is coming.,Wolfgang Petersen,2000,"Action, Adventure, Drama, Thriller","based on novel or book, natural disaster, u.s. air force, biography, based on true story, disaster, shark, tragic event, thunderstorm, new england, jamaican, meteorologist, rescue boat, marina, city hall, the flemish cap, male camaraderie, storm at sea, 1990s, man vs nature",https://image.tmdb.org/t/p/w500/aOYHJclz1yZdFT3hdMY8TeYU4fk.jpg
Splice - A Nova Espécie,Splice,Science's newest miracle...is a mistake.,Vincenzo Natali,2009,"Horror, Science Fiction, Thriller","experiment, genetics, dna, gene manipulation, genetic engineering, genetically modified organism",https://image.tmdb.org/t/p/w500/4oqaWnO3dKYAt3vZWAD4oLfOXOC.jpg
Os Smurfs 2,The Smurfs 2,Get ready to get naughty!,Raja Gosnell,2013,"Fantasy, Family, Comedy, Animation",based on cartoon,https://image.tmdb.org/t/p/w500/8cfGugUrTThWdrNRqpCTz2mXPBD.jpg
Irmãos Gêmeos,Twins,Only their mother can tell them apart.,Ivan Reitman,1988,Comedy,"experiment, orphanage, perfection, low intelligence, jet engine, twins separated at birth, artist colony, same habits, opposites",https://image.tmdb.org/t/p/w500/stJx9BQZbXrZnTGf9Erc7d2UMVc.jpg
A Primeira Vez,The First Time,Nervous is normal.,Jonathan Kasdan,2012,"Drama, Comedy, Romance","virgin, high school, first love, awkwardness",https://image.tmdb.org/t/p/w500/tG6jUndWd9FRuvI4j5Z2bhTuq0V.jpg
Doom: A Porta do Inferno,Doom,No one gets out alive.,Andrzej Bartkowiak,2005,"Action, Horror, Science Fiction","martial arts, monster, teleportation, fight, superhuman, creature, special forces, commando, based on video game, severed ear, future war, wisecrack humor, action hero, 2040s",https://image.tmdb.org/t/p/w500/y50lH061yWOvEstoZRn7lYs0huk.jpg
Luta por Justiça,Just Mercy,Every generation has its hero. Meet ours.,Destin Daniel Cretton,2019,"Drama, Crime, History","judge, innocence, based on true story, lawyer, racism, justice, 1980s, legal drama",https://image.tmdb.org/t/p/w500/4YJNp1cquIkX8JxFwkKNEFQ9tgr.jpg
Em Transe,Trance,Don't be a hero.,Danny Boyle,2013,"Thriller, Crime, Drama, Mystery","amnesia, heist, art thief, hypnotism, duringcreditsstinger",https://image.tmdb.org/t/p/w500/3MVYuyVknNA9yC0Gy6z3zDAiWfX.jpg
Pequenos Espiões 3: Game Over,Spy Kids 3-D: Game Over,3rd Mission. 3rd Dimension.,Robert Rodriguez,2003,"Action, Adventure, Comedy, Family, Science Fiction","mission, artificial intelligence (a.i.), video game, liberation, child hero, secret agent, game developer, trapped in a game",https://image.tmdb.org/t/p/w500/oP53PyexPlQd1xDt8kkvX5LdQdT.jpg
Megatubarão 2,Meg 2: The Trench,Back for seconds.,Ben Wheatley,2023,"Action, Science Fiction, Horror","based on novel or book, sequel, shark, kaiju, civil action, oceans, shark cage",https://image.tmdb.org/t/p/w500/4m1Au3YkjqsxF8iwQy0fPYSxE0h.jpg
Os Homens que Encaravam Cabras,The Men Who Stare at Goats,No goats. No glory.,Grant Heslov,2009,"Comedy, War","vietnam veteran, kuwait, new age, paranoid fantasy, hippie lifestyle, drug use",https://image.tmdb.org/t/p/w500/5boJKypPQmgABssbKOk2RvsCnSv.jpg
Æon Flux,Æon Flux,The Perfect World Meets The Perfect Assassin,Karyn Kusama,2005,"Science Fiction, Action, Thriller","martial arts, espionage, dystopia, surrealism, based on cartoon, shootout, infertility, cyberpunk, sabotage, one against many, woman director, hand to hand combat, human cloning, cautionary",https://image.tmdb.org/t/p/w500/5958Nt4QX6aRSUdQnvNw8wqjTJQ.jpg
Herói,英雄,One man's strength will unite an empire.,Yimou Zhang,2002,"Drama, Adventure, Action, History","martial arts, kung fu, right and justice, countryside, loss of loved one, patriot, wuxia, warring states period, 3rd century bc",https://image.tmdb.org/t/p/w500/1NBtOH3KPU9UUp1vzVHJ8qzdW88.jpg
Atividade Paranormal 3,Paranormal Activity 3,It Runs In The Family.,"Henry Joost, Ariel Schulman",2011,"Horror, Mystery","witch, sibling relationship, haunting, family secrets, sequel, prequel, found footage, paranormal activity, ghoulish",https://image.tmdb.org/t/p/w500/9nYranPiWdNmbD5PRPPSL7VUFTS.jpg
O Escritor Fantasma,The Ghost Writer,Read between the lies.,Roman Polanski,2010,"Thriller, Mystery","london, england, cia, based on novel or book, politics, war crimes, massachusetts, author, martha's vineyard",https://image.tmdb.org/t/p/w500/rK7m2Ba0ieXa37NaAmrx4dfRvvM.jpg
Orgulho e Preconceito e Zumbis,Pride and Prejudice and Zombies,Bloody lovely.,Burr Steers,2016,"Romance, Horror, Comedy, Thriller","based on novel or book, dystopia, shaolin, prejudice, zombie, pride, gold digger, 19th century, georgian or regency era, parson, mashup",https://image.tmdb.org/t/p/w500/jsJlOhVHiz1xXr36616EI8tJ4b2.jpg
Milk: A Voz da Igualdade,Milk,Never blend in.,Gus Van Sant,2008,"History, Drama","california, election campaign, politics, homophobia, san francisco, california, 1970s, mayor, politician, biography, based on true story, murder, male homosexuality, morality, election, lgbt, candlelight vigil, lgbt activist, mayoral campaign, gay history, gay theme, gay rights",https://image.tmdb.org/t/p/w500/ot4ImF4b7QbS6XsTdMH3pWxNmX2.jpg
Ma,Ma,Get Home Safe,Tate Taylor,2019,"Horror, Thriller","casino, kidnapping, psychopath, underage drinking, revenge, murder, slasher, psychological thriller, stabbing, veterinary, mental illness, loner, school loner, hanging out, munchausen syndrome by proxy",https://image.tmdb.org/t/p/w500/6n7ASmQ1wY2cxTubFFGlcvPpyk7.jpg
Kramer vs. Kramer,Kramer vs. Kramer,There are three sides to this love story.,Robert Benton,1979,Drama,"husband wife relationship, marriage, custody battle, divorce, family, couple, selfishness, manhattan, new york city, child custody, abandonment",https://image.tmdb.org/t/p/w500/6IVQjDTbr7pXx2AR8jovbYwpyiF.jpg
Um Príncipe em Nova York 2,Coming 2 America,A sequel is in the heir.,Craig Brewer,2021,Comedy,"africa, prince, heir to the throne, sequel, queens, new york city",https://image.tmdb.org/t/p/w500/nWBPLkqNApY5pgrJFMiI9joSI30.jpg
Evolução,Evolution,Coming to wipe that silly smile off your planet.,Ivan Reitman,2001,"Comedy, Science Fiction, Action","governor, fire engine, giant monster, grand canyon, alien life-form, shampoo, evolution, high school teacher, government scientist, napalm, primate, advertisement",https://image.tmdb.org/t/p/w500/dwIrP544LxJtXToLpzkEa08pIMm.jpg
22 Milhas,Mile 22,Option 1: Diplomacy. Option 2: Military. Meet Option 3.,Peter Berg,2018,"Action, Thriller","martial arts, cia, handheld camera, top secret, black ops, political corruption, intelligence officer, elite forces, tactical command unit, triple agent",https://image.tmdb.org/t/p/w500/2L8ehd95eSW9x7KINYtZmRkAlrZ.jpg
Quanto Mais Idiota Melhor,Wayne's World,You'll laugh. You'll cry. You'll hurl.,Penelope Spheeris,1992,"Comedy, Music","romantic rivalry, heavy metal, parody, singer, breaking the fourth wall, television producer, buddy, aftercreditsstinger, duringcreditsstinger, woman director, multiple endings, best friends",https://image.tmdb.org/t/p/w500/nhQtlLVl2z5ywu2uDnXjVqi08On.jpg
Pi,Pi,"There will be no order, only chaos",Darren Aronofsky,1998,"Mystery, Drama, Thriller","new york city, hacker, ark of the covenant, insanity, paranoia, mathematics, mathematician, delusion, helix, headache, chaos theory, migraine, genius, surrealism, alienation, computer chip, talmud, garden of eden, math genius, atonement, mysticism, intuition, psychotronic film, lynchian, avant garde, absurd, savant, fibonacci, spiral",https://image.tmdb.org/t/p/w500/dET9ULtaMJEUnfylQE1n5LC9gr7.jpg
Rua do Medo: 1994 - Parte 1,Fear Street: 1994,Face the evil.,Leigh Janiak,2021,"Mystery, Horror","witch, based on novel or book, shopping mall, murder, curse, drugs, witchcraft, lgbt, 1990s",https://image.tmdb.org/t/p/w500/9J9Wy39ZjrVmfk7yMkulpcI5sy0.jpg
Zona Verde,Green Zone,Chief Warrant Officer Roy Miller is done following orders,Paul Greengrass,2010,"War, Action, Adventure, Drama, Thriller","conspiracy, soldier, iraq war, weapon of mass destruction, baghdad, iraqi , near east",https://image.tmdb.org/t/p/w500/czFIaeukSxNEccysQeys1PCkuOG.jpg
Horror em Amityville,The Amityville Horror,What happened over the next 28 days has never been explained.,Andrew Douglas,2005,Horror,"holy water, haunted house, based on true story, long island, new york, family dinner, paranormal, murder, family, death, wood chopping, backwards, tortured to death, moving in, family in danger, horror remake",https://image.tmdb.org/t/p/w500/4D246dpe7yy2GvHI2IbpeqkUXry.jpg
Hannibal: A Origem do Mal,Hannibal Rising,It started with revenge.,Peter Webber,2007,"Crime, Drama, Thriller, Horror","mask, winter, psychopath, world war ii, lithuania, decapitation, serial killer, racism, strangulation, cannibal, crucifix, cadaver, incinerator, medical student, 1940s, chateau, violence",https://image.tmdb.org/t/p/w500/7FTDMQoac0uqJUquZk4KenDzLMZ.jpg
Polar,Polar,"If the job doesn't kill you, retirement will.",Jonas Åkerlund,2019,"Action, Crime, Drama","assassin, hitman, montana, chile, based on graphic novel, isolated house, criminal organization, neo-noir, forced retirement",https://image.tmdb.org/t/p/w500/qOBEpKVLl8Q9CZScbOcRRVISezV.jpg
O Estranho que Nós Amamos,The Beguiled,"Innocent, until betrayed.",Sofia Coppola,2017,Drama,"based on novel or book, remake, sexual tension, period drama, union soldier, virginia, american civil war, woman director, confederacy, 19th century, girls' school",https://image.tmdb.org/t/p/w500/uQxfqFAqAvNK5b1wD11b2ycDAVg.jpg
Funcionário do Mês,Quo vado?,,Gennaro Nunziante,2016,Comedy,,https://image.tmdb.org/t/p/w500/oJ9w9tHdkLOs2hTJ4SAsBC0Bqtg.jpg
Se Meu Apartamento Falasse,The Apartment,"Movie-wise, there has never been anything like it - laugh-wise, love-wise, or otherwise-wise!",Billy Wilder,1960,"Comedy, Drama, Romance","new year's eve, new york city, lovesickness, clerk, winter, age difference, suicide attempt, office, flat, spaghetti, tennis racket, romantic comedy, black and white, extramarital affair, christmas",https://image.tmdb.org/t/p/w500/hhSRt1KKfRT0yEhEtRW3qp31JFU.jpg
Fúria Incontrolável,Unhinged,He can happen to anyone.,Derrick Borte,2020,"Action, Thriller","psychopath, aggression, stalker, murder, arson, single mother, confrontation, divorced, threat, pickup truck, road rage, retribution, phone call, consequences, psychotic break, road thriller, murderous intentions, fired from a job, horrific crime, older sister younger brother, intense, unstoppable, terrorized, fight for life, edge-of-your-seat",https://image.tmdb.org/t/p/w500/6WC3cIhuaLZSq3SbtdOp2ZTSTe.jpg
O Rei da Comédia,The King of Comedy,It's No Laughing Matter.,Martin Scorsese,1982,"Drama, Comedy","prison, new york city, blackmail, show business, entertainer, fbi, studio, receptionist",https://image.tmdb.org/t/p/w500/3BM78deUfeZfShqPTblZuamgC8a.jpg
Selvagens,Savages,Young. Beautiful. Deadly.,Oliver Stone,2012,"Crime, Drama, Thriller","explosive, widow, american abroad, eye gouging, dea agent, shot, southern california, surrogate daughter, laguna beach, california, enforcer, gardner, skull mask, dea",https://image.tmdb.org/t/p/w500/a5h5FvryxiALwfv3FzgUKxJHHPG.jpg
Malena,Malèna,"Too young to be a widow, too beautiful to be alone.",Giuseppe Tornatore,2000,Drama,"jealousy, sicily, italy, world war ii, longing, sex trafficking, intrigue, pretty woman",https://image.tmdb.org/t/p/w500/3OyQTl0IGkbnjDxd3MhztfPE34g.jpg
Bem-vindo aos 40,This Is 40,The sort-of sequel to 'Knocked Up',Judd Apatow,2012,Comedy,"husband wife relationship, family relationships, love, parenting, parents, financial problem, duringcreditsstinger",https://image.tmdb.org/t/p/w500/mzUuOIFoVkRTHACRb58vm6mkbBN.jpg
O Mistério do Relógio na Parede,The House with a Clock in Its Walls,This house knows what makes you tick.,Eli Roth,2018,"Fantasy, Family, Comedy","based on novel or book, clock, haunted house, uncle, pumpkin, orphan, warlock, secret passageway, 1950s, magician",https://image.tmdb.org/t/p/w500/qM66Hv4ByAxnilr0jaqCA9uOD4Y.jpg
"Corra, Lola, Corra",Lola rennt,Every second of every day you're faced with a decision that can change your life.,Tom Tykwer,1998,"Action, Drama, Thriller","daughter, race against time, berlin, germany, homeless person, casino, red hair, nun, supermarket, ambulance, subway, money, fate, time loop",https://image.tmdb.org/t/p/w500/v0giIi4bTILVhNhJajet3WWY3FA.jpg
Escritores da Liberdade,Freedom Writers,Their story. Their world. Their future.,Richard LaGravenese,2007,"Crime, Drama","daughter, high school, based on novel or book, black people, holocaust (shoah), ghetto, diary, violence in schools, principal witness , biography, racial segregation, anne frank, school excursion, idealism, based on true story, racial tension, gang violence",https://image.tmdb.org/t/p/w500/81AdeUQT99N0xPg3j6RVh0YGOTk.jpg
Alvin e os Esquilos 3,Alvin and the Chipmunks: Chipwrecked,"Sun, Sea and Squeaks.",Mike Mitchell,2011,"Comedy, Fantasy, Family, Music, Animation","sequel, chipmunk, cruise ship, live action and animation, overboard",https://image.tmdb.org/t/p/w500/npOXWVoZyl8UrF2wtByHtfmsWSX.jpg
Pequenos Espiões 2: A Ilha dos Sonhos Perdidos,Spy Kids 2: The Island of Lost Dreams,Little Spies. Big Attitudes.,Robert Rodriguez,2002,"Action, Adventure, Family, Comedy, Science Fiction","island, experiment, spy, wretch, secret organization, villain, rivalry, scientist, secrecy",https://image.tmdb.org/t/p/w500/z8pfWCk6SlxxDLXXQdUHdxF5dwJ.jpg
Amantes Eternos,Only Lovers Left Alive,,Jim Jarmusch,2013,"Drama, Romance","musician, vampire, tangier morocco, love, detroit, michigan, contamination, vampiress (female vampire)",https://image.tmdb.org/t/p/w500/kffoWJ7FfPRlFFBGixOMbq3blQp.jpg
Férias Frustradas de Verão,Adventureland,Nothing brings people together like a crappy summer job.,Greg Mottola,2009,"Comedy, Drama","infidelity, amusement park, summer job, carny, marijuana joint, reconciliation, ticket booth, job seeking, leaving home, duringcreditsstinger, young adult, 1980s",https://image.tmdb.org/t/p/w500/eeSJNAR1aWcgANq26KWIHm3cbyB.jpg
Piranha,Piranha 3D,There's something in the water.,Alexandre Aja,2010,"Comedy, Horror","yacht, film in film, scuba diving, creature, piranha, spring break, man eating monster",https://image.tmdb.org/t/p/w500/9651UNV3Mj45IOYCD9vlxFpYiw0.jpg
Noite de Ano Novo,New Year's Eve,The one night anything is possible.,Garry Marshall,2011,"Comedy, Romance","new year's eve, holiday, illustrator, caterer, pedicab, ticket, videoconferencing, multiple storylines, duringcreditsstinger",https://image.tmdb.org/t/p/w500/nNh8PDzkx4dUdNYtlzAiprpNs5e.jpg
Camp Rock,Camp Rock,,Matthew Diamond,2008,"Family, Music, Comedy, Drama, TV Movie, Romance","summer camp, rock star, aspiring singer, camp, singing, summer, lying, teenage romance",https://image.tmdb.org/t/p/w500/7IXMqZnwccogptThay3togKIFWw.jpg
Maligno,Malignant,A new vision of terror.,James Wan,2021,"Horror, Mystery, Thriller","dream, monster, brain tumor, detective, seattle, washington, gore, murder, vision, serial killer, hospital, miscarriage, videotape, murder mystery, sister sister relationship, psychic connection, american giallo",https://image.tmdb.org/t/p/w500/dGv2BWjzwAz6LB8a8JeRIZL8hSz.jpg
3 Dias Para Matar,3 Days to Kill,,McG,2014,"Action, Drama, Thriller","daughter, cia, wife, killing, retirement, family, secret service, illegal drugs, husband",https://image.tmdb.org/t/p/w500/xhSoCoiMAXa4rOM7KhFSOs3gbh7.jpg
Última Viagem a Vegas,Last Vegas,It's going to be legendary,Jon Turteltaub,2013,Comedy,"florida, new york city, california, new jersey, casino, drag queen, married couple, sarcasm, male friendship, grandfather, malibu, stag night, las vegas, older man younger woman relationship, divorced, widower, brooklyn, new york city, group of friends, childhood friends, military veteran, elderly, bachelor party",https://image.tmdb.org/t/p/w500/9Aht200Eu2jYiE9cEQdFfNDtHl6.jpg
Kung-Fu Futebol Clube,少林足球,Get ready to kick some grass!,Stephen Chow,2001,"Action, Comedy","martial arts, kung fu, sports, steel helmet, stadium, champion, shaolin, football (soccer), football (soccer) player",https://image.tmdb.org/t/p/w500/kVpq68NxChzynK7otaymRSaWR8p.jpg
O Quebra-Nozes e os Quatro Reinos,The Nutcracker and the Four Realms,Let the mystery unfold.,"Lasse Hallström, Joe Johnston",2018,"Fantasy, Adventure, Family","princess, magic, fairy tale, betrayal, magical object, based on short story, christmas",https://image.tmdb.org/t/p/w500/9vPDY8e7YxLwgVum7YZIUJbr4qc.jpg
O Barco: Inferno no Mar,Das Boot,When the hunters become the hunted.,Wolfgang Petersen,1981,"Drama, History, War","based on novel or book, submarine, war correspondent, atlantic ocean, gibraltar, world war ii, duty, suicide mission, drinking, sailor, convoy, destroyer, naval warfare, naval battle, battle of the atlantic",https://image.tmdb.org/t/p/w500/9nV5YlX05MHC7zZzffY9kgc8r5d.jpg
Heróis Fora de Órbita,Galaxy Quest,A comedy of Galactic Proportions.,Dean Parisot,1999,"Comedy, Science Fiction, Adventure","spacecraft, teleportation, space battle, parody, spoof, fans, fan convention, actors, tv show, humanoid alien, galaxy quest",https://image.tmdb.org/t/p/w500/fZXSwgZknp81vmciTb86rw0MejV.jpg
A Luta pela Esperança,Cinderella Man,One man's extraordinary fight to save the family he loved.,Ron Howard,2005,"Romance, Drama, History","daughter, transporter, sports, world cup, socially deprived family, boxer, family's daily life, netherlands, comeback, defeat, training, heavy weight, folk hero, biography, boxing",https://image.tmdb.org/t/p/w500/i7OYyyAB2pSW9YwK0M2swDz6xSc.jpg
A Entrega,The Drop,,Michaël R. Roskam,2014,"Drama, Crime","robbery, hitman, winter, blackmail, crime boss, bartender, mobster, organized crime, pitbull, church, catholic, brooklyn, new york city, ex-con, super bowl, abandoned puppy",https://image.tmdb.org/t/p/w500/ehFOkPH0tRdbyghxGDR418Mgn9V.jpg
Creed III,Creed III,You can't run from your past.,Michael B. Jordan,2023,"Drama, Action","husband wife relationship, philadelphia, pennsylvania, sports, deaf, sequel, orphan, former best friend, ex-con, childhood friends, juvenile detention center, boxing, prodigy",https://image.tmdb.org/t/p/w500/cvsXj3I9Q2iyyIo95AecSd1tad7.jpg
Victor Frankenstein,Victor Frankenstein,Discover the origin of the monster and his creation.,Paul McGuigan,2015,"Drama, Science Fiction, Thriller","london, england, experiment, reanimated corpse, 19th century",https://image.tmdb.org/t/p/w500/bYUmSLPtWylFKbEBHOXT1kt9l5b.jpg
Campo do Medo,In the Tall Grass,Some places have a mind of their own.,Vincenzo Natali,2019,"Horror, Drama, Thriller","based on novel or book, maze, pregnant woman, father son relationship, brother sister relationship, grass field",https://image.tmdb.org/t/p/w500/1RxhzwFkAUqMt215Brb06u8P8pn.jpg
Monte Carlo,Monte Carlo,She's having the time of someone else's life.,Thomas Bezucha,2011,"Adventure, Comedy, Romance","monte carlo, mistaken identity, look-alike, young woman, texan, american abroad",https://image.tmdb.org/t/p/w500/dcbqyycrWA56HXq5lm41HYuED8Y.jpg
Era Uma Vez no México,Once Upon a Time in Mexico,The Time Has Come.,Robert Rodriguez,2003,"Action, Drama, Mystery","cia, corruption, revenge, brutality, drug lord",https://image.tmdb.org/t/p/w500/oY0Yqsj4TwkjELkIHXJimjdbV8M.jpg
Corra que a Polícia vem Aí 2½,The Naked Gun 2½: The Smell of Fear,If you see only one movie this year...you ought to get out more often,David Zucker,1991,"Comedy, Crime","usa president, washington dc, usa, the white house, police, parody, slapstick comedy, spoof, los angeles, california, good versus evil, based on tv series",https://image.tmdb.org/t/p/w500/v9niLQWVzVPB1cP1ThNdEaLZG1Q.jpg
Garfield 2,Garfield: A Tail of Two Kitties,The Ego has landed.,Tim Hill,2006,"Animation, Comedy, Family, Adventure","luxury, london, england, cat, mistake in person, wretch, prince, mistaken identity, based on comic, royalty, animal, nobility",https://image.tmdb.org/t/p/w500/osfMaHucgLtHtsMa6TQLTooE3G7.jpg
Rogai por Nós,The Unholy,Be careful who you pray to.,Evan Spiliotopoulos,2021,"Horror, Mystery","demon, religious horror",https://image.tmdb.org/t/p/w500/bShgiEQoPnWdw4LBrYT5u18JF34.jpg
O Ódio que Você Semeia,The Hate U Give,Two worlds. One voice. No going back.,George Tillman Jr.,2018,"Crime, Drama","high school, based on novel or book, trauma, protest, riot, teenage girl, racism, police officer, preparatory school, racial profiling, generation z, based on young adult novel",https://image.tmdb.org/t/p/w500/2icwBom0t5nmOuZI9FVXF3gkMK0.jpg
A Centopeia Humana,The Human Centipede (First Sequence),Their flesh is his fantasy,Tom Six,2009,Horror,"sadism, kidnapping, exploitation, surgeon, body mutilation, police officer, psychosis, coprophilia, scalpel, equestrian, torture porn, coprophagia, anesthesia, intravenous, misanthrope, shock value",https://image.tmdb.org/t/p/w500/gMtjxIkEi0hnTV5lPHbgeZ4ZpUZ.jpg
Sex and the City: O Filme,Sex and the City,Get Carried away.,Michael Patrick King,2008,"Comedy, Drama, Romance","hotel, new year's eve, new york city, forgiveness, city portrait, fashion journal, saint louis, female friendship, romantic comedy, fashion designer, malibu, loss of libido, botox, couples therapy, best friend, wedding, break-up, fashion, manhattan, new york city, desire to have children, female sexuality",https://image.tmdb.org/t/p/w500/AhNfnsGW95RKHQNLdgFH48UN0Zy.jpg
A Entidade 2,Sinister 2,Some Things You Can't Unsee.,Ciarán Foy,2015,Horror,"nightmare, police, investigation, supernatural, haunted house, snuff, deputy, sequel, evil spirit, murder, private investigator, disappearance, investigator, twins, killer, evil, ritual murder, ghost, mysterious killer, evil child, isolated farmhouse, cold case, supernatural power, rural",https://image.tmdb.org/t/p/w500/jLNUo05tEYaPMTmEoYTld8XYmOt.jpg
Coração de Tinta - O Livro Mágico,Inkheart,Every story ever written is just waiting to become real.,Iain Softley,2008,"Adventure, Family, Fantasy","fairy tale, supernatural, eavesdropping, writer's block, unicorn",https://image.tmdb.org/t/p/w500/jqvhxcowBfckO8RWtaMMVc4QFeB.jpg
O Homem da Máfia,Killing Them Softly,In America you're on your own.,Andrew Dominik,2012,"Crime, Thriller","hotel, robbery, based on novel or book, poker, hitman, gambling, gangster, junkie, cynicism, alcoholism, economy, murder, hit, mobster, organized crime, brutality, drugs, criminal, ex-con, neo-noir, bar, violence",https://image.tmdb.org/t/p/w500/heaz45kpFa4Oa7iLis0OBas68ls.jpg
Karate Kid 2: A Hora da Verdade Continua,The Karate Kid Part II,"This time, the combat is real.",John G. Avildsen,1986,"Adventure, Drama, Action, Romance, Family","underdog, martial arts, japan, sports, death of father, okinawa, sequel, feud, revenge, teen movie, japanese woman, self esteem, mentor protégé relationship, japanese family, japanese girl, traditional culture, romantic rival, japanese tradition, enemy turned friend",https://image.tmdb.org/t/p/w500/k0OwgRR6PNu7h3SiqpCbRdZWNaG.jpg
Butch Cassidy,Butch Cassidy and the Sundance Kid,"Not that it matters, but most of it is true.",George Roy Hill,1969,Western,"dynamite, bolivia, male friendship, on the run, shootout, buddy, train robbery, posse, last stand, escape plan, western bandits, preserved film",https://image.tmdb.org/t/p/w500/gFmmykF1Ym3OGzENo50nZQaD1dx.jpg
O Exorcista do Papa,The Pope's Exorcist,"Inspired by the actual files of Father Gabriele Amorth, Chief Exorcist of the Vatican.",Julius Avery,2023,"Horror, Thriller","spain, rome, italy, pig, vatican, pope, possession, conspiracy, devil, exorcist, skepticism, catholic priest, 1980s, supernatural horror",https://image.tmdb.org/t/p/w500/jFC4LS5qTAT3PinzdEzINfu1CV9.jpg
O Retrato de Dorian Gray,Dorian Gray,Forever Young. Forever Cursed.,Oliver Parker,2009,"Fantasy, Drama, Thriller",based on novel or book,https://image.tmdb.org/t/p/w500/uRKt8nYdy7EO4uqeKVVpZRmqrxF.jpg
Amor com Data Marcada,Holidate,Who's your perfect plus-one?,John Whitesell,2020,"Comedy, Romance","date, holiday, single, family dinner, family tension, late marriage, friend with benefits",https://image.tmdb.org/t/p/w500/oXCLSlCRWWHsSSwLJSVIC0DDWsE.jpg
Polícia em Poder da Máfia,Triple 9,The Code on the Street is Never Black & White,John Hillcoat,2016,"Action, Crime, Adventure, Thriller","bomb, bratva (russian mafia), detective, assault rifle, ghetto, cocaine, strip club, heist, murder, betrayal, bag of money, dirty cop, bank robbery, death of brother, atlanta, georgia",https://image.tmdb.org/t/p/w500/hMW4p1CBF8Q94PqQk8b2EyT4IJk.jpg
Demolição,Demolition,Life: Some disassembly required.,Jean-Marc Vallée,2015,"Comedy, Drama","infidelity, new york city, loss of loved one, pregnancy, dark comedy, carousel , father-in-law, car crash, pot smoking, grieving widower, grief, marijuana, male homosexuality, hospital, car accident, mourning, lgbt teen, grieving, vending machine, death of wife, investment banker, station wagon",https://image.tmdb.org/t/p/w500/4t56LZ1KbOOxgKfqMKN6truBDVc.jpg
Uma Aventura Lego 2,The Lego Movie 2: The Second Part,They come in pieces.,Mike Mitchell,2019,"Action, Adventure, Animation, Comedy, Family","sequel, based on toy, live action and animation, lego",https://image.tmdb.org/t/p/w500/QTESAsBVZwjtGJNDP7utiGV37z.jpg
Magia ao Luar,Magic in the Moonlight,,Woody Allen,2014,"Comedy, Drama, Romance","magic, provence, aunt, spiritualist",https://image.tmdb.org/t/p/w500/sd6oaGSwKweRmtcBKjk8tvan3u0.jpg
Voando Alto,Eddie the Eagle,"Win or lose, always aim high.",Dexter Fletcher,2016,"Comedy, Drama, History, Adventure","underdog, sports, olympic games, mountain, ski jump, biography, based on true story, britain, snow skiing, 1980s, dedication",https://image.tmdb.org/t/p/w500/80fwjYfHmeDXobIErpNvCFCOAYd.jpg
Poseidon,Poseidon,Mayday,Wolfgang Petersen,2006,"Adventure, Action, Drama, Thriller","new year's eve, daughter, self-abandonment, ship, fire, drowning, cataclysm, escape, loss of loved one, shipwreck, atlantic ocean, ball, giant wave, blackout, single, remake, disaster, capsized ship, disaster movie",https://image.tmdb.org/t/p/w500/1ma5b9XLCziCHzQP0Zy1Y1PqNyM.jpg
A Creche do Papai,Daddy Day Care,Who's your daddy?,Steve Carr,2003,"Comedy, Family","competition, success, father, kindergarten, unemployment, child care, laid off, pre-school, househusband, small business, father son relationship",https://image.tmdb.org/t/p/w500/uiey5XUKuPicwpIJMf1OpaOd1jL.jpg
O Tempo com Você,天気の子,A story about the secret of this world that only I and she know.,Makoto Shinkai,2019,"Animation, Drama, Fantasy, Romance","japan, magic, climate change, rain, surrealism, weather, weather manipulation, romance, slice of life, tokyo, japan, orphan, summer, flood, japanese mythology, anime, time skip, supernatural power",https://image.tmdb.org/t/p/w500/qgrk7r1fV4IjuoeiGS5HOhXNdLJ.jpg
A Cabana,The Shack,You're never as alone as you think.,Stuart Hazeldine,2017,"Drama, Fantasy","based on novel or book, loss of loved one, christianity, guilt, death of daughter, family trip, christian film, christian",https://image.tmdb.org/t/p/w500/doAzav9kfdtsoSdw1MDFvjKq3J4.jpg
Casamento Grego,My Big Fat Greek Wedding,Love is here to stay... so is her family.,Joel Zwick,2002,"Comedy, Drama, Romance","parent child relationship, culture clash, midlife crisis, greece, bad mother-in-law, mother-in-law, restaurant, parents-in-law, bad father-in-law, son-in-law, father-in-law, patriarch, greek, wedding, family, xenophobia",https://image.tmdb.org/t/p/w500/ztc05ym0T3stnBpRHdxEs3Zwsmp.jpg
Com 007 Só Se Vive Duas Vezes,You Only Live Twice,You Only Live Twice... and Twice is the only way to live!,Lewis Gilbert,1967,"Action, Thriller, Adventure","island, japan, assassin, london, england, helicopter, assassination, based on novel or book, nasa, england, funeral, vulkan, war ship, secret mission, missile, secret intelligence service, secret identity, asia, ninja fighter, secret base, secret organization, villain, phantom, sumo ringer, volcano, space, soldier, killer, secret service, blast",https://image.tmdb.org/t/p/w500/fdRbvRcEXcf2rC4ghLFZzCWPSmB.jpg
Obrigado por Fumar,Thank You for Smoking,Tobacco lobbyist Nick Naylor is trying to SAVE YOUR ASH!,Jason Reitman,2005,"Comedy, Drama","research, based on novel or book, capitalism, politics, smoking, cigarette, lie, politician, tobacco, health, marketing, social satire, morality, advertising, lung cancer, lobbyist, tobacco industry, nicotine, father son relationship",https://image.tmdb.org/t/p/w500/yuJtEgVZ9TCWaOSN41hcMiCdz26.jpg
Os Piratas do Rock,The Boat That Rocked,On air. Off shore. Out of control.,Richard Curtis,2009,"Drama, Comedy","ship, rock 'n' roll, great britain, radio station, north sea, pirate radio, swinging 60s, dj, 1960s, teenage protagonist",https://image.tmdb.org/t/p/w500/l7CBRLAXUnHi0kp2krhLtlJvtWI.jpg
Primer,Primer,What happens if it actually works?,Shane Carruth,2004,"Science Fiction, Drama, Thriller","distrust, garage, mathematics, identity crisis, time travel, time machine, paradox, mechanical engineering",https://image.tmdb.org/t/p/w500/xEoq2WmDzpzxhkHEsmOYOg6BPg6.jpg
Luzes da Cidade,City Lights,True Blind Love,Charles Chaplin,1931,"Comedy, Romance, Drama","blindness and impaired vision, eye operation, operation, love of one's life, suicide attempt, flower shop, flower girl, tramp, love, black and white, millionaire, silent film, blind girl, little tramp, feel good",https://image.tmdb.org/t/p/w500/bXNvzjULc9jrOVhGfjcc64uKZmZ.jpg
Dupla Explosiva 2: E a Primeira-Dama do Crime,Hitman's Wife's Bodyguard,Killer threesome.,Patrick Hughes,2021,"Action, Comedy, Crime, Thriller","hitman, bodyguard, sequel",https://image.tmdb.org/t/p/w500/6zwGWDpY8Zu0L6W4SYWERBR8Msw.jpg
Rashomon,羅生門,"The husband, the wife… or the bandit?",Akira Kurosawa,1950,"Crime, Drama, Mystery","dying and death, japan, samurai, rape, court case, court, truth, rain, woodcutter, subjectivity, medium, sunlight, criminal, based on short story, multiple perspectives, jidaigeki, heian period",https://image.tmdb.org/t/p/w500/vL7Xw04nFMHwnvXRFCmYYAzMUvY.jpg
Fúria em Alto Mar,Hunter Killer,Courage runs deep,Donovan Marsh,2018,"Action, Thriller","sniper, washington dc, usa, submarine, pentagon, u.s. navy, special forces, russian army, naval base, russian president, post cold war",https://image.tmdb.org/t/p/w500/a0j18XNVhP4RcW3wXwsqT0kVoQm.jpg
O Garoto da Casa ao Lado,The Boy Next Door,A Moment She Couldn't Resist. An Obsession He Can't Control.,Rob Cohen,2015,Thriller,"infidelity, high school, parent child relationship, loss of loved one, obsession, insanity, blackmail, villain, blind date, stalker, hidden camera, sociopath, unrequited love, neighbor, fatal attraction, older woman younger man relationship, erotic thriller",https://image.tmdb.org/t/p/w500/tM0hpWw3GONam6TKcMMciecHjhT.jpg
Perigo por Encomenda,Premium Rush,Ride Like Hell,David Koepp,2012,"Crime, Action, Thriller","new york city, race against time, corruption, underground, dirty cop, police officer, bicycle courier, young man, death match, duringcreditsstinger, biking, cyclist, fear of death, death wish, life or death",https://image.tmdb.org/t/p/w500/haP8R490QeEzAJgRHuutIuG8KOG.jpg
Uma Prova de Amor,My Sister's Keeper,"A tale of life, love, and letting go.",Nick Cassavetes,2009,Drama,"sibling relationship, court case, parent child relationship, in vitro fertilisation, medical examiner, kidney transplant ",https://image.tmdb.org/t/p/w500/atRGqnG7pe0hZP97RWDLrT2hRGZ.jpg
Os Especialistas,Killer Elite,May the best man live.,Gary McKendry,2011,"Action, Adventure, Thriller","rescue, assassin, mexico, based on novel or book, hostage, mentor, secret society, secret agent, beating, revenge, explosion, desert, death, military, 1980s",https://image.tmdb.org/t/p/w500/7O2U0WPFPSvNSUYZlhbnV081lBF.jpg
Julie & Julia,Julie & Julia,Based on Two True Stories.,Nora Ephron,2009,"Romance, Drama","cooking, cookbook, blog, 9/11, woman director, french cuisine, culinary arts, publishing",https://image.tmdb.org/t/p/w500/r1bFBBj3VMek0oEtgm9N51OqVjF.jpg
Rastro de Maldade,Bone Tomahawk,May the Lord have mercy and grant you a swift death,S. Craig Zahler,2015,"Western, Horror, Drama","rescue, sheriff, prisoner, ambush, poison, redemption, wilderness, gore, tribe, native american, rifle, murder, decapitation, drifter, scalping, cannibal, captive, neo-western, civil war veteran, burial ground, cave dwellers, horror western, brutal violence",https://image.tmdb.org/t/p/w500/4MmTHpn2Y8emqvBgvOjufImUmKZ.jpg
Pequenos Guerreiros,Small Soldiers,Big Movie.,Joe Dante,1998,"Comedy, Adventure, Fantasy, Science Fiction, Action","defense industry, toy shop, technical toy, soldier, prototype, killer toys, toy comes to life",https://image.tmdb.org/t/p/w500/2nuUjSzHsoYlRvTPmLo7m7gCQry.jpg
Dente Canino,Κυνόδοντας,The cat is the most feared animal there is!,Yorgos Lanthimos,2009,Drama,"hostage, paranoia, dysfunctional family, incest, mental illness, tooth, sexual awakening, fantasy world, isolated house, home education, nordic",https://image.tmdb.org/t/p/w500/7nLuUGlH12cegPfR84QX4xIIH9k.jpg
Ela é Demais para Mim,She's Out of My League,"When she's this hot, You get one shot.",Jim Field Smith,2010,"Romance, Comedy","airport, ex-boyfriend, ex-girlfriend, romantic comedy, ice hockey, best friend, dating, insecurity, airport security, group of friends, opposites attract, unlikely lovers, twenty something, duringcreditsstinger, eccentric family, pittsburgh, pennsylvania, family disapproval, party planner, hot girl, nice guy, pittsburgh penguins, gorgeous blonde, ex-girlfriend comes back, dating advice, meeting the parents",https://image.tmdb.org/t/p/w500/mpYHjyPX0DAxbsnWKmSK5jZ1s4T.jpg
Top Gang! Ases Muito Loucos,Hot Shots!,The mother of all movies.,Jim Abrahams,1991,"Action, Comedy, War","secret mission, bad luck, parody, drill instructor, jet crash",https://image.tmdb.org/t/p/w500/hoPS7RSvdZhZhWf28OfP2IZ0cb3.jpg
Crônicas de Natal,The Christmas Chronicles,Santa's in town early this year,Clay Kaytis,2018,"Comedy, Adventure, Family, Fantasy","holiday, brother, camera, santa claus, massachusetts, sister, saving christmas, north pole, journey, christmas spirit, christmas, chronicles",https://image.tmdb.org/t/p/w500/5Il2EMSF2KecrUKZPuen6BZmaCP.jpg
Videodrome: A Síndrome do Vídeo,Videodrome,First it controls your mind. Then it destroys your body.,David Cronenberg,1983,"Horror, Mystery, Science Fiction","suicide, virtual reality, radio presenter, black market, insanity, paranoia, dystopia, toronto, canada, hallucination, surrealism, sadomasochism, cyberpunk, brainwashing, pittsburgh, pennsylvania, snuff film, pirate broadcast, depressed, ridiculous",https://image.tmdb.org/t/p/w500/qqqkiZSU9EBGZ1KiDmfn07S7qvv.jpg
Cidade dos Anjos,City of Angels,She didn't believe in angels until she fell in love with one.,Brad Silberling,1998,"Romance, Drama, Fantasy","suicide, operation, life and death, afterlife, angel, faith, heaven, remake, los angeles, california, interspecies romance",https://image.tmdb.org/t/p/w500/iuzxpUjHsbQJXV3kB9ZAdCimM60.jpg
Cemitério Maldito,Pet Sematary,Sometimes dead is better.,Mary Lambert,1989,"Horror, Drama","based on novel or book, funeral, parent child relationship, coffin, pet, villain, head injury, resurrection, woods, grief, zombie, new neighbor, pet cemetery, dead cat, death of patient, loss of pet, dead lover, ghost, grave robbing, indian burial ground, woman director, pets, supernatural horror",https://image.tmdb.org/t/p/w500/8ZtH1V4rhrtP53ezlEWrCaMALXF.jpg
American Pie: Tocando a Maior Zona,American Pie Presents: Band Camp,This one time at band camp...,Steve Rash,2005,Comedy,"spanner, hidden camera, marching band, camp, spin off, teenage sexuality, sex comedy",https://image.tmdb.org/t/p/w500/6BgKeWEGROpWwEWvpw7vwfTCr9C.jpg
Contrabando,Contraband,What would you hide to protect your family?,Baltasar Kormákur,2012,"Thriller, Action, Drama, Crime","smuggling (contraband), head wound, criminal, security guard, contrebande",https://image.tmdb.org/t/p/w500/dNNjyZQ0zVtmPa74nJE63Kn0xEx.jpg
Cada Um tem a Gêmea que Merece,Jack and Jill,His twin sister is coming for the holidays... ...and it ain't pretty.,Dennis Dugan,2011,Comedy,"thanksgiving, los angeles, california, family, celebration, duringcreditsstinger",https://image.tmdb.org/t/p/w500/p6xV65iiz9agN2IAtf7cgbZC3YF.jpg
"Ela Dança, Eu Danço 4",Step Up Revolution,One Step Can Change Your World,Scott Speer,2012,"Music, Drama, Romance","flash mob, dance instructor, real estate development, dance company",https://image.tmdb.org/t/p/w500/ab9T58BlOPauWd9tMnK0HhwYY7u.jpg
Um Peixe Chamado Wanda,A Fish Called Wanda,"A tale of murder, lust, greed, revenge, and seafood.","Charles Crichton, John Cleese",1988,"Comedy, Crime","infidelity, robbery, cheating, heart attack, heist, lawyer, silencer, courtroom, american abroad, animal abuse, stuttering, yelling, killing a dog, cutical scissors, run over by a steamroller, gag, excuse, barrel, zoophilia, screwball, heathrow airport, stolen jewelry",https://image.tmdb.org/t/p/w500/hkSGFNVfEEUXFCxRZDITFHVhUlu.jpg
Sexy por Acidente,I Feel Pretty,Change everything Without changing anything.,"Abby Kohn, Marc Silverstein",2018,"Comedy, Romance","confidence, delusion, head injury, cosmetics",https://image.tmdb.org/t/p/w500/rmP8b6vxbpK1sPinnUqXHKq0VkT.jpg
O Paciente Inglês,The English Patient,"In love, there are no boundaries.",Anthony Minghella,1996,"Drama, Romance, War","egypt, secret love, amnesia, airplane, cairo, identity, intelligence, traitor, burn, world war ii, landmine, expedition, cave, sandstorm, cave painting, prisoner of war, map, mine clearer, hearing, desert scientist, desert",https://image.tmdb.org/t/p/w500/8eHHqMg8qEYtVw8LQLygsHXSR2q.jpg
As Pontes de Madison,The Bridges of Madison County,The path of Francesca Johnson's future seems destined due to an unexpected fork in the road...,Clint Eastwood,1995,"Drama, Romance","adultery, secret love, husband wife relationship, based on novel or book, love of one's life, unsociability, marriage crisis, photographer, love at first sight, photography, peasant, mother role, iowa, bridge, housewife, love letter",https://image.tmdb.org/t/p/w500/8TfLAfIh5Qxp2J4ZjOafHYhWtDb.jpg
Os Incompreendidos,Les Quatre Cents Coups,Angel faces hell-bent for violence.,François Truffaut,1959,Drama,"paris, france, delinquent, coming of age, fingerprint, semi autobiographical, skipping school, mugshot, strict teacher, montmartre, paris",https://image.tmdb.org/t/p/w500/12PuU23kkDLvTd0nb8hMlE3oShB.jpg
Spartacus,Spartacus,They trained him to kill for their pleasure ... but they trained him a little too well,Stanley Kubrick,1960,"History, War, Drama, Adventure","epic, gladiator, roman empire, gladiator fight, slavery, insurgence, ancient rome, gay interest, historical fiction, torture, ancient world, slave, technicolor, criterion, escaped slave, 1st century",https://image.tmdb.org/t/p/w500/xLPpQlFWE12cbqNJQ5Vf4eJU8ij.jpg
"George, o Rei da Floresta",George of the Jungle,Watch out!,Sam Weisman,1997,"Adventure, Comedy, Family, Romance","san francisco, california, africa, gorilla, narration, lion, feral child, tarzan, breaking the fourth wall, jungle, falling in love, talking to animals, damsel in distress, comedy of errors, accident prone",https://image.tmdb.org/t/p/w500/lWp8hUqE4oLPxsYgilXoYoVThfU.jpg
Traffic - Ninguém Sai Limpo,Traffic,No one gets away clean,Steven Soderbergh,2000,"Thriller, Drama, Crime","drug dealer, daughter, mother, drug abuse, drug smuggling, smuggling (contraband), war on drugs, drug trafficking, addicted, police operation, father, usa–mexico border, addiction, drug lord, marriage dispute",https://image.tmdb.org/t/p/w500/jbccmnqE4oAPI67bApgt2JiRPz8.jpg
Quando Duas Mulheres Pecam,Persona,Ingmar Bergman's most personal and original film,Ingmar Bergman,1966,Drama,"dream, nurse, confession, identity crisis, mental breakdown, betrayal, mute, patient, psychiatry, submerged, institution, dual personality, stage actress, duality, dissociative identities",https://image.tmdb.org/t/p/w500/bdXbfUir63TQHA5NTNcXPICZCW8.jpg
Gatinhas e Gatões,Sixteen Candles,When you're just sixteen anything can happen!,John Hughes,1984,"Comedy, Romance","high school, birthday, nerd, convertible, crush, teenage crush, exchange student, night vision goggles, sweet sixteen, chastity, teenage angst, high school romance, sister's wedding, popular boy, high school prom",https://image.tmdb.org/t/p/w500/1yDBZiMSVGS1IWWb7B2Rwjdz0Zj.jpg
O Ritual,The Rite,You can only defeat it when you believe.,Mikael Håfström,2011,"Drama, Thriller, Horror","vatican, exorcism, violinist, god, priest, hospital, church, devil, miscarriage, exorcist, disbelief, roman catholic, seminary, limp, toad, clergy, formalin, scepticism",https://image.tmdb.org/t/p/w500/gRTxM95huMwIDfZBJWjuifMTfpx.jpg
A Bela e a Fera,La Belle et la Bête,The legend is reborn...,Christophe Gans,2014,"Fantasy, Romance","based on novel or book, magic, fairy tale, shipwreck, transformation, castle, surrealism, forest, love, man beast, curse, debt, beast, giant man, healing power, based on fairy tale, picturesque, live action and animation",https://image.tmdb.org/t/p/w500/8bErT2koHXAUSW5PdLQqgL5gEEe.jpg
Perfeita é a Mãe 2,A Bad Moms Christmas,Celebrate the holidays like a mother.,"Jon Lucas, Scott Moore",2017,Comedy,christmas,https://image.tmdb.org/t/p/w500/gPNHolu7AGnrB7r5kvJRRTfwMFR.jpg
No Ritmo do Coração,CODA,Every family has its own language.,Sian Heder,2021,"Drama, Music, Romance","parent child relationship, music teacher, fishing, deaf, massachusetts, coming of age, remake, singing, family, first love, disability, based on movie, woman director, sign languages, school choir, music school, teenager",https://image.tmdb.org/t/p/w500/BzVjmm8l23rPsijLiNLUzuQtyd.jpg
Licorice Pizza,Licorice Pizza,,Paul Thomas Anderson,2021,"Drama, Comedy","high school, california, jealousy, 1970s, politician, coming of age, love, teenage love, young love, san fernando valley, pinball machine, child actor, young entrepreneur, closeted homosexual, brother brother relationship, jewish, age-gap relationship, period piece, lighthearted, teenager",https://image.tmdb.org/t/p/w500/jD98aUKHQZNAmrk0wQQ9wmNQPnP.jpg
Warriors - Os Selvagens da Noite,The Warriors,These are the armies of the night.,Walter Hill,1979,"Action, Thriller","new york city, street gang, gangster, disc jockey, gang war, coney island, survival, pursuit, gang member, new york subway, girl gang, warrior, the warriors, violence",https://image.tmdb.org/t/p/w500/fCDXAJcPvpsMd5CL1kBKkkNGW3X.jpg
Ela é Demais,She's All That,These two opposites attract... but EVERYONE'S trying to keep them apart!,Robert Iscove,1999,"Comedy, Romance","jeep, volleyball, teen angst, misfit, house party, teen movie, performance art, little people, high school student, young love, prom queen, pygmalion, clown makeup, beatboxing, self expression, tripping, pool cleaner, based on myths, legends or folklore",https://image.tmdb.org/t/p/w500/a0pepZNFCjggc7Na9gEwbTI1f46.jpg
Trolls 2,Trolls World Tour,Happiest. Movie. Ever.,"Walt Dohrn, David P. Smith",2020,"Family, Animation, Comedy, Fantasy, Adventure, Music","dancing, friendship, concert, country music, guitar, cloud, saxophone, sequel, jail, based on toy, rock music, alien abduction, singing, king, desert, pop music, flute, mirage, electronic music, k-pop, spaceship, jukebox musical",https://image.tmdb.org/t/p/w500/7W0G3YECgDAfnuiHG91r8WqgIOe.jpg
Papai Noel às Avessas,Bad Santa,He doesn't care if you're naughty or nice.,Terry Zwigoff,2003,"Drama, Comedy, Crime","elves, holiday, department store, christmas party, safe, drink, little people, christmas",https://image.tmdb.org/t/p/w500/rfClLIyeHqpMofmrPY8DaLe4z9x.jpg
"M, o Vampiro de Dusseldorf",M - Eine Stadt sucht einen Mörder,Who is the murderer?,Fritz Lang,1931,"Drama, Thriller, Crime","berlin, germany, germany, psychopath, detective inspector, child murder, investigation, organized crime, serial killer, black and white, criminal, pre-code, psycho, expressionism, criterion, german expressionism, crime",https://image.tmdb.org/t/p/w500/slsS6jT6SXjcTPOrsFcLIrHboXA.jpg
A Hora da Sua Morte,Countdown,Death? There's an app for that.,Justin Dec,2019,"Horror, Thriller","nurse, countdown, supernatural, religion, phone terror, devil, duringcreditsstinger, mysterious",https://image.tmdb.org/t/p/w500/5TQ0kM41vWFWFAPbZGitOxDysZU.jpg
Juventude,Youth,,Paolo Sorrentino,2015,"Comedy, Drama","hotel, adultery, venice, italy, composer, switzerland, screenwriter, conductor, vacation, aging, swimming pool, director, alps mountains, old friends, opera singer, rock climbing, film director, adolf hitler, nude swimming, novalis",https://image.tmdb.org/t/p/w500/tSJkgDVgrbUFhPEEnHhIiHzrC66.jpg
"Não Se Preocupe, Querida",Don't Worry Darling,Are you ready to live the life you deserve?,Olivia Wilde,2022,"Thriller, Mystery, Drama","suburbian idyll, cult, palm springs, psychological thriller, stepford wife, woman director, 1950s, cultists, unhappy wife",https://image.tmdb.org/t/p/w500/wjAJWfuE5OQm5zerlOAbTxdHFMV.jpg
O Último Rei da Escócia,The Last King of Scotland,Charming. Magnetic. Murderous.,Kevin Macdonald,2006,Drama,"diplomat, luxury, naivety, based on novel or book, general, kidnapping, dictator, africa, mass murder, 1970s, charisma, polygamy, uganda, dictatorship, historical fiction, doctor, idi amin, scottish, kampala",https://image.tmdb.org/t/p/w500/mTtgpH6UnHUtD8moRJUzfGLOZTj.jpg
Hannah Montana: O Filme,Hannah Montana: The Movie,"She has the best of both worlds... Now, she has to choose just one.",Peter Chelsom,2009,"Comedy, Drama, Family, Music, Romance","double life, countryside, pop star, musical, celebrity, tennessee, singer, teen movie, teenage girl, hometown",https://image.tmdb.org/t/p/w500/8pwbnmvshHj2yYPYlyJ8K8Yzecy.jpg
Dragonball Evolution,Dragonball Evolution,The legend comes to life.,James Wong,2009,"Action, Adventure, Fantasy, Science Fiction, Thriller","superhero, karate, revenge, dragon, based on manga, duringcreditsstinger, live action remake",https://image.tmdb.org/t/p/w500/23PcKOqNdhKeMFzORzQGn5eC44N.jpg
Beethoven: O Magnífico,Beethoven,The head of the family is the one with the tail.,Brian Levant,1992,"Family, Comedy","puppy, st. bernard, family, pets",https://image.tmdb.org/t/p/w500/mVb3r5ZOeopEbCbx6kuIAjUz20F.jpg
Frida,Frida,Prepare to be seduced.,Julie Taymor,2002,"Drama, Romance","mexico, love of one's life, bisexuality, painter, surrealism, biography, disabled, lgbt, female artist, woman director, female painter, frida kahlo",https://image.tmdb.org/t/p/w500/a4hgR6aKoohB6MHni171jbi9BkU.jpg
Sob o Mesmo Céu,Aloha,Sometimes you have to say goodbye before you can say hello.,Cameron Crowe,2015,"Drama, Comedy, Romance","love triangle, hawaii, satellite, air force, military, duringcreditsstinger, communication",https://image.tmdb.org/t/p/w500/58Y4CjcRX8AtMNtI0AXu9H7iebP.jpg
A Última Ressaca do Ano,Office Christmas Party,Party like your job depends on it,"Josh Gordon, Will Speck",2016,Comedy,"chicago, illinois, holiday, christmas party, co-workers relationship, duringcreditsstinger, wild party, christmas, brother sister relationship, tech company",https://image.tmdb.org/t/p/w500/7r3w3cPTbNEIr1imb8zXyeIJCJe.jpg
A Chave Mestra,The Skeleton Key,Fearing Is Believing,Iain Softley,2005,"Drama, Horror, Mystery, Thriller","dream, nurse, fight, kidnapping, key, new orleans, louisiana, plantation, lawyer, attic, occult, vinyl record, locked door, creole, southern gothic, hoodoo, paralytic husband",https://image.tmdb.org/t/p/w500/sH7mDPlWwFTqVUg6yKRvToCMH3B.jpg
Max Payne,Max Payne,"When a man has lost everything, he only has revenge.",John Moore,2008,"Crime, Action, Drama, Thriller","new york city, assassin, based on video game, aftercreditsstinger",https://image.tmdb.org/t/p/w500/3cWnCG5NyXJYARO2hmNqfbbgrMA.jpg
Show Bar,Coyote Ugly,This party never ends.,David McNally,2000,"Comedy, Drama, Music, Romance",beautiful woman,https://image.tmdb.org/t/p/w500/p3nIrS9rkdVmMmgKAWtGsmAnhGV.jpg
Livrai-nos do Mal,Deliver Us from Evil,You haven't seen true evil.,Scott Derrickson,2014,"Thriller, Crime, Horror","confession, detective, cave, lion, zoo, bible, iraq war veteran, basement, priest, possessed, demon, catholic, occult, police investigation, demonic possession, neo-noir, security video",https://image.tmdb.org/t/p/w500/Uz32ERsyCmGwV8Eg2wmT2ooWpo.jpg
Um Método Perigoso,A Dangerous Method,Why deny what you desire the most.,David Cronenberg,2011,"Drama, Thriller","infidelity, based on novel or book, psychoanalysis, sigmund freud, biography, based on true story, cigar smoking, spanking, patient, carl jung",https://image.tmdb.org/t/p/w500/7aU2xjjFhZzQzYXa0UM5JW01N4m.jpg
O Primeiro Mentiroso,The Invention of Lying,In a world where everyone can only tell the truth... This guy can lie.,"Ricky Gervais, Matthew Robinson",2009,"Comedy, Fantasy, Romance","lie, religion, lies",https://image.tmdb.org/t/p/w500/clP8tDZeM9jgnqmu4VBClBDpLtS.jpg
Quatro Irmãos,Four Brothers,They came home to bury mom... and her killer,John Singleton,2005,"Action, Crime","robbery, sibling relationship, arbitrary law, adoptive mother, revenge, murder, detroit, michigan, duringcreditsstinger, interracial adoption",https://image.tmdb.org/t/p/w500/8cO39cnWSZQi2ncPG5TxL3YRzKc.jpg
Casa Comigo?,Leap Year,Anna planned to propose to her boyfriend on February 29th. This is not her boyfriend.,Anand Tucker,2010,"Romance, Comedy","wales, taxi, marriage proposal, airplane, road trip, wedding ring, wedding, proposal, cardiologist, ireland, cliffs, opposites attract, odd couple",https://image.tmdb.org/t/p/w500/i86hMi5iEF3WnYLCaGHdT5FPdYg.jpg
Meu Primeiro Amor,My Girl,"When your Dad's an undertaker, your Mom's in heaven, and your Grandma's got a screw loose...it's good to have a friend who understands you. Even if he is a boy.",Howard Zieff,1991,"Comedy, Drama","friendship, 1970s, beehive, remarriage, neighbor, death, writing class, makeup artist, camper, cosmetologist, death in childbirth, tuba, funeral parlor, childhood crush, father daughter relationship",https://image.tmdb.org/t/p/w500/qyJJNHteA7BUwQSey05t7qP4vRV.jpg
Ataque ao Prédio,Attack the Block,Inner City vs. Outer Space,Joe Cornish,2011,"Action, Comedy, Science Fiction","london, england, street gang, chase, fireworks, meteor, playground, arrest, car crash, cannabis, alien, moped, social satire, creature, alien invasion, race, car fire, naive children, south london",https://image.tmdb.org/t/p/w500/wzCMnA6NDruLzgWeqMcLPDrGAdF.jpg
Colossal,Colossal,There's a monster in all of us,Nacho Vigalondo,2017,"Drama, Fantasy, Science Fiction","new york city, small town, monster, mental breakdown, creature, loss of job, alcoholic, psychotic, childhood friends, kaiju, catastrophe, seoul, south korea",https://image.tmdb.org/t/p/w500/4VOyofBd1pexblxtDZYtYIk7NI4.jpg
Um Homem Sério,A Serious Man,…seriously!,"Ethan Coen, Joel Coen",2009,"Comedy, Drama","midlife crisis, professor, minnesota, dark comedy, rabbi, bar mitzvah, marijuana, morality, jewish american, bribery, school bus, bribe, aftercreditsstinger, jewish family, physics professor, 1960s, ethics, transistor radio, dreams, nightmares, flirty neighbor",https://image.tmdb.org/t/p/w500/5gGxDS8WmrebPlMHexVS8EVehiP.jpg
Amor à Segunda Vista,Two Weeks Notice,Over. Done. Finished. A comedy about love at last glance.,Marc Lawrence,2002,"Comedy, Romance","new york city, romantic comedy, lawyer, billionaire, valentine's day, environmental law",https://image.tmdb.org/t/p/w500/r18hSGAcxWiUysbX6nFShIZyjjP.jpg
A Outra,The Other Boleyn Girl,Two sisters divided for the love of a king.,Justin Chadwick,2008,"Drama, Romance, History","sibling relationship, based on novel or book, england, kingdom, politics, queen, royalty, religion, mistress, historical fiction, king, period drama, royal court, anne boleyn, henry viii, palace intrigue, 16th century, aristocrats",https://image.tmdb.org/t/p/w500/9zD3hXV24zJzYvSuakXZU8yMEY4.jpg
Planeta 51,Planet 51,Something strange is coming to their planet...Us!,"Jorge Blanco, Javier Abad, Marcos Martínez",2009,"Animation, Family, Comedy, Science Fiction, Adventure","spacecraft, flying saucer, alien life-form, alien, alien planet, planet, duringcreditsstinger",https://image.tmdb.org/t/p/w500/x7Itcg3ZdExKwdKguy73WPEqosW.jpg
"Para Roma, com Amor",To Rome with Love,,Woody Allen,2012,"Comedy, Romance","rome, italy, anthology, expatriate, episodic",https://image.tmdb.org/t/p/w500/zQvitRPoq0UdoNrFZR0xQBvQIf6.jpg
No Olho do Tornado,Into the Storm,There is no calm before the storm.,Steven Quale,2014,"Action, Thriller","tornado, oklahoma, storm chaser, high school graduation, disaster, found footage, disaster movie",https://image.tmdb.org/t/p/w500/kX4tEjFnXLKaa7hP8H9SuRsXxEt.jpg
A Noite é Delas,Rough Night,The hangover will be the least of their problems,Lucia Aniello,2017,"Drama, Comedy","friendship, miami, florida, dark comedy, female friendship, friends, drugs, drinking, male stripper, fiancé fiancée relationship, aftercreditsstinger, duringcreditsstinger, political candidate, accident, college friends, bachelorette party, comedy of errors",https://image.tmdb.org/t/p/w500/ttC00xcQ5UIO04kU8y0h5OAIYYJ.jpg
Balto,Balto,Part Dog. Part Wolf. All Hero.,Simon Wells,1995,"Family, Animation, Adventure","wolf, pet, dog-sledding race, alaska, dog, goose, bear attack, dog sled, pets",https://image.tmdb.org/t/p/w500/dCVcdb5oxDizqFLz0F7TE60NoC9.jpg
13 Fantasmas,Thir13en Ghosts,Misery loves company.,Steve Beck,2001,"Horror, Thriller","single parent, chase, supernatural, haunted house, family relationships, remake, money, revenge, betrayal, inheritance, last will and testament, devil, survival horror, evil, ghost, curious, frightened, ghoulish",https://image.tmdb.org/t/p/w500/6yrrddjIjx0ElCRZp5pTZeqrj3k.jpg
Hacker,Blackhat,We are no longer in control.,Michael Mann,2015,"Crime, Thriller, Action","race against time, computer, hacker, computer virus, technology, anti hero, nuclear power plant, national security agency (nsa), malaysia, betrayal, fugitive, on the run, conspiracy, shootout, hacking, terrorism, cat and mouse, one against many, terrorist plot, stock exchange, cybercrime, cyber terrorism, chinese military, cyber thriller",https://image.tmdb.org/t/p/w500/7zu6HPnKPjNA7NuR4DGRdaH0PdX.jpg
Procura-se um Amigo para o Fim do Mundo,Seeking a Friend for the End of the World,Nice knowing you.,Lorene Scafaria,2012,"Comedy, Drama, Romance, Adventure","asteroid, road trip, end of the world, woman director",https://image.tmdb.org/t/p/w500/rBbCwFLyt7Q25yaw2bEOQh7RMG1.jpg
American Pie: O Último Stifler Virgem,American Pie Presents: The Naked Mile,The most outrageous slice of pie!,Joe Nussbaum,2006,Comedy,"virgin, adolescence, college, road trip, masturbation, sex comedy",https://image.tmdb.org/t/p/w500/sreeL5kKj47oofEGVtDKTAcUDY6.jpg
Tão Forte e Tão Perto,Extremely Loud & Incredibly Close,"This is not a story about September 11th, it's a story about every day after.",Stephen Daldry,2011,Drama,"new york city, based on novel or book, key, autism, death of father, scavenger hunt, young boy, tambourine, lock, 9/11, grieving, asperger's syndrome, post 9/11, child protagonist",https://image.tmdb.org/t/p/w500/6pszViNvKr1r31pP7gJNYDHEx5P.jpg
Krampus: O Terror do Natal,Krampus,You don't want to be on his list.,Michael Dougherty,2015,"Horror, Comedy, Fantasy","fire, winter, holiday, santa claus, snowstorm, christmas tree, flashback, fireplace, snow, creature, power outage, destruction, demon, family, blizzard, based on myths, legends or folklore, christmas, bad kids",https://image.tmdb.org/t/p/w500/bm0DzPPIR7mglpgDIxA3Y7AoEk4.jpg
A Justiceira,Peppermint,The system failed. She won't.,Pierre Morel,2018,"Action, Thriller","coma, widow, cemetery, handcuffs, fbi, bus, grave, alcoholism, flashback, revenge, murder, vigilante, drug cartel, police corruption, hospital, torture, skid row, corrupt official, loss of child, corrupt judge, driveby shooting",https://image.tmdb.org/t/p/w500/jrzxS0vcbzIIay1sdYm0rgI2QfJ.jpg
Besteirol Americano,Not Another Teen Movie,They served you Breakfast. They gave you Pie. Now we’re gonna stuff your face.,Joel Gallen,2001,Comedy,"underdog, high school, cheerleader, kiss, satire, parody, school party, jock, crude humor, teen movie, spoof, prom, crush, teenage crush, sex toy, prom queen, aftercreditsstinger, duringcreditsstinger, high school football, teenager",https://image.tmdb.org/t/p/w500/9ZaGxvj1mqdKVLpSloq4mzS7SK6.jpg
Caminhos Perigosos,Mean Streets,You don't make up for your sins in church. You do it in the streets...,Martin Scorsese,1973,"Drama, Crime","secret love, gangster, protection money, epilepsy, redemption, money, little italy, manhattan, new york city",https://image.tmdb.org/t/p/w500/9msfwOeGc9uL1iRRTBdEf15XonC.jpg
Ponto de Vista,Vantage Point,8 strangers. 8 points of view.  1 truth.,Pete Travis,2008,"Drama, Action, Thriller, Crime","spain, usa president, bomb, media, war on terror, bodyguard, camera, car journey, terror cell, safety, limousine, press, terrorism, security guard",https://image.tmdb.org/t/p/w500/4mSh7NZiW36rUbpIgcKeGVcbSSx.jpg
Vizinhos Nada Secretos,Keeping Up with the Joneses,They lived a normal life... Until the Joneses moved in.,Greg Mottola,2016,"Action, Comedy","spy, suburb, new neighbor, neighborhood",https://image.tmdb.org/t/p/w500/yvWcTrRCzE4C2hkd2wV4erPuKCn.jpg
007 - Os Diamantes São Eternos,Diamonds Are Forever,The man who made 007 a household number.,Guy Hamilton,1971,"Adventure, Action, Thriller","smuggling (contraband), fight, amsterdam, netherlands, spy, secret organization, satellite, secret agent, plastic surgery, murder, extortion, las vegas, millionaire, fingerprint, dirt bike, casino owner, old woman murdered, high dive, gender disguise, aftercreditsstinger, master villain",https://image.tmdb.org/t/p/w500/tOrCHtj4uUOt5p57F3SUwWbsQiE.jpg
Abominável,Abominable,Find your way home.,"Jill Culton, Todd Wilderman",2019,"Family, Animation, Adventure, Comedy","yeti, family relationships, reunion, snow, aftercreditsstinger, mount everest, quest, zoologist",https://image.tmdb.org/t/p/w500/20djTLqppfBx5WYA67Y300S6aPD.jpg
Três Reis,Three Kings,It's good to be king.,David O. Russell,1999,"Action, Comedy, War","rescue, gold, gulf war, three kings, iraq, treasure map, kuwait, interracial relationship, soldier, u.s. soldier, gold theft, persian gulf, emergency surgery, mine field",https://image.tmdb.org/t/p/w500/fClJQW8xn8wHOFqoA4jUn0PZh1f.jpg
Madrugada Muito Louca,Harold & Kumar Go to White Castle,Fast food. High times.,Danny Leiner,2004,"Comedy, Adventure","sibling relationship, new jersey, amsterdam, netherlands, road trip, cannabis, pot smoking, marijuana, police chase, east asian lead, buddy, stoner, fast food, one night, buddy comedy, munchies, crop circle, rich parents, car siren, blood spurting",https://image.tmdb.org/t/p/w500/5vO7R4xYlDipTp8gzfRbWegO8eb.jpg
Tombstone: A Justiça Está Chegando,Tombstone,Justice is coming,George P. Cosmatos,1993,"Western, Action","right and justice, saloon, arizona, retirement, historical figure, wyatt earp, doc holliday, gambler, tuberculosis, gunfighter, tombstone arizona, 19th century, ok corral",https://image.tmdb.org/t/p/w500/f6Lb4bpUW2AJW42Hpnix2533RKU.jpg
Stalker,Сталкер,,Andrei Tarkovsky,1979,"Science Fiction, Drama","based on novel or book, guard, wish, stalker, alien, strugatsky, writer, soldier, existentialism, meditative, zone, philosophical, beautifully filmed",https://image.tmdb.org/t/p/w500/rem87AyEochEuhn9VvAGoMQpigz.jpg
O Reino dos Gatos,猫の恩返し,"It's not so bad being a cat, now is it?",Hiroyuki Morita,2002,"Adventure, Fantasy, Animation, Drama, Family","chase, cat, self-discovery, maze, human animal relationship, prince, crow, sequel, anthropomorphism, grass, sword fight, based on manga, kindness, protector, compassion, tower, schoolgirl, schoolgirl uniform, cat vs bird, talking cat, mysterious, bride-to-be, anime, japanese school, anthropomorphic animal, animal transformation, joyful",https://image.tmdb.org/t/p/w500/pqyY7IEWkCWNZ7EuRStQaJITEta.jpg
Sinbad: A Lenda dos Sete Mares,Sinbad: Legend of the Seven Seas,From the Studio that Brought you Shrek,"Patrick Gilmore, Tim Johnson",2003,"Family, Animation, Adventure, Comedy, Fantasy, Action","prince, water monster, goddess, sailor, arabian nights, 8th century",https://image.tmdb.org/t/p/w500/mtkPe9AMiXloYPCsldSbxKuXXWJ.jpg
O Garoto,The Kid,6 reels of Joy.,Charles Chaplin,1921,"Comedy, Drama","angel, suicide attempt, fistfight, slapstick comedy, black and white, class differences, foundling, silent film, dream sequence, semi autobiographical, car theft, little tramp, illegitimate child, unwed mother, abandoned baby, out of wedlock child, raised like own child, good deed doer",https://image.tmdb.org/t/p/w500/drgMcyTsySQBnUPGaBThCHGdlWT.jpg
Treinando o Papai,The Game Plan,"Half his size, twice the trouble ... and she's moving in.",Andy Fickman,2007,"Comedy, Family","sports, american football, bachelor, aerobics, tween girl, publicist",https://image.tmdb.org/t/p/w500/fcLFvIqCUrhY96mkSmr3okxaMEw.jpg
Jogo de Espiões,Spy Game,It's not how you play the game. It's how the game plays you.,Tony Scott,2001,"Action, Crime, Thriller","vietnam war, palestinian-israeli conflict, cia, china, espionage, spy, cold war, flashback, terrorism",https://image.tmdb.org/t/p/w500/6y8M1rxjKofQCRKKe6xeV91K2Fc.jpg
A Negociação,The Negotiator,He frees hostages for a living. Now he's taking hostages to survive.,F. Gary Gray,1998,"Action, Crime, Drama, Thriller","chicago, illinois, corruption, police, hostage, innocence, pension, hostage-taking, murder, conspiracy, bullet wound, urban setting, negotiator",https://image.tmdb.org/t/p/w500/moiaZupHkPNd4ryCRqaocjKPeId.jpg
A Louca! Louca História de Robin Hood,Robin Hood: Men in Tights,The legend had it coming...,Mel Brooks,1993,Comedy,"witch, tree house, robin hood, forest, taxes, parody, thief, breaking the fourth wall, spoof, arrow, tournament",https://image.tmdb.org/t/p/w500/woexOLEkUlYsPLLuZRK6LjZaF38.jpg
Antes de Dormir,Before I Go to Sleep,Who do you trust?,Rowan Joffe,2014,"Thriller, Mystery","amnesia, married couple, head injury, flashback, confusion, memory loss, psychologist, hospital, best friend, doctor, fear, search for truth, amnesiac, video diary, imagination, secrets",https://image.tmdb.org/t/p/w500/1sSWpTupVixOanIpZdLGzsKvcZS.jpg
JFK: A Pergunta que Não Quer Calar,JFK,The story that won't go away.,Oliver Stone,1991,"Drama, Thriller, History","vietnam war, cia, assassination, usa president, government, politics, homophobia, texas, new orleans, louisiana, investigation, john f. kennedy, historical figure, president, conspiracy, district attorney, death, john f. kennedy assassination, assassination of president, usa history, 1960s, courtroom drama, legal thriller, jacqueline kennedy",https://image.tmdb.org/t/p/w500/r0VWVTYlqdRCK5ZoOdNnHdqM2gt.jpg
Zombie - O Despertar dos Mortos,Dawn of the Dead,"When there’s no more room in HELL, the dead will walk the EARTH!",George A. Romero,1978,Horror,"helicopter, army, chaos, bite, materialism, machete, gore, martial law, state of emergency, shopping mall, infection, biker, truck, consumerism, zombie, motorcycle gang, exploding head, mall, tv production, zombie apocalypse, pittsburgh, pennsylvania",https://image.tmdb.org/t/p/w500/h6aVbUsiJB3Le1xrhyZXsXZOI3h.jpg
Nem Tudo é o Que Parece,Layer Cake,,Matthew Vaughn,2004,"Drama, Thriller, Crime","london, england, based on novel or book, drug smuggling, hitman, kidnapping, gangster, drug trafficking, ecstasy, cocaine, drug mule, mission of murder, murder, cafe, rooftop, neo-noir, crack head",https://image.tmdb.org/t/p/w500/rDOxXteqxALBaSa3V3zTjGJuyWB.jpg
A Epidemia,The Crazies,Fear Thy Neighbor,Breck Eisner,2010,"Mystery, Horror, Action","biological weapon, cover-up, remake, madness, psychosis, duringcreditsstinger, virus",https://image.tmdb.org/t/p/w500/ggtG9DZELyTtM2Y0DRJDOJa5iP8.jpg
Nem que a Vaca Tussa,Home on the Range,Bust a Moo,"Will Finn, John Sanford",2004,"Animation, Family","farm, animal, dairy cow",https://image.tmdb.org/t/p/w500/9xIIo4FMquy5SRqn8hppyr2QadR.jpg
Doze é Demais 2,Cheaper by the Dozen 2,Same Big Family... Even Bigger Adventure.,Adam Shankman,2005,"Comedy, Family, Adventure","chicago, illinois, lake, husband wife relationship, based on novel or book, holiday, competition, forbidden love, big family, father, family relationships, rivalry, labor pain, family vacation, family holiday, large family",https://image.tmdb.org/t/p/w500/wD68dEtcKuboxd8bhbqiTTxn6cX.jpg
Arizona Nunca Mais,Raising Arizona,Their lawless years are behind them. Their child-rearing years lay ahead...,"Joel Coen, Ethan Coen",1987,"Comedy, Crime","baby, robbery, supermarket, pregnancy, arizona, satire, family relationships",https://image.tmdb.org/t/p/w500/m5Zp4K4hKdPhsBl3E0p8I7QomlT.jpg
A Prova,Exam,How far would you go to win the ultimate job?,Stuart Hazeldine,2009,"Thriller, Mystery","gun, room, guard, suspicion, pill, psychologist, disease, interrogation, candidate, narcissist, corporation, pandemic, rules",https://image.tmdb.org/t/p/w500/i1J2zBCyOQJKsQipqJ0qXERC1Ma.jpg
Deixe-me Entrar,Let Me In,Innocence dies. Abby doesn't.,Matt Reeves,2010,"Drama, Horror, Mystery","vampire, bully, child vampire, remake, young boy, biting, dead boy, 1980s",https://image.tmdb.org/t/p/w500/3b5gD5vNmf7Vafj2MN8uMA8r0qu.jpg
O Preço da Verdade,Dark Waters,The truth has a man on the inside,Todd Haynes,2019,"Drama, Thriller","pollution, biography, based on true story, lawsuit, west virginia, cancer, lawyer, farmer, water pollution, government corruption, 1990s, based on magazine, newspaper or article, legal thriller, chemical contamination, blood test",https://image.tmdb.org/t/p/w500/yV6edeSb1ykiNpJ1ekRz8GPhENr.jpg
Violência Gratuita,Funny Games,"You must admit, you brought this on yourself.",Michael Haneke,2008,"Drama, Thriller, Horror","sibling relationship, hostage, psychopath, boat, vacation, remake, murder, neighbor, serial killer, torture, dog, family, golf club, savagery, lake house",https://image.tmdb.org/t/p/w500/vq7XV1KT6ix94GDgMfufZ0Qzamd.jpg
Não Vai Dar,Blockers,Teens out to have fun. Parents out to stop it.,Kay Cannon,2018,Comedy,"parent child relationship, loss of virginity, house party, prom, teenage girl, teen comedy, teenage sexuality, woman director, prom night, mid-life crisis, teenager",https://image.tmdb.org/t/p/w500/uvlUQXg0AlpGzKukO11K7QtW3Yu.jpg
Clímax,Climax,Birth and death are extraordinary experiences. Life is a fleeting pleasure.,Gaspar Noé,2018,Horror,"dancing, child abuse, sexual abuse, drug abuse, pregnancy, paranoia, orgy, imprisonment, lsd, surrealism, hallucinogenic drug, incest, drug overdose, disco, lgbt, spiked drink, psychological disintegration, acid, club music, punch bowl",https://image.tmdb.org/t/p/w500/47IXH2iEWwX0F7vIyGXaKQ0psBG.jpg
Cartas de Iwo Jima,Letters from Iwo Jima,The battle of Iwo Jima seen through the eyes of the Japanese soldiers.,Clint Eastwood,2006,"Action, Drama, War","dying and death, world war ii, cave, pacific war, iwo jima, pacific theater, anti war, japanese army, imperial japan, 1940s",https://image.tmdb.org/t/p/w500/kZokxQtzMPURvijWYFuvh1fAvnv.jpg
A Ponte do Rio Kwai,The Bridge on the River Kwai,It spans a whole new world of entertainment!,David Lean,1957,"Drama, History, War","japan, based on novel or book, resistance, river, world war ii, prisoner of war, thailand, bridge, burma, pacific war, bridge blowup",https://image.tmdb.org/t/p/w500/7paXMt2e3Tr5dLmEZOGgFEn2Vo7.jpg
Missão Babilônia,Babylon A.D.,Kill or be Killed.,Mathieu Kassovitz,2008,"Action, Adventure, Science Fiction, Thriller","future, baby, smuggling (contraband), submarine, pregnancy, dystopia, prosecution, mercenary, protection, moral conflict, vision, cyberpunk, sect",https://image.tmdb.org/t/p/w500/kt9nqD0uOar8IVE9191HXhWOXKI.jpg
O Pior Vizinho do Mundo,A Man Called Otto,Fall in love with the grumpiest man in America.,Marc Forster,2022,"Comedy, Drama","friendship, based on novel or book, suicide attempt, flashback, remake, miscarriage, new neighbor, mourning, social media, forced retirement, death of wife, bus accident, grumpy man, loss of wife, transgender, happy marriage, hopeful",https://image.tmdb.org/t/p/w500/130H1gap9lFfiTF9iDrqNIkFvC9.jpg
A Volta dos Mortos Vivos,The Return of the Living Dead,They're Back From The Grave and Ready To Party!,Dan O'Bannon,1985,"Horror, Comedy","cemetery, crematorium, punk rock, undead, zombie, paramedic, attic, warehouse, night of the living dead, walking dead, horror comedy, louisville, louisville, ky",https://image.tmdb.org/t/p/w500/qVTFBabgnWz4jZ8wOQRYZI5EITF.jpg
Lolita,Lolita,How did they ever make a movie of ...,Stanley Kubrick,1962,"Drama, Comedy, Romance","hotel, depression, lolita, small town, secret love, based on novel or book, sexual obsession, summer camp, midlife crisis, loss of loved one, literature professor, widow, flirt, eroticism, youngster, motel, diary, seduction, provocation, fascination, one-sided love, forbidden love, adoptive father, older man younger woman relationship, sex with a minor",https://image.tmdb.org/t/p/w500/8Puqbeh0D95DpXFWep1rmH78btu.jpg
A Incrível Aventura de Rick Baker,Hunt for the Wilderpeople,Nature just got gangster,Taika Waititi,2016,"Adventure, Comedy, Drama","countryside, based on novel or book, wild boar, delinquent, new zealand, wilderness, coming of age, dog, foster family, nature",https://image.tmdb.org/t/p/w500/hkmz9rxgcweizXNElozGeKwmAJE.jpg
Fomos Heróis,We Were Soldiers,"400 U.S paratroopers. 4,000 Vietnamese soldiers. 12,000 miles away from home. 1 man led them into battle.",Randall Wallace,2002,"Action, History, War","vietnam war, vietnam veteran, hero, army, based on novel or book, steel helmet, missile, based on true story, major, soldier, explosion, battle, bayonet, death, military, vietnamese, 1960s",https://image.tmdb.org/t/p/w500/q2LeLzw4q9HTelkKx29dyTMf5zK.jpg
A Garota que Conquistou o Tempo,時をかける少女,There is a future that we can't wait for.,Mamoru Hosoda,2006,"Fantasy, Animation, Drama, Science Fiction","high school, time travel, surrealism, love, slice of life, teenage girl, school, schoolgirl, jumping from height, teenage romance, anime, time manipulation, time leap",https://image.tmdb.org/t/p/w500/xHnlWM8BmqY419YUccYy2KC5Jqo.jpg
O Fada do Dente,Tooth Fairy,You can't handle the tooth.,Michael Lembeck,2010,"Comedy, Family, Fantasy","fairy, ice hockey, tooth fairy, tooth, duringcreditsstinger, wings",https://image.tmdb.org/t/p/w500/cRZvw3bPomtucIUtMHZ3qPIYtYs.jpg
A Vida de David Gale,The Life of David Gale,The crime is clear. The truth is not.,Alan Parker,2003,"Drama, Thriller, Crime","prison, journalist, death penalty, professor, texas, death row, interview, murder, reporter, intern, innocent, activist",https://image.tmdb.org/t/p/w500/7tcAvE82JyxIi79cwQV5br90KVz.jpg
Wall Street - Poder e Cobiça,Wall Street,Every dream has a price.,Oliver Stone,1987,"Crime, Drama","new york city, fraud, wall street, broker, finances, stockbroker, lawyer, union, millionaire, black monday, high finance",https://image.tmdb.org/t/p/w500/2tQYq9ntzn2dEwDIGLBSipYPenv.jpg
"Jovens, Loucos e Rebeldes",Dazed and Confused,See it with a bud.,Richard Linklater,1993,Comedy,"high school, 1970s, texas, coming of age, marijuana, summer, period drama, teenager",https://image.tmdb.org/t/p/w500/msG9awbLhVZwv1Eh9Ge7SofMexW.jpg
Mansão Mal-Assombrada,The Haunted Mansion,Check your pulse at the door... if you have one.,Rob Minkoff,2003,"Thriller, Fantasy, Comedy, Family, Mystery","estate agent, magic, secret passage, haunted house, family vacation, ghost, aftercreditsstinger, based on theme park ride",https://image.tmdb.org/t/p/w500/lGi5yio4pdDz5PkSeZCbnMQz5vK.jpg
Jamaica Abaixo de Zero,Cool Runnings,One dream. Four Jamaicans. Twenty below zero.,Jon Turteltaub,1993,"Comedy, Adventure, Drama","underdog, sports, winter, olympic games, jamaica, trainer, training camp, reggae, bobsleighing, bobsled, calgary",https://image.tmdb.org/t/p/w500/6fXuGEb7EqGmAeUodxm7l5ELPZ.jpg
Sem Perdão,Shot Caller,Some criminals are made in prison,Ric Roman Waugh,2017,"Crime, Drama, Thriller","prison, california, tattoo, murder, gun battle, undercover cop, gang, drugs, criminal, insecurity, prison riot, driving drunk, estranged father, gun runner, probation officer, manslaughter, probation, thriller",https://image.tmdb.org/t/p/w500/qLmLz2wtyYvmW8Ult3l2ngOnW8v.jpg
Cão de Briga,Unleashed,Serve No Master,Louis Leterrier,2005,"Action, Crime","martial arts, hitman, fight, organized crime, serial killer, fighting, underground fighting, one against many, action hero, fight club",https://image.tmdb.org/t/p/w500/eOmXfQgDLUndae2xnwJfV0JZ2JN.jpg
O 6º Dia,The 6th Day,They picked the wrong man to clone.,Roger Spottiswoode,2000,"Science Fiction, Action, Mystery","laser gun, clone, dystopia, dna, villain, futuristic, murder, cyberpunk, scientist, alternate reality, implanted memory, action hero",https://image.tmdb.org/t/p/w500/oKtQLgBXiC0UOT8d33yJMYYm34Z.jpg
"Ela Dança, Eu Danço 5: Tudo ou Nada",Step Up All In,Every Step Has Led To This,Trish Sie,2014,"Romance, Drama, Music","dance competition, street artist, woman director",https://image.tmdb.org/t/p/w500/bM9U2WDQKeQhdQX4kwdk72Drpaz.jpg
Garota Veneno,The Hot Chick,The hottest chick in town just switched bodies with the luckiest loser in the world.,Tom Brady,2002,"Comedy, Fantasy","sexual identity, high school, friendship, jewelry, identity, gatekeeper, shopping mall, bullying, human body, thief, crude humor, prom, curse, best friend, body-swap, popular girl",https://image.tmdb.org/t/p/w500/lnnGE4TKa05t20SZ2batuAhXCp4.jpg
Slender Man: Pesadelo Sem Rosto,Slender Man,Can you see him?,Sylvain White,2018,"Horror, Mystery, Thriller","small town, massachusetts, supernatural, forest, urban legend, fear, slender man, disgusted",https://image.tmdb.org/t/p/w500/huSncs4RyvQDBmHjBBYHSBYJbSJ.jpg
Será Que?,What If,...being friends has its benefits?,Michael Dowse,2013,"Drama, Comedy, Romance","beach, hope, toronto, canada, cousin, dublin, ireland, travel, best friend, falling in love, boyfriend, job promotion, multiple perspectives, medical school, living with sibling, papercut animation, long term relationship, brother sister relationship, sister sister relationship, college dropout, animator, crush on friend, friend zone",https://image.tmdb.org/t/p/w500/67x9NJyjK4u02NpISnChDMKzCUr.jpg
O Lobisomem,The Wolfman,When the moon is full the legend comes to life,Joe Johnston,2010,"Horror, History, Drama, Thriller","parent child relationship, victorian england, remake, rural area, curse, werewolf, flesh",https://image.tmdb.org/t/p/w500/cdzkHnXhPbBBBAPLKDXFCy3oHVD.jpg
Pânico VI,Scream VI,New York. New rules.,"Matt Bettinelli-Olpin, Tyler Gillett",2023,"Horror, Crime, Thriller","mask, new york city, trauma, halloween, college, fake identity, sequel, conspiracy theory, revenge, public murder, murder, social commentary, serial killer, police corruption, slasher, whodunit, multiple stabbings, brutality, killing spree, self-referential, crime spree, aftercreditsstinger, movie fan, copycat killer, generation z, fbi agent",https://image.tmdb.org/t/p/w500/wDWwtvkRRlgTiUr6TyLSMX8FCuZ.jpg
Assunto de Família,万引き家族,Sometimes you choose your family.,Hirokazu Koreeda,2018,"Drama, Crime, Thriller","japan, family relationships, family drama, tokyo, japan, poverty, orphan, shoplifting, social realism, shoplifter, petty crimes, asian origins",https://image.tmdb.org/t/p/w500/4nfRUOv3LX5zLn98WS1WqVBk9E9.jpg
Melanie - A Última Esperança,The Girl with All the Gifts,Our greatest threat is our only hope.,Colm McCarthy,2016,"Action, Horror, Science Fiction","london, england, based on novel or book, bunker, post-apocalyptic future, infection, zombie, little girl, scientist, gas mask, eaten alive, fungus, white savior, whitewashing",https://image.tmdb.org/t/p/w500/vdCD8z55a4RNmHQDPIpuMFqoY2B.jpg
A História Verdadeira,True Story,Some mysteries are beyond belief.,Rupert Goold,2015,"Crime, Drama, History","prison, journalist, prisoner, based on true story, prison visit, identity theft, accused of murder",https://image.tmdb.org/t/p/w500/ncP8XQ0bXP0xSpJmMsRt8mUcEXd.jpg
O Jardim das Palavras,言の葉の庭,,Makoto Shinkai,2013,"Animation, Drama, Romance","chocolate, age difference, rain, coming of age, tokyo, japan, seinen, shoemaker, anime",https://image.tmdb.org/t/p/w500/mXUCVq3HMtS4Y9IQ8vmEOPyN0vH.jpg
O Albergue 2,Hostel: Part II,"Each year, over 10,000 people in America are killed with firearms. Approximately 2,000 more are stabbed to death. Americans...they have no imagination.",Eli Roth,2007,Horror,"bratislava, slovakia, prague, czech republic, castration, ladies' man, torture, torture porn, emasculation",https://image.tmdb.org/t/p/w500/qB20aiY8Ah3pQikkBxm3j7jQVc8.jpg
Órfã 2: A Origem,Orphan: First Kill,There's always been something wrong with Esther.,William Brent Bell,2022,"Horror, Thriller","psychopath, family secrets, prequel, murder, impersonator, mental patient, psycho killer, escaped mental patient, missing daughter, estonia, female psychopath",https://image.tmdb.org/t/p/w500/pHkKbIRoCe7zIFvqan9LFSaQAde.jpg
Meu Papai é Noel,The Santa Clause,What if your dad was Santa Claus?,John Pasquin,1994,"Fantasy, Drama, Comedy, Family","chicago, illinois, holiday, christmas party, deal, santa claus, christmas tree, child custody, christmas, father son relationship, christmas eve",https://image.tmdb.org/t/p/w500/tBHDVtEcMl06FbCURRLGVg3TpXp.jpg
Corra que a Polícia vem Aí 33 1/3,Naked Gun 33⅓: The Final Insult,Mostly all new jokes.,Peter Segal,1994,"Comedy, Crime","police, undercover, parody, sexual humor, slapstick comedy, spoof, los angeles, california, terrorism, state prison, good versus evil, based on tv series",https://image.tmdb.org/t/p/w500/p0AYsdgkudR9P5fNV5AjzbwQt8W.jpg
Batem à Porta,Knock at the Cabin,Save your family or save humanity. Make the choice.,M. Night Shyamalan,2023,"Thriller, Mystery, Horror","based on novel or book, sacrifice, faith, end of the world, apocalypse, home invasion, lgbt, aftercreditsstinger, adopted child, adopted daughter, gay theme, same sex relationship, religious symbolism, derogatory",https://image.tmdb.org/t/p/w500/dm06L9pxDOL9jNSK4Cb6y139rrG.jpg
Footloose: Ritmo Louco,Footloose,The music is on his side.,Herbert Ross,1984,"Drama, Romance","dancing, dance, dancer, volkswagen beetle, dance teacher, father daughter relationship, music movie",https://image.tmdb.org/t/p/w500/9JEDjBCXCx3eKTSkXwispf0UN3O.jpg
A Princesa e o Plebeu,Roman Holiday,Romance in romantic Rome!,William Wyler,1953,"Romance, Comedy, Drama","dance, rome, italy, photography, boat, secret identity, intelligence, embassy, forbidden love, sightseeing, duty, black and white",https://image.tmdb.org/t/p/w500/8lI9dmz1RH20FAqltkGelY1v4BE.jpg
Star Wars: A Guerra dos Clones,Star Wars: The Clone Wars,Prepare to see Star Wars like you've never seen it before.,Dave Filoni,2008,"Animation, Action, Science Fiction, Adventure","android, clone army, separatists",https://image.tmdb.org/t/p/w500/iJQfixW818LUdSXlCDL3JZm0S0g.jpg
Dupla Implacável,From Paris with Love,Two agents. One city. No merci.,Pierre Morel,2010,"Action, Crime, Thriller","cia, ambassador, paris, france, undercover, explosive, anti hero, pimp, firearm, revelation, politician, deception, car crash, gang",https://image.tmdb.org/t/p/w500/poVoLKLxUqsTLSntA40Po2F78dZ.jpg
Com 007 Viva e Deixe Morrer,Live and Let Die,Roger Moore as James Bond.,Guy Hamilton,1973,"Adventure, Action, Thriller","new york city, london, england, sheriff, dual identity, based on novel or book, drug smuggling, bomb, england, secret mission, spy, boat, secret intelligence service, tarot cards, jamaica, drug trafficking, voodoo, tombstone, heroin, secret identity, crocodile, speedboat , aftercreditsstinger",https://image.tmdb.org/t/p/w500/39qkrjqMZs6utwNmihVImC3ghas.jpg
Passe Livre,Hall Pass,One week. No rules.,"Bobby Farrelly, Peter Farrelly",2011,"Comedy, Romance","husband wife relationship, freedom, marriage, daydream, friends",https://image.tmdb.org/t/p/w500/HqwUkeLOm6PUvcMntKvN0iSNR.jpg
"Tick, Tick... Boom!","tick, tick... BOOM!",How much time do we have to do something great?,Lin-Manuel Miranda,2021,"Drama, Music","new york city, composer, artist, musical, based on true story, based on play or musical, singing, boyfriend girlfriend relationship, struggling artist, 1990s, portrait of an artist, hiv/aids epidemic, theater",https://image.tmdb.org/t/p/w500/DPmfcuR8fh8ROYXgdjrAjSGA0o.jpg
Coração de Dragão,DragonHeart,You will believe.,Rob Cohen,1996,"Fantasy, Action, Adventure, Drama","swordplay, magic, kingdom, immortality, prince, despot, mythical creature, sword fight, revenge, knight, king arthur, dragon, battle, medieval, dragonslayer, scheme, sword and sorcery, 10th century, talking dragon, good versus evil, evil king, last of its kind",https://image.tmdb.org/t/p/w500/1J2FvxEoEKMFT9TjUdfhm0MJhZD.jpg
Armadilha,Entrapment,The trap is set.,Jon Amiel,1999,"Romance, Drama, Mystery","new year's eve, london, england, distrust, undercover, burglar, skyscraper, blackmail, heist, thief, older man younger woman relationship, art thief, criminal, art theft, millennium, manhattan, new york city, kuala lumpur malaysia",https://image.tmdb.org/t/p/w500/onEHQY4M22CluNfocJRGsVg0dK6.jpg
Togo,Togo,The untold true story.,Ericson Core,2019,"Adventure, Family","snowstorm, husky, based on true story, puppy, alaska, snow, historical, dog, sled dogs, run, 1920s, pets",https://image.tmdb.org/t/p/w500/921q4gPNN4J6UxvKaw6SCNBe3F8.jpg
007 Contra o Homem com a Pistola de Ouro,The Man with the Golden Gun,The man with the golden gun is ready to assassinate James Bond.,Guy Hamilton,1974,"Adventure, Action, Thriller","gold, exotic island, martial arts, assassin, london, england, based on novel or book, england, hitman, secret mission, villain, bangkok, thailand, thailand, floatplane, karate, hong kong, duel, secret service, aftercreditsstinger",https://image.tmdb.org/t/p/w500/zULDLrGE42iTiizMJKDoTGbIKlu.jpg
Encontro de Casais,Couples Retreat,It may be paradise... but it's no vacation.,Peter Billingsley,2009,"Comedy, Romance","island, married couple, tahiti, couples therapy, love, beautiful woman, divorce, divorcee, tropical, aftercreditsstinger, duringcreditsstinger, french polynesia",https://image.tmdb.org/t/p/w500/igXVSRZsNX3TZsKrQqSyEJvzHRF.jpg
Estrada Sem Lei,The Highwaymen,The legends who took down Bonnie & Clyde,John Lee Hancock,2019,"Crime, Drama, Thriller","fbi, bank robber, texas ranger, based on true story, tracker, cops and robbers , forensic science, criminal gang, 1930s, manhunt, legendary hero, retired lawman, admiring",https://image.tmdb.org/t/p/w500/4bRYg4l12yDuJvAfqvUOPnBrxno.jpg
A Profecia,The Omen,It is the greatest mystery of all because no human being will ever solve it.,Richard Donner,1976,"Horror, Thriller","ambassador, prophecy, monk, photography, nanny, paranormal phenomena, rottweiler, devil's son, revelation, anti-christ, decapitation, priest, cowardliness, baboon, archaeologist",https://image.tmdb.org/t/p/w500/p0LcWxOIoBx0MEZMn8tFcrvDXR1.jpg
Oldboy: Dias de Vingança,Oldboy,Ask not why you were imprisoned. Ask why you were set free.,Spike Lee,2013,"Drama, Thriller, Mystery, Action","imprisonment, remake, revenge, based on manga, incest, 9/11",https://image.tmdb.org/t/p/w500/iX93YdBrZA1EpGbphmjf4ARj1Za.jpg
Alerta Lobo,Le Chant du loup,,Antonin Baudry,2019,"Thriller, Action","nuclear missile, chain of command, sonar, nuclear submarine, french army",https://image.tmdb.org/t/p/w500/8bxIzp9w9l9ZzGVwNaIKOaem05A.jpg
Resgate 2,Extraction 2,Prepare for the ride of your life.,Sam Hargrave,2023,"Action, Thriller","mercenary, rescue mission, sequel, based on graphic novel",https://image.tmdb.org/t/p/w500/7gKI9hpEMcZUQpNgKrkDzJpbnNS.jpg
Amor e Revolução,Colonia,There is no turning back,Florian Gallenberger,2015,"Drama, History","kidnapping, 1970s, cult, chile, pinochet regime, religion, torture chamber, religious fundamentalism, military dictatorship, political unrest",https://image.tmdb.org/t/p/w500/p7oGFkMGaQR27R1olN9RoMzg4vS.jpg
Noiva em Fuga,Runaway Bride,Catch her if you can.,Garry Marshall,1999,"Comedy, Romance","small town, chase, self-discovery, artist, just married, reporter, wedding, relationship, wedding ceremony, screwball comedy, self identity, hair salon, cold feet",https://image.tmdb.org/t/p/w500/3JpHNd6V8hvR1JFGGSAJsZDYHoR.jpg
Bem-Vindo à Selva,The Rundown,"Bulls, guns, whips, gold and one sacred cat",Peter Berg,2003,"Adventure, Action, Comedy, Thriller","bounty hunter, hunter, fight, treasure hunt, amazon rainforest, gold mine, jungle, brazil",https://image.tmdb.org/t/p/w500/dJX06UwlLIwbLLt9UQ6DlkHF4jz.jpg
2019 - O Ano da Extinção,Daybreakers,"In 2019, The Most Precious Natural Resource... Is Us.","Michael Spierig, Peter Spierig",2009,"Action, Fantasy, Science Fiction","experiment, sunrise, waitress, vampire, dystopia, rain, sunlight, undead, scientist, epidemic, death, dead, brutal deaths",https://image.tmdb.org/t/p/w500/xFZH2l9UOyIclk2ZFWNHQ38B2RP.jpg
Babá Fora de Controle,Babysitting,,"Nicolas Benamou, Philippe Lacheau",2014,Comedy,"birthday, babysitter, found footage",https://image.tmdb.org/t/p/w500/oUhq9FG0nKUs2DtPVGR1b0q2RCT.jpg
[REC]² Possuídos,[REC]²,Fear Revisited.,"Jaume Balagueró, Paco Plaza",2009,"Thriller, Horror","religion and supernatural, blood sample, occult, gas mask, night vision, freezer, found footage",https://image.tmdb.org/t/p/w500/i7wr12YmZfJxXv2R6ksvSffyhAT.jpg
Gnomeu e Julieta,Gnomeo & Juliet,A LITTLE ADVENTURE GOES A LAWN WAY.,Kelly Asbury,2011,"Animation, Family","garden, forbidden love, kiss, based on play or musical, orchid, love, animate statue",https://image.tmdb.org/t/p/w500/vVQwgfS9gSFviVT4gS7tZAmhRFc.jpg
Asterix nos Jogos Olímpicos,Astérix aux Jeux olympiques,,"Frédéric Forestier, Thomas Langmann",2008,"Fantasy, Adventure, Comedy, Family","colosseum, wild boar, magic, competition, olympic games, greece, emperor, horse, roman, governance, based on comic",https://image.tmdb.org/t/p/w500/eNB2SrqmTJLByRDq3akDzA6Z9rC.jpg
Halloween II: O Pesadelo Continua,Halloween II,The nightmare isn't over!,Rick Rosenthal,1981,Horror,"mask, sheriff, halloween, sequel, hospital, electronic music score, holiday horror",https://image.tmdb.org/t/p/w500/gL3dPbbZInWn4U9jd87uoFGOdot.jpg
A Firma,The Firm,Power can be murder to resist.,Sydney Pollack,1993,"Drama, Mystery, Thriller","fbi, tennessee, lawyer, law firm, bar exam, legal thriller",https://image.tmdb.org/t/p/w500/mTsDqwE4ZyZ8FWflD0wPw9l2YMS.jpg
"Ela Dança, Eu Danço 3",Step Up 3D,Two Worlds. One Dream.,Jon M. Chu,2010,"Drama, Romance","dance, musical, duringcreditsstinger",https://image.tmdb.org/t/p/w500/rPcqa5TZ7S63RNmCuY45ZizFBen.jpg
"Salò, ou os 120 Dias de Sodoma",Salò o le 120 giornate di Sodoma,The final vision of a controversial filmmaker.,Pier Paolo Pasolini,1976,"Drama, Horror","sexual abuse, rage and hate, based on novel or book, nazi, italian, sadism, christianity, philosophy, fascism, bishop, political instability, conflict, torture, taboo, evil, catholicism, nazism, abuse, power abuse, italian fascism",https://image.tmdb.org/t/p/w500/xnaDdiRfZlJaTf6JRc4in40eaeI.jpg
Na Própria Pele: o Caso Stefano Cucchi,Sulla mia pelle,The last seven days of Stefano Cucchi,Alessio Cremonini,2018,Drama,biography,https://image.tmdb.org/t/p/w500/rwPgE6fLxuJmPWi8fFjgENJMAjr.jpg
Viveiro,Vivarium,You're home. Forever.,Lorcan Finnegan,2019,"Science Fiction, Thriller, Mystery, Horror","baby, suburbia, suburb, trapped, body bag, real estate agent, backrooms",https://image.tmdb.org/t/p/w500/myf3qzpeN0JbuFRPwSpJcz7rmAT.jpg
Circle,Circle,In here…everything gets you killed.,"Aaron Hann, Mario Miscione",2015,"Science Fiction, Mystery, Drama, Thriller, Horror","survival, murder, morality, voting, alien abduction, execution, struggle for survival, survival horror, stranger, death match, no memory, circle, science fiction, death game, horror, mystery, thriller",https://image.tmdb.org/t/p/w500/hbIL53MdZFJXsgxXaSOVuApWTs8.jpg
Os Garotos Perdidos,The Lost Boys,Sleep all day. Party all night. Never grow old. Never die. It's fun to be a vampire.,Joel Schumacher,1987,"Horror, Comedy, Thriller","small town, california, street gang, parent child relationship, vampire, boardwalk, gay interest, single, murder, amusement park, blood sucking, seaside town, pets, 1980s, brother brother relationship, vampires, beach town, gay subtext",https://image.tmdb.org/t/p/w500/nH1lvyQvfbL5GKScTtT6zkIvDEn.jpg
Sem Destino,Easy Rider,A man went looking for America and couldn’t find it anywhere...,Dennis Hopper,1969,"Adventure, Drama","adolescence, rebel, drug trafficking, brothel, drug addiction, opium, arbitrary law, highway, lsd, marijuana, road movie",https://image.tmdb.org/t/p/w500/mmGEB6ly9OG8SYVfvAoa6QqHNvN.jpg
16 Quadras,16 Blocks,1 witness… 118 minutes…,Richard Donner,2006,"Action, Adventure, Crime, Thriller","new york city, mission of murder, witness, betrayal, male bonding, doing the right thing, people change",https://image.tmdb.org/t/p/w500/p3ygfjYH0r0kNRbglwKNUgagiZR.jpg
Ligados Pelo Amor,Stuck in Love,A story about first loves and second chances.,Josh Boone,2013,"Drama, Comedy","cheating, parent child relationship, writing, thanksgiving, north carolina, love, writer, dating, relationship, drugs, family, high school student, beach house, novelist, unhappiness, first love, ex-husband ex-wife relationship, divorced father, reconnect, college student, stuck, holidays, affair",https://image.tmdb.org/t/p/w500/byic4VFVrpPyjDWK54CcsxYWW85.jpg
8mm: Oito Milímetros,8MM,You can't prepare for where the truth will take you,Joel Schumacher,1999,"Thriller, Crime, Mystery","new york city, pornography, underground, loss of loved one, sex shop, obsession, investigation, porn actor, sadomasochism, child pornography, private investigator, los angeles, california, subculture, missing person, snuff film",https://image.tmdb.org/t/p/w500/kiIju5GG46DvwoiUs5xlwIyiHMW.jpg
A Hora do Espanto,Fright Night,You can't run from evil when it lives next door,Craig Gillespie,2011,"Horror, Comedy","sunrise, vampire, suspicion, suburbia, remake",https://image.tmdb.org/t/p/w500/ySQ3v4Fzpy3fePs86eoLiDzwLYM.jpg
Tudo por Justiça,Out of the Furnace,Sometimes your battles choose you.,Scott Cooper,2013,"Thriller, Drama, Crime","prison, drug dealer, sibling relationship, post-traumatic stress disorder (ptsd), bare knuckle boxing, brother, psychopath, iraq war veteran, drug use, revenge, car accident, justice, family, steel mill, rust belt, neo-noir, manslaughter, social decay, violence",https://image.tmdb.org/t/p/w500/cOuQQ4eRpSBxb0G9OXzWE1pHPeq.jpg
A Pantera Cor de Rosa,The Pink Panther,Pardon His French.,Shawn Levy,2006,"Comedy, Mystery, Crime, Adventure, Family","robbery, france, paris, france, diamond, investigation, inspector, football (soccer), killer, clouseau, murder hunt",https://image.tmdb.org/t/p/w500/57ViRkdsddHLK32W8Nf3ZPLSAu4.jpg
Bruxa de Blair,Blair Witch,There's something evil hiding in the woods.,Adam Wingard,2016,"Thriller, Horror","tree, river, camping, tent, rain, supernatural, infection, forest, maryland, woods, flashlight, handheld camera, campfire, subjective camera, found footage, folk horror, lost in the woods",https://image.tmdb.org/t/p/w500/chgLLNv3bMSOptaciOUPtDcAggq.jpg
Próxima Parada: Apocalipse,How It Ends,No one survives alone,David M. Rosenthal,2018,"Science Fiction, Thriller, Mystery, Action, Adventure","chicago, illinois, lightning, pregnancy, seattle, washington, volcano, earthquake, tsunami, road trip, murder, apocalypse, power outage",https://image.tmdb.org/t/p/w500/prdFM08mGvVDA6uQxKJh8n8Vek1.jpg
Alta Fidelidade,High Fidelity,"A comedy about fear of commitment, hating your job, falling in love and other pop favorites.",Stephen Frears,2000,"Drama, Comedy, Romance, Music","chicago, illinois, rock 'n' roll, music record, disc jockey, pop, ex-girlfriend, music journalist, relationship problems, record label, flashback, breaking the fourth wall, fear of commitment, falling in love, break-up, record, record album, music scene, thoughtful, breaking up with boyfriend, music culture, record store, top five, dating history, earnest",https://image.tmdb.org/t/p/w500/1zgaz1cGdWkNQAriflzlJXf95m7.jpg
A Casa das Coelhinhas,The House Bunny,"For the girls of ZETA house college life was no party, until Shelley showed up.",Fred Wolf,2008,"Romance, Comedy","virgin, pregnancy, college, yoga, bikini, playboy, jail, sorority, model, car wash, fraternity, pledge",https://image.tmdb.org/t/p/w500/4oGGJ824vqIqDtyMvMuK44pDEmx.jpg
Ray,Ray,The extraordinary life story of Ray Charles.,Taylor Hackford,2004,"Drama, Music","blindness and impaired vision, country music, jazz, loss of loved one, black people, overdose, bus ride, georgia, record producer, biography, rags to riches, childhood trauma, gospel, indianapolis, record label, recording studio, pianist, usa history",https://image.tmdb.org/t/p/w500/tSPC7sO2XYNL9QcMmK88tuUALL5.jpg
Toda Arte é Perigosa,Velvet Buzzsaw,All Art Is Dangerous,Dan Gilroy,2019,"Thriller, Mystery, Horror","art collector, supernatural, dark comedy, satire, social satire, art house, consumerism, art thief, art dealer, art theft, commercialism, media criticism",https://image.tmdb.org/t/p/w500/3rViQPcrWthMNecp5XnkKev6BzW.jpg
007 - Na Mira dos Assassinos,A View to a Kill,Has James Bond finally met his match?,John Glen,1985,"Adventure, Action, Thriller","london, england, helicopter, fire, drug abuse, france, paris, france, england, san francisco, california, horse race, secret identity, fire engine, villain, earthquake, ascot, silicon valley, zeppelin, snowboarding, microchip, doping, racehorse, flooding, snow, golden gate bridge, terrorism, british secret service, snow skiing, eiffel tower, paris, firefighter",https://image.tmdb.org/t/p/w500/arJF829RP9cYvh0NU70dC5TtXSa.jpg
Crime sem Saída,21 Bridges,The only way out is through him,Brian Kirk,2019,"Crime, Action, Drama","new york city, hostage, subway, detective, shootout, police officer killed, nypd, one night, neo-noir, manhunt",https://image.tmdb.org/t/p/w500/b40ApfKDPoJYbWepUs7f09Y3fD.jpg
Voo Noturno,Red Eye,Fear takes flight.,Wes Craven,2005,"Thriller, Mystery","hotel, airplane, airport, miami, florida, hitman, menace, threat of death, flight, fear, political assassination, held captive, captive, surveillance, threat, hotel manager, operative, phone call, turbulence, homeland security, life or death, father daughter relationship, death of a loved one, assassination plot, delayed flight",https://image.tmdb.org/t/p/w500/47NRyV8VoJAyiLUdyNS6uZTOwwl.jpg
Crush à Altura,Tall Girl,"When you don't fit in, stand tall",Nzingha Stewart,2019,"Comedy, Drama, Romance","high school, romance, teen movie, insecurity",https://image.tmdb.org/t/p/w500/m0clsFEXidLVJ0TueqWOvvImOMh.jpg
Mary e Max - Uma Amizade Diferente,Mary and Max,Sometimes perfect strangers make the best friends.,Adam Elliot,2009,"Animation, Comedy, Drama","australia, chocolate, approach, letter, birthmark, only child, bullying, friendship bracelet, pen pals, atheist, loneliness, stop motion, neighbor, phone book, adult animation, unlikely friendship, correspondence, eating disorder, asperger's syndrome",https://image.tmdb.org/t/p/w500/6dxpRwrMIYoB9LeQqCulQSleFMD.jpg
007 Contra o Foguete da Morte,Moonraker,"Where all the other Bonds end, this one begins!",Lewis Gilbert,1979,"Action, Adventure, Thriller, Science Fiction","space marine, based on novel or book, venice, italy, mass murder, rio de janeiro, space suit, marcus square, space battle, secret base, gondola, laser, space travel, utopia, boat chase, mi6, astronaut, british secret service, space shuttle, cable car",https://image.tmdb.org/t/p/w500/6LrJdXNmu5uHOVALZxVYd44Lva0.jpg
Prova final,The Faculty,Take me to your teacher.,Robert Rodriguez,1998,"Horror, Science Fiction, Mystery","drug dealer, high school, homophobia, paranoia, alien, teacher, alien invasion, drugs, alien infection, social status, parasite, creature feature, school nurse, body snatchers, alien parasites, parasites, body horror, teenager",https://image.tmdb.org/t/p/w500/l0rz4vB0FfxraTd1mLGoaydSQd1.jpg
A Escolha,The Choice,Let your heart decide.,Ross Katz,2016,"Drama, Romance","based on novel or book, cheating, love, opposites attract, girl next door",https://image.tmdb.org/t/p/w500/6MF3cdAasnF17SG9bmeamQ066iJ.jpg
Os Irmãos Sisters,The Sisters Brothers,Make a killing. Make a living.,Jacques Audiard,2018,"Drama, Western","gold, based on novel or book, hitman, san francisco, california, male friendship, gold rush, oregon, usa, scout, 19th century, gold claim, brother brother relationship",https://image.tmdb.org/t/p/w500/l02EwhJiAZjcETJaLgnAF5e74YQ.jpg
O Resgate de Órgãos,Repo Men,"For a price, any organ in your body can be replaced. But it can also be repossessed.",Miguel Sapochnik,2010,"Action, Science Fiction, Thriller, Crime","black market, dystopia, anti hero, mercenary, hologram, surrealism, contract, on the run, evil corporation, repo man, cyberpunk, massacre, brutality, aftercreditsstinger, enforcer, neo-noir, artificial organ",https://image.tmdb.org/t/p/w500/briDKf5nrLzox2zcI6pquKeqWz8.jpg
Na Selva,Jungle,Nature has only one law - Survival,Greg McLean,2017,"Adventure, Drama, Thriller","based on novel or book, river, hallucination, bolivia, forest, amazon rainforest, based on true story, alone, survival, jungle, raft, drugs, south america, rainforest",https://image.tmdb.org/t/p/w500/tDgxknTVwrScxpCYyGUjXSn5NRk.jpg
Diário de um Adolescente,The Basketball Diaries,The true story of the death of innocence and the birth of an artist.,Scott Kalvert,1995,"Drama, Crime","new york city, sports, heroin, addiction, basketball, friends, based on memoir or autobiography, drugs, 1960s, school suspension, gay theme, teenager",https://image.tmdb.org/t/p/w500/AhvO1GGDPIgN0hOqZEgaFCbswMK.jpg
Os Donos da Rua,Boyz n the Hood,Once upon a time in South Central L.A... It ain't no fairy tale.,John Singleton,1991,"Crime, Drama","rap music, hip-hop, street gang, gangster, black people, rapper, ghetto, street war, violence in schools, los angeles, california",https://image.tmdb.org/t/p/w500/v4ox4aSCNT5vyLXl4Q71JiWwCXW.jpg
Intrigas de Estado,State of Play,Find the Truth,Kevin Macdonald,2009,Thriller,"newspaper, journalist, assassin, assassination, washington dc, usa, government, corruption, congress, election campaign, politics, detective, editor-in-chief, blog, murder, reporter, u.s. congress, investigative journalism, usa politics",https://image.tmdb.org/t/p/w500/4f8nhHESDhAVKow2M1khmqDdatp.jpg
O Grande Mestre 4,葉問4,,Wilson Yip,2019,"Action, Drama, History","immigrant, martial arts, kung fu, california, fight, san francisco, california, chinatown, karate, based on true story, sequel, cancer, racism, chinese, wing chun, 1960s, san francisco",https://image.tmdb.org/t/p/w500/b5cz6BoyHrgBnhfDHOW5hXRWbln.jpg
Para Todos os Garotos: Agora e Para Sempre,To All the Boys: Always and Forever,You never know where love will lead you.,Michael Fimognari,2021,"Romance, Comedy, Drama","based on novel or book, south korea, asian american, seoul, south korea",https://image.tmdb.org/t/p/w500/iepqdM52f4w75fNcvgRF5QoIAjm.jpg
A Mulher na Janela,The Woman in the Window,She has nothing to prove but what's real.,Joe Wright,2021,"Crime, Mystery, Thriller","new york city, based on novel or book, wine, murder, neighbor, agoraphobia, car accident, death, mental illness",https://image.tmdb.org/t/p/w500/wcrjc1uwQaqoqtqi67Su4VCOYo0.jpg
007 - O Espião que me Amava,The Spy Who Loved Me,It's the BIGGEST. It's the BEST. It's BOND. And B-E-Y-O-N-D.,Lewis Gilbert,1977,"Adventure, Action, Thriller","sea, egypt, assassination, based on novel or book, cairo, submarine, england, tanker, spy, mass murder, secret intelligence service, pyramid, villain, kgb, nuclear missile, sphinx, sardinia, italy, warhead, jet ski, utopia, secret agent, murder, terrorism, shark, killer, british secret service, snow skiing",https://image.tmdb.org/t/p/w500/3ZxHKFxMYvAko680DsRgAZKWcLi.jpg
Persépolis,Persepolis,The Film Iran Didn't Want The World To See,"Vincent Paronnaud, Marjane Satrapi",2007,"Animation, Drama","puberty, civil war, parent child relationship, 1970s, totalitarian regime, punk rock, bomb alarm, coming of age, orient, adult animation, punk band, woman director, iranian revolution",https://image.tmdb.org/t/p/w500/aU8i2QAdTyRR1nYb36Gq51xXP8p.jpg
Cinco Centímetros por Segundo,秒速5センチメートル,At what speed must I live to see you again?,Makoto Shinkai,2007,"Animation, Drama, Family, Romance","melancholy, surf, train, motorcycle, separation, childhood friends, anime, growing apart, rocket launch site",https://image.tmdb.org/t/p/w500/dFipUR6W0y3PPkuVS8gjFd929m2.jpg
O Terno de Dois Bilhões de Dólares,The Tuxedo,Suit up for action!,Kevin Donovan,2002,"Thriller, Action, Comedy, Science Fiction","new york city, martial arts, chauffeur, bomb, spy, intelligence, wound, secret agent, fistfight, parody, head injury, action hero",https://image.tmdb.org/t/p/w500/2agrcNQRtgTsN5SbffC4H2BwYW2.jpg
Caindo na Estrada,Road Trip,The greatest college tradition of all.,Todd Phillips,2000,"Comedy, Adventure","politics, college, sexism, sperm bank, blonde, road trip, crude humor, politically incorrect, sorority, university, cross country, stoner, sperm donor, school bus, losing money, male virgin, dorm room, sex comedy, sex tape, young adult",https://image.tmdb.org/t/p/w500/jee4eY5tZprI0V18S6PXUloBzSk.jpg
007 Contra Octopussy,Octopussy,James Bond's all time high.,John Glen,1983,"Adventure, Action, Thriller","circus, atomic bomb, octopus, secret intelligence service, crocodile, eastern block, kgb, snake charmer, hot air balloon, east berlin, british secret service",https://image.tmdb.org/t/p/w500/yoosZitM9igSk3Sd0sBXIhKlAh1.jpg
Sorte no Amor,Just My Luck,Everything changed in the wink of an eye.,Donald Petrie,2006,"Comedy, Drama, Family, Fantasy, Romance","kiss, bad luck, romantic comedy, jinx, alcohol abuse, celebration, envy, luck, manhattan, new york city, mysterious stranger, masquerade, music industry",https://image.tmdb.org/t/p/w500/wWpqG3zrrPZhvNLflYJdbW1NgY3.jpg
Destino Especial,Midnight Special,He's not like us.,Jeff Nichols,2016,"Adventure, Drama, Science Fiction","helicopter, government, chase, parent child relationship, gas station, hostage, fbi, motel, meteor, on the run, shootout, military, religious cult, child kidnapping, goggles",https://image.tmdb.org/t/p/w500/hgDRq1l4ATxwufWjILKsYtglbI6.jpg
Machete Kills,Machete Kills,Trained to kill. Left for dead. Back for more.,Robert Rodriguez,2013,"Action, Crime, Thriller","mexico, the white house, nuclear missile, machete, space",https://image.tmdb.org/t/p/w500/3i4UgSZmAJXt6Euy5azvknmzsm9.jpg
Nosferatu,"Nosferatu, eine Symphonie des Grauens",A symphony of horror.,F.W. Murnau,1922,"Fantasy, Horror","self sacrifice, transylvania, germany, loss of loved one, vampire, shapeshifting, coffin, supernatural, castle, ghost ship, black and white, silent film, seashore, vampire bat, real estate agent, ghoul, psychotronic, locket, sailing ship, corpse in coffin, nosferatu, real estate, black death, expressionism, mountain country, sleepwalking, romania, rat, german expressionism, dracula",https://image.tmdb.org/t/p/w500/zx24O7VAs6NbJhiIrUhWysAiHS0.jpg
Garota Mimada,Wild Child,New Girl. New School. New Rules.,Nick Moore,2008,"Comedy, Drama, Romance","diving, england, boarding school, girls' boarding school, malibu, spoiled child, teen movie, lacrosse, school, love interest, laptop, discipline, intimidation, school mate, change of plan, girls' school",https://image.tmdb.org/t/p/w500/xwbFEPubG4wroLDZdmTWRGNnnWf.jpg
Frankenstein: Entre Anjos e Demônios,"I, Frankenstein","In the battle between good and evil, an immortal holds the key",Stuart Beattie,2014,"Horror, Thriller","anti hero, queen, supernatural, prince, based on comic, gargoyle, fighting, demon",https://image.tmdb.org/t/p/w500/pQkJ1tNsKRvYhwbC8eztLElKrmS.jpg
O Hóspede,The Guest,Be careful who you let in,Adam Wingard,2014,"Mystery, Thriller, Action","high school, psychopath, harassment, halloween, diner, bullying, arms dealer, iraq war veteran, sociopath, grief, murder, soldier, killing spree, ex soldier, brawl, halloween costume, paranoid, aggressive, harsh",https://image.tmdb.org/t/p/w500/kZknBNLApzIaeEBZhG4TDFq0b6j.jpg
"Christine, O Carro Assassino",Christine,How do you kill something that can't possibly be alive?,John Carpenter,1983,Horror,"anthropomorphism, electronic music score, animate car, smart car, overprotective parent, inanimate objects come to life",https://image.tmdb.org/t/p/w500/mMtUJke2TtIoT6JB9hkvERmsSu8.jpg
Samaritano,Samaritan,25 years ago the world's greatest hero vanished.,Julius Avery,2022,"Action, Crime, Fantasy, Science Fiction","post-traumatic stress disorder (ptsd), chaos, superhero, street riots, old man, young boy, neighbor, poverty, single mother, twins, super power, unemployment, sledgehammer, hatred, crime gone awry, super strength, dead father, criminal gang, epic battle, young heroes, curious, good versus evil",https://image.tmdb.org/t/p/w500/zgH8Ej50n2cvJCMJrxd4twEwSqz.jpg
Exército de Ladrões: Invasão da Europa,Army of Thieves,"BEFORE VEGAS, ONE LOCKSMITH BECAME A LEGEND.",Matthias Schweighöfer,2021,"Action, Thriller, Crime, Comedy","europe, interpol, prequel, zombie, safecracker, bank teller",https://image.tmdb.org/t/p/w500/iPTZGFmPs7HsXHYxiuxGolihjOH.jpg
Willow: Na Terra da Magia,Willow,Adventure doesn't come any bigger than this.,Ron Howard,1988,"Action, Adventure, Fantasy","mission, hero, baby, monster, magic, prophecy, falsely accused, traitor, queen, animal attack, castle, sorcerer's apprentice, black magic, sword and sorcery",https://image.tmdb.org/t/p/w500/d9xEILdvVRX8ZgFwPDbco6kKSaS.jpg
Os Fabelmans,The Fabelmans,Capture every moment.,Steven Spielberg,2022,Drama,"high school, husband wife relationship, arizona, bullying, family relationships, coming of age, anti-semitism, teenage boy, filmmaking, childhood, semi autobiographical, marital problem, big dreams, thoughtful, father son relationship, mother son relationship, inspirational, adoring, comforting, compassionate, powerful, sympathetic",https://image.tmdb.org/t/p/w500/h7llKkqkkJtJrTOaDLuVeUYDQ7I.jpg
Encontro de Amor,Maid in Manhattan,,Wayne Wang,2002,"Comedy, Drama, Romance","hotel, paparazzi, mistaken identity, maid, tv reporter, class differences, single mother, news reporter, opposites attract, manhattan, new york city, public relations, political candidate, luxury hotel, hotel clerk, wealth differences",https://image.tmdb.org/t/p/w500/a0xOVDKEWW1nyArKFS3Fg1b4PsE.jpg
Os Visitantes: Eles Não Nasceram Ontem!,Les Visiteurs,They weren't born yesterday!,Jean-Marie Poiré,1993,"Fantasy, Comedy","servant, time travel, clumsy fellow, middle ages (476-1453), nobility",https://image.tmdb.org/t/p/w500/hPCq0buG5PaXgKjzT2ktjrjlpbj.jpg
Papillon,Papillon,The greatest escape adventure ever told,Michael Noer,2017,Drama,"based on novel or book, biography, remake, solitary confinement, south america, prison break, island prison, devil's island, french guiana",https://image.tmdb.org/t/p/w500/ahF5c6vyP8HWMqIwlhecbRALkjq.jpg
Alerta Máximo,Plane,Survive together or die alone.,Jean-François Richet,2023,"Action, Adventure, Thriller","airplane, pilot, philippines, held hostage, plane crash",https://image.tmdb.org/t/p/w500/qi9r5xBgcc9KTxlOLjssEbDgO0J.jpg
Driblando o Destino,Bend It Like Beckham,"Sometimes, to follow your dreams... you've got to bend the rules!",Gurinder Chadha,2002,"Comedy, Drama, Romance","london, england, sports, tradition, culture clash, immigration, women's football (soccer), football (soccer), family, lgbt, woman director, british asian",https://image.tmdb.org/t/p/w500/6F2tFbxgqcSIMK5WOZfwoHXaROc.jpg
A Bailarina,Ballerina,Life's greatest adventures begin with a single... Leap!,"Eric Summer, Éric Warin",2016,"Animation, Adventure, Comedy, Family","opera, dance, paris, france, flying, inventor, musical, life's dream, ballet, orphan, statue of liberty, eiffel tower, paris, 19th century",https://image.tmdb.org/t/p/w500/qBxMhcmNnFniuDAZTKEHcSgKtsn.jpg
Brinquedo Assassino,Child's Play,More than a toy... he's your best friend.,Lars Klevberg,2019,"Horror, Thriller, Science Fiction","chicago, illinois, artificial intelligence (a.i.), evil doll, remake, killer doll, slasher, reboot, animatronic",https://image.tmdb.org/t/p/w500/rpS7ROczWulqfaXG2klYapULXKm.jpg
O Jantar dos Malas,Le Dîner de cons,A feast for the senseless.,Francis Veber,1998,Comedy,"tax inspector, fool",https://image.tmdb.org/t/p/w500/jCOCdWIim6upzteYswh8BpcsKWg.jpg
Indiana Jones e a Relíquia do Destino,Indiana Jones and the Dial of Destiny,A legend will face his destiny.,James Mangold,2023,"Adventure, Action","treasure hunt, ancient rome, sequel, flashback, knife fight, archaeologist, adventurer, 1960s, nazi germany, action adventure, suspenseful",https://image.tmdb.org/t/p/w500/Af4bXE63pVsb2FtbW8uYIyPBadD.jpg
Nikita: Criada para Matar,Nikita,She murders. So she can live.,Luc Besson,1990,"Action, Thriller","undercover agent, venice, italy, shotgun, secret identity, special unit, romance, secret government organization, hitwoman, female assassin, government assassin",https://image.tmdb.org/t/p/w500/1ulQDewUG4KKHOhpXdGKm3GdLFq.jpg
Escape Room 2: Tensão Máxima,Escape Room: Tournament of Champions,Winning was just the beginning.,Adam Robitel,2021,"Horror, Thriller, Mystery","sequel, no escape, escape room, death game",https://image.tmdb.org/t/p/w500/jGYJyPzVgrVV2bgClI9uvEZgVLE.jpg
Rápida Vingança,Faster,Slow justice is no justice,George Tillman Jr.,2010,"Crime, Drama, Action, Thriller","prisoner, police, hitman, cop, revenge, driver",https://image.tmdb.org/t/p/w500/AsUeaXrhw4oscCSjUZ6heh1pVvd.jpg
American Pie: Caindo em Tentação,American Pie Presents: Beta House,The most outrageous slice of pie!,Andrew Waller,2007,Comedy,"college, fraternity, debauchery, frat party, sex comedy, fraternity pledge, young adult",https://image.tmdb.org/t/p/w500/j7eGbwVb9hTaRFWMlSa7C1OYp3T.jpg
Celular: Um Grito de Socorro,Cellular,If the signal dies so does she.,David R. Ellis,2004,"Action, Thriller","police, psychopath, bank, telephone, los angeles, california, home invasion, cell phone, duringcreditsstinger",https://image.tmdb.org/t/p/w500/AhD3qVfVmxz5CXDxctXwK5nmrOp.jpg
Os Embalos de Sábado à Noite,Saturday Night Fever,... Catch it!,John Badham,1977,"Music, Drama","dancing master, dance performance, lover (female), disco, disco music",https://image.tmdb.org/t/p/w500/ylA7E5Md21aqgzxbwa2dFxX8LKV.jpg
Coincidências do Amor,The Switch,The most unexpected comedy ever conceived.,"Josh Gordon, Will Speck",2010,"Comedy, Romance, Drama","new york city, pregnancy, hypochondriac, little boy, single mother, based on short story, sperm donor, artificial insemination, precocious child, neurotic, wanting to have children, drunkenness, no memory, secret, best friends, moving back home",https://image.tmdb.org/t/p/w500/6cfRJjF9llCQHdFrAjusidtAg45.jpg
Escrito nas Estrelas,Serendipity,Sometimes True Love Can Have More Than One Face.,Peter Chelsom,2001,"Comedy, Romance, Drama","new love, soulmates, dollar, fate, destiny, christmas, serendipity",https://image.tmdb.org/t/p/w500/srCE5lEIjVEG5eqWg9JcjZCK1aQ.jpg
Império do Sol,Empire of the Sun,"To survive in a world at war, he must find a strength greater than all the events that surround him.",Steven Spielberg,1987,"Drama, History, War","based on novel or book, shanghai, china, stadium, bravery, peasant, prisoner of war, coming of age, pacific war, chinese, japanese army, japanese soldier, japanese surrender, salt mine, internment camp, child protagonist, children in wartime, japanese occupation of china, suzhou, china",https://image.tmdb.org/t/p/w500/gEaCzjwHoPgyQFcwHql7o5YLHAU.jpg
Apenas Duas Noites,Two Night Stand,Before love. After sex.,Max Nichols,2014,"Romance, Comedy","new year's eve, new york city, snowstorm, one-night stand, relationship, manhattan, new york city, overflowing toilet, online dating",https://image.tmdb.org/t/p/w500/rz0YnlHieXP9SBuJU4ANBW8ttIw.jpg
Atividade Paranormal 4,Paranormal Activity 4,All the activity has led to this...,"Henry Joost, Ariel Schulman",2012,Horror,"garage, poltergeist, webcam, imaginary friend, bathtub, tricycle, found footage, laptop computer, videotape, evil child, levitation, aftercreditsstinger, neighbor neighbor relationship, adopted child, antagonistic",https://image.tmdb.org/t/p/w500/na5tAslm1kGNcft083AIXMTOsYR.jpg
Sussurros do Coração,耳をすませば,I found someone I like.,Yoshifumi Kondô,1995,"Animation, Drama, Family","dream, library, italy, violin, writing, education, love, train, cartoon cat, high school student, violin maker, grade, anime",https://image.tmdb.org/t/p/w500/5FROLD8zpWFs9ja7aYho1uOMJHg.jpg
Minha Culpa,Culpa mía,,Domingo González,2023,"Drama, Romance","stepbrother, female protagonist, stepsister, rise, enemies to lovers, passion and romance, car",https://image.tmdb.org/t/p/w500/w46Vw536HwNnEzOa7J24YH9DPRS.jpg
Força-G,G-Force,The world needs bigger heroes,Hoyt Yeatman,2009,"Animation, Family, Fantasy, Action, Adventure, Comedy","secret agent, guinea pig, dyr, duringcreditsstinger",https://image.tmdb.org/t/p/w500/jpjG88kTrK7mHnRx4cpLHh8YZwr.jpg
Jornada nas Estrelas II: A Ira de Khan,Star Trek II: The Wrath of Khan,At the end of the universe lies the beginning of vengeance.,Nicholas Meyer,1982,"Action, Adventure, Science Fiction, Thriller","spacecraft, life and death, genetics, asteroid, self sacrifice, teleportation, genesis, midlife crisis, terraforming, simulator, cadet, radiation, uss reliant, starship, revenge, weapon of mass destruction, space opera, mentor protégé relationship, outer space",https://image.tmdb.org/t/p/w500/uPyLsKl8Z0LOoxeaFXsY5MxhR5s.jpg
Sr. Sherlock Holmes,Mr. Holmes,The man behind the myth,Bill Condon,2015,"Drama, Crime","london, england, based on novel or book, detective, memory loss, sherlock holmes",https://image.tmdb.org/t/p/w500/iNnHMoj2oldH7O9uL08iGhfHzh.jpg
Como Sobreviver a Um Ataque Zumbi,Scouts Guide to the Zombie Apocalypse,Always bring protection.,Christopher Landon,2015,"Comedy, Horror","shotgun, camping, campsite, gore, strip club, zombie, dripping blood, flesh eating, boy scouts, zombie apocalypse",https://image.tmdb.org/t/p/w500/lUKvvSnjFlazrdh6wyHxHrdMknD.jpg
Frozen: Febre Congelante,Frozen Fever,,"Chris Buck, Jennifer Lee",2015,"Animation, Family, Adventure, Comedy","princess, sibling relationship, birthday, cartoon, birthday party, snowman, reindeer, birthday cake, surprise party, frozen, woman director, birthday present, short film",https://image.tmdb.org/t/p/w500/mPrDJ7puYzPLG5kPM96iNszF2sM.jpg
Sou Louco Por Você,Tengo ganas de ti,,Fernando González Molina,2012,"Drama, Romance","friendship, based on novel or book, rebel, sequel, motor sport, street race, love, teenage love, young love, illegal grand prix race, based on young adult novel",https://image.tmdb.org/t/p/w500/z13I3sWzOoKBDAEpJ7iK9bSznQn.jpg
"Conan, o Bárbaro",Conan the Barbarian,Enter an age undreamed of,Marcus Nispel,2011,"Adventure, Fantasy, Action","witch, princess, rescue, magic, sword, slavery, remake, revenge, sorcerer, torture, battle, barbarian, sword and sorcery",https://image.tmdb.org/t/p/w500/5Z7bmszrF0uQxilCC6bjrLo9u9H.jpg
A Guerra dos Sexos,Battle of the Sexes,He made a bet. She made history.,"Jonathan Dayton, Valerie Faris",2017,"Comedy, Drama, History","sports, tennis, 1970s, tennis player, biography, based on true story, femme fatale, battle of the sexes, female athlete, determination, women's rights, chauvinisim, tennis match, exhibition match",https://image.tmdb.org/t/p/w500/fWy0A3VojTCb0S2MKtEJjpquubF.jpg
Um Homem de Família,The Family Man,"What if you made different choices? What if you said yes, instead of no? What if you got a second chance?",Brett Ratner,2000,"Comedy, Drama, Romance, Fantasy","businessman, workaholic, midlife crisis, holiday, second chance, first love, lost love, guardian angel, family man, christmas, what if, crisis of conscience, career vs family, christmas eve",https://image.tmdb.org/t/p/w500/zsedbiD7i2SepxIxb0F3U95mqyH.jpg
Halloween 4: O Retorno de Michael Myers,Halloween 4: The Return of Michael Myers,Horror has returned to Haddonfield.,Dwight H. Little,1988,"Horror, Thriller","sheriff, ambulance, scissors, halloween, twist, knife, sequel, murder, serial killer, niece, power outage, evil, crime spree, escaped killer, october, murder spree, holiday horror",https://image.tmdb.org/t/p/w500/eFSOkXF9n9hsfGv45MDsPixiOyx.jpg
Este é o Meu Garoto,That's My Boy,The story of a child… and his son.,Sean Anders,2012,Comedy,"infidelity, statutory rape, incest, teacher student relationship, deadbeat dad, female pedophile",https://image.tmdb.org/t/p/w500/oVCsANNQyw1AjRhQ9edFBM8HVCq.jpg
Elefante,Elephant,,Gus Van Sant,2003,"Crime, Drama","video game, gun, mass murder, classroom, portland, oregon, violence in schools, girlfriend, school, gun violence, school shooting, day in a life, homosexuality, shooting",https://image.tmdb.org/t/p/w500/pbdm3Z45fwgcfPndm4wmQAhDWjN.jpg
A Serbian Film: Terror Sem Limites,Srpski film,Not all films have a happy ending,Srdjan Spasojevic,2010,"Crime, Horror, Thriller","mask, pedophilia, suicide, pornography, rape, sexual abuse, sadism, necrophilia, insanity, perversity, masochism, controversy, snuff, sadomasochism, porn star, serbia, sexual violence, murder, statutory rape, fear, rape and murder, brutality, incest, evil, depravity, infanticide, murder by gunshot, child sexual abuse, shocksploitation, low budget, graphic violence, cult movie, banned film, child homicide",https://image.tmdb.org/t/p/w500/yIQqiw3Az5QYNHLCUoCTtxXH24G.jpg
007 - Permissão para Matar,Licence to Kill,James Bond is out on his own and out for revenge.,John Glen,1989,"Adventure, Action, Thriller","florida, corruption, airplane, liberation of prisoners, drug trafficking, secret identity, floatplane, transport of prisoners, tank car, florida keys, coast guard, british secret service",https://image.tmdb.org/t/p/w500/8nzJve63EXA79HGAyidZwivZrQ2.jpg
Twin Peaks: Os Últimos Dias de Laura Palmer,Twin Peaks: Fire Walk with Me,Meet Laura Palmer... In a town where nothing is as it seems... And everyone has something to hide.,David Lynch,1992,"Drama, Mystery, Horror","high school, small town, double life, sexual abuse, detective, drug addiction, orgy, investigation, supernatural, surreal, prequel, murder, rural area, serial killer, prostitution, brutality, drugs, incest, psychotronic, washington state, criterion, disturbed teenager, 1990s, mysterious events, demonic, fbi agent, secret, violence",https://image.tmdb.org/t/p/w500/mxsGXqetGnirf99qapYd5MMY1VL.jpg
A Barraca do Beijo 3,The Kissing Booth 3,The end of an era. The beginning of everything else.,Vince Marcello,2021,"Romance, Comedy","based on novel or book, college, sequel, summer",https://image.tmdb.org/t/p/w500/c7xcqnMDVQ5v1hJBm3AZ5YikNe6.jpg
Ano Um,Year One,Meet your ancestors,Harold Ramis,2009,"Comedy, Adventure","temple, circumcision, slavery, stone age, prehistory, cavemen, duringcreditsstinger, prehistoric man, hilarious",https://image.tmdb.org/t/p/w500/qF573jdJYwtCbXVXPDn4xu8nW2a.jpg
Um Santo Vizinho,St. Vincent,Love Thy Neighbor,Theodore Melfi,2014,Comedy,"friendship, babysitter, neighbor, divorce, child of divorce",https://image.tmdb.org/t/p/w500/1bb7MTHCIPhpKZFysDpxNaNrdMk.jpg
"Faça o Que eu Digo, Não Faça o Que eu Faço",Role Models,They're about to get more than they plea-bargained for.,David Wain,2008,Comedy,"camping, campsite, friends, community service, duringcreditsstinger, larp",https://image.tmdb.org/t/p/w500/d5SatGKWi0VpO9QX0Z74zLh9i91.jpg
Estou Pensando em Acabar com Tudo,I'm Thinking of Ending Things,,Charlie Kaufman,2020,"Drama, Fantasy, Mystery, Thriller","farm, suicide, based on novel or book, winter, philosophy, poetry, dementia, surrealism, road trip, film in film, janitor, snow, school, psychological thriller, relationship, ice cream, blizzard, existentialism",https://image.tmdb.org/t/p/w500/5ynWWapdl45hJXUh0KIevxSG9JQ.jpg
A Mulher Rei,The Woman King,Her reign begins.,Gina Prince-Bythewood,2022,"Action, Drama, History","africa, arranged marriage, warrior woman, based on true story, slave trade, duringcreditsstinger, woman director, military unit, 19th century, mother daughter reunion, freed slave, female warrior, west africa, weapons training",https://image.tmdb.org/t/p/w500/438QXt1E3WJWb3PqNniK0tAE5c1.jpg
Paterson,Paterson,,Jim Jarmusch,2016,"Drama, Romance, Comedy","husband wife relationship, new jersey, poetry, routine, eavesdropping, beer, notebook, bus driver, hobby, twins, dog, drink, veteran, aspiration, ex-boyfriend ex-girlfriend relationship, cupcake, female artist, baking, meditative, calm, philosophical, repetition, bulldog, aspiring artist, writing a poem, fame-seeking, loving, mundanity, beauty in the mundane",https://image.tmdb.org/t/p/w500/AuJ1ZlfqwuAr9H5Qr1U9KILylse.jpg
Paro Quando Quero,Smetto quando voglio,,Sydney Sibilia,2014,Comedy,,https://image.tmdb.org/t/p/w500/zcDqnuSpdRoXuw3kmbMDxLkdgXR.jpg
Bem-vindo ao sul,Benvenuti al sud,,Luca Miniero,2010,Comedy,"cheating, italy, village, lie, coffee, postman, naples, italy, mama's boy, community, bias, relocation, prejudice, cultural difference, co-workers relationship, social life, stereotype, postal worker, hospitality, community spirit, italian food, small community, wine drinking, unhappy marriage, news bias, media bias, social prejudices, accents, disability fraud",https://image.tmdb.org/t/p/w500/ozz9wXdA7DLHlzxuqjbT43N2bM1.jpg
Aladdin e os 40 Ladrões,Aladdin and the King of Thieves,The Spectacular Adventure Continues!,Tad Stones,1996,"Adventure, Animation, Family","flying carpet, musical, sequel, orient, genie, arabian nights, direct to video",https://image.tmdb.org/t/p/w500/kTH7qEyvdDYMoQraQZm3LFKCge3.jpg
Existenz,eXistenZ,Play it. Live it. Kill for it.,David Cronenberg,1999,"Action, Thriller, Science Fiction","hacker, video game, virtual reality, pop star, bodyguard, dystopia, virtual fight, near future",https://image.tmdb.org/t/p/w500/kETKF0JhdTPn1knci8CAdYL0d79.jpg
Papillon,Papillon,The greatest adventure of escape!,Franklin J. Schaffner,1973,"Crime, Drama","prison, prison escape, jungle, solitary confinement, based on memoir or autobiography, remote island, leper colony, labor camp, corrupt official, french colonialism, devil's island, prison brutality, guyana, 1930s",https://image.tmdb.org/t/p/w500/356oqQpug682OERsWV0bGZ0YxwQ.jpg
Serpico,Serpico,Many of his fellow officers considered him the most dangerous man alive - An honest cop.,Sidney Lumet,1973,"Crime, Drama, History","new york city, corruption, hippie, police, biography, idealism, based on true story, idealist, money, undercover cop, internal affairs, police corruption, social justice, police vigilantism, whistleblower, fighting the system",https://image.tmdb.org/t/p/w500/c7fENg2o6SBBtL3z4V9xTAnEoDJ.jpg
Crocodilo Dundee,Crocodile Dundee,There's a little of him in all of us.,Peter Faiman,1986,"Adventure, Comedy","hotel, new york city, journalist, prostitute, culture clash, subway, crocodile, tourist, wilderness, knife, limousine, poacher, fish out of water, adventurer, australian outback, kangaroo",https://image.tmdb.org/t/p/w500/pduPduL1ub5kok3lPYT15ryC9L6.jpg
O Sono da Morte,Before I Wake,Fear your dreams.,Mike Flanagan,2016,"Drama, Fantasy, Horror, Thriller","dream, nightmare, insomnia, orphan",https://image.tmdb.org/t/p/w500/sI9neTbF3ECdpf2MpC88EMGJH13.jpg
Mandando Bala,Shoot 'Em Up,Just another family man making a living.,Michael Davis,2007,"Action, Thriller, Comedy, Crime","dying and death, new love, hero, prostitute, baby, chase, ball, shootout, hobo",https://image.tmdb.org/t/p/w500/pbHpZfjzF4hKomaSmSZWRWKhO0P.jpg
Elle,Elle,,Paul Verhoeven,2016,"Drama, Thriller","rape, france, video game, assault, death of father, car accident, birth, divorced woman, death of mother, christmas lights, giving birth, rape and revenge, christmas, intruder, pepper spray",https://image.tmdb.org/t/p/w500/lpKIazNJncpV3sJ5MyTFS5tfTZk.jpg
O Conselheiro do Crime,The Counselor,Sin is a choice.,Ridley Scott,2013,"Thriller, Crime, Drama","drug smuggling, poetry, drug trafficking, snuff, lawyer, red dress",https://image.tmdb.org/t/p/w500/aNiLkGnzVb5CorZHKk16w9S4COt.jpg
"Amor, Sublime Amor",West Side Story,The screen achieves one of the great entertainments in the history of motion pictures.,"Jerome Robbins, Robert Wise",1961,"Crime, Drama, Romance","immigrant, showdown, street gang, slum, love at first sight, puerto rico, highway, forbidden love, musical, based on play or musical, rivalry, feud, interracial relationship, tragic love, attempted rape, policeman, obsessive love, lifting female in air, young love, modern day adaptation, shakespeare in modern dress, romeo & juliet",https://image.tmdb.org/t/p/w500/nzCMu6D5q60i2bVrIQ0DxlRSgCZ.jpg
Ambulância: Um Dia de Crime,Ambulance,It was supposed to be a simple heist.,Michael Bay,2022,"Thriller, Action","ambulance, car crash, remake, officer involved shooting, los angeles, california, bank robbery, veteran, heist gone wrong, bank heist, police helicopter, brother brother relationship",https://image.tmdb.org/t/p/w500/kuxjMVuc3VTD7p42TZpJNsSrM1V.jpg
The Last Naruto: O Filme,THE LAST -NARUTO THE MOVIE-,,Tsuneo Kobayashi,2014,"Action, Romance, Animation","ninja, anime, ninjas",https://image.tmdb.org/t/p/w500/bAQ8O5Uw6FedtlCbJTutenzPVKd.jpg
Noites Brutais,Barbarian,Some stay for a night. Some stay for a week. Some never leave.,Zach Cregger,2022,"Horror, Mystery, Thriller","monster, sexual abuse, paranoia, flashback, basement, serial killer, duringcreditsstinger, airbnb, abduction, metoo, plot twist, secret room",https://image.tmdb.org/t/p/w500/idT5mnqPcJgSkvpDX7pJffBzdVH.jpg
Tango e Cash: Os Vingadores,Tango & Cash,Two of L.A.'s top rival cops are going to have to work together... Even if it kills them.,Andrei Konchalovsky,1989,"Action, Adventure, Comedy, Thriller","prisoner, war on drugs, los angeles, california, buddy cop",https://image.tmdb.org/t/p/w500/7xGDaxBE8NazccpXN6oiwoOe67b.jpg
Tubarão 2,Jaws 2,Just when you thought it was safe to go back in the water...,Jeannot Szwarc,1978,"Horror, Thriller","dying and death, rescue, island, panic, mayor, shark attack, police chief, current, boat accident, animal attack, sailing, sequel, scuba diving, creature, shark, great white shark, killer whale, high-tension current, water skiing, tourism",https://image.tmdb.org/t/p/w500/cN3ijEwsn4kBaRuHfcJpAQJbeWe.jpg
Miss Simpatia 2: Armada e Poderosa,Miss Congeniality 2: Armed and Fabulous,You might feel a little prick.,John Pasquin,2005,"Action, Comedy","ship, undercover agent, ransom, drag queen, fbi, press conference, sequel, miss america, office politics, buddy cop, representation, abandonment",https://image.tmdb.org/t/p/w500/gcYoIHND3ugn2VH1cNHHNQasEyI.jpg
Tudo Sobre Minha Mãe,Todo sobre mi madre,Part of every woman is a mother/actress/saint/sinner. And part of every man is a woman.,Pedro Almodóvar,1999,"Comedy, Drama","drug abuse, barcelona, spain, transvestism, transplantation, madrid, spain, transsexuality, birthday, autograph, friends, lgbt, melodrama",https://image.tmdb.org/t/p/w500/hjQhzhkGYXPNM96k0mOgob6HMmn.jpg
"Cara, Cadê Meu Carro?","Dude, Where's My Car?","After a night they can't remember, comes a day they'll never forget.",Danny Leiner,2000,"Comedy, Science Fiction","friendship, amnesia, tattoo, idiot, girlfriend, stupidity, cannabis, hangover, spoof, drugs, alcohol abuse, celebration, duringcreditsstinger, child, stoner movie",https://image.tmdb.org/t/p/w500/tc6sLnnaOZk08YndHd53aPlUast.jpg
Dragon Ball Z: O Renascimento de F,ドラゴンボールZ 復活の「F」,,Tadayoshi Yamamuro,2015,"Action, Animation, Science Fiction","resurrection, sequel, based on manga, alien attack, anime",https://image.tmdb.org/t/p/w500/soq3AxjALdBfdPAm8H7yuMmNL5Y.jpg
Tropa de Elite 2: O Inimigo Agora é Outro,Tropa de Elite 2,,José Padilha,2010,"Drama, Action, Crime","police, drug trafficking, penitentiary, jail, torture, execution, drugs, criminal, duringcreditsstinger",https://image.tmdb.org/t/p/w500/89nThdmRxWYqglPRtJt1kZjP6UE.jpg
Mandy: Sede de Vingança,Mandy,,Panos Cosmatos,2018,"Horror, Action, Thriller, Fantasy","rescue, nightmare, kidnapping, narcissism, dark comedy, lsd, surrealism, hallucinogen, revenge, grief, murder, russian roulette, animated scene, chainsaw, cabin in the woods, motorcycle, death, lumberjack, cult leader, religious cult, burning corpse, death of girlfriend, 1980s, psychedelic drug, demonic, independent film, blood, brutal violence, biker gang",https://image.tmdb.org/t/p/w500/m0yf7J7HsKeK6E81SMRcX8vx6mH.jpg
Inatividade Paranormal,A Haunted House,This $*%! ain't paranormal.,Michael Tiddes,2013,"Comedy, Horror","ghostbuster, haunted house, parody, crude humor, spoof, horror spoof, fake documentary, demonic possession, found footage, paranormal activity, duringcreditsstinger, spooky house, horror parody",https://image.tmdb.org/t/p/w500/skQt53YE2iyOftXj5afJkHmYxLW.jpg
Asterix e Obelix Contra César,Astérix & Obélix contre César,The Gauls are revolting!,Claude Zidi,1999,"Family, Adventure, Comedy, Fantasy","rome, italy, roman empire, fight, resistance, sinti and romanies , roman, fistfight, ancient rome, based on comic, 1st century",https://image.tmdb.org/t/p/w500/sJ4zNakOuWcsW6ssH1qk80JehQ2.jpg
Nanny McPhee e as Lições Mágicas,Nanny McPhee and the Big Bang,"The magic's back, warts and all.",Susanna White,2010,"Comedy, Fantasy, Family","nanny, aftercreditsstinger, duringcreditsstinger, woman director, based on young adult novel",https://image.tmdb.org/t/p/w500/9cgHfgBXVZmVR63AhwJ82R1kAFS.jpg
Uma Dobra no Tempo,A Wrinkle in Time,Be a warrior,Ava DuVernay,2018,"Adventure, Science Fiction, Family, Fantasy","based on novel or book, child prodigy, remake, family, woman director, mixed race",https://image.tmdb.org/t/p/w500/yAcb58vipewa1BfNit2RjE6boXA.jpg
Onde Vivem os Monstros,Where the Wild Things Are,There's one in all of us.,Spike Jonze,2009,"Family, Fantasy, Drama, Adventure","creature, based on children's book, children's book, lying, overflowing with imagination, children's perspectives, maurice sendak",https://image.tmdb.org/t/p/w500/sDFV9VEjwTUWF1s5sjOllsb70jk.jpg
Sequestro no Espaço,Lockout,Take no prisoners.,"James Mather, Steve Saint Leger",2012,"Action, Thriller, Science Fiction","future, usa president, anti hero, dementia, space, convict, interrogation, space station, collision in space, 2070s",https://image.tmdb.org/t/p/w500/i5QfNIcg6hc327IWUerea0EczP4.jpg
Na Teia da Aranha,Along Came a Spider,The game is far from over.,Lee Tamahori,2001,"Crime, Mystery, Thriller, Action","based on novel or book, police, psychology, police operation, sequel, psychologist, whodunit",https://image.tmdb.org/t/p/w500/1YtsND7vSNymylnOSzgg3DdVFMB.jpg
O Que Esperar Quando Você Está Esperando,What to Expect When You're Expecting,It's too late to pull out now.,Kirk Jones,2012,"Romance, Comedy, Drama","dancer, based on novel or book, photographer, married couple, pregnancy, adoption, baby carriage, dance competition, one-night stand, doctor, older man younger woman relationship, advertising, pregnant woman, tv show in film, expectant father, pregnant wife, vomiting, boyfriend girlfriend relationship, expecting twins, open air cinema, giving birth, food truck, newborn baby, breastfeeding, celebrity panel, international adoption, new house, father son relationship, joy, baby shower, childbirth, celebrity judges, daddy group, celebrity trainer, freelance photographer, baby store",https://image.tmdb.org/t/p/w500/WlaRQOeoUfKntGmNsuZDu3r6h6.jpg
Antes Só do que Mal Acompanhado,"Planes, Trains and Automobiles",What he really wanted was to spend Thanksgiving with his family. What he got was three days with the turkey.,John Hughes,1987,Comedy,"thanksgiving, road trip, buddy, receptionist, slob, st. louis, missouri, double take, chatter box, wichita kansas, speeding ticket, chewing tobacco, credit card fraud, state trooper, unlikely friendship, aftercreditsstinger",https://image.tmdb.org/t/p/w500/3RSucVsX96Ste8WDJfZP1hbNGqQ.jpg
Uma Garota Encantada,Ella Enchanted,Get enchanted,Tommy O'Haver,2004,"Family, Fantasy, Comedy","based on novel or book, elves, magic, fairy tale, fairy, prince, fantasy world, giant, ogre, obedience, fairy godmother",https://image.tmdb.org/t/p/w500/dH8yHmqUra0gqzMJJKXiyfKkB57.jpg
Aterrorizante,Terrifier,You Never Forget Your First Kill,Damien Leone,2018,"Horror, Thriller","halloween, clown, gore, slasher, maniac, killer clown, evil clown, based on short film, independent film",https://image.tmdb.org/t/p/w500/6PQqC4SbY910VvyVad6mvsboILU.jpg
Máfia no Divã,Analyze This,New York's most powerful gangster is about to get in touch with his feelings. YOU try telling him his 50 minutes are up.,Harold Ramis,1999,"Comedy, Crime","new york city, mafia boss, wedding, psychiatrist",https://image.tmdb.org/t/p/w500/eqa4TEgkx63WRhqyD8eTwmL7bUi.jpg
Endiabrado,Bedazzled,Meet the Devil. She's giving Elliott seven wishes. But not a chance in Hell.,Harold Ramis,2000,"Fantasy, Comedy, Romance","love of one's life, wish, sale of soul, pact with the devil, remake, demon",https://image.tmdb.org/t/p/w500/9aIg9oKMetjfDUNH1jDJKiw2Qos.jpg
Regressão,Regression,Fear always finds its victim,Alejandro Amenábar,2015,"Horror, Mystery, Thriller","nightmare, cemetery, paranoia, minnesota, investigation, memory loss, hospital, church, police officer, psychiatrist, satanic cult, reverend, 1990s",https://image.tmdb.org/t/p/w500/luHpMTmU1ygtEgdOTSSj0i9nd8E.jpg
Triplo X 2: Estado de Emergência,xXx: State of the Union,Prepare for the next level,Lee Tamahori,2005,"Action, Adventure, Crime, Mystery, Thriller","helicopter, usa president, washington dc, usa, general, coup d'etat, military prison, agent, insurgent, secretary of defense, potus",https://image.tmdb.org/t/p/w500/MM1r8HQUn6VG0Njr8S6cmXHyvJ.jpg
Liga da Justiça: Ponto de Ignição,Justice League: The Flashpoint Paradox,Fight the future.,Jay Oliva,2013,"Science Fiction, Animation, Action, Adventure","cartoon, based on comic, superhuman, universe, super power, superhero team, alternate timeline, timeline, dc animated movie universe",https://image.tmdb.org/t/p/w500/ek9SvmkUfh5QwRGIfK0il4Dfnpe.jpg
O Chacal,The Jackal,How do you stop an assassin who has no identity?,Michael Caton-Jones,1997,"Action, Thriller, Adventure, Crime","showdown, hitman, politics, bratva (russian mafia), cold war, fbi, montreal, canada, revenge, terrorism, ira (irish republican army), pretending to be gay",https://image.tmdb.org/t/p/w500/wkLF73oenC1n1DDKKU7oyLKVcMa.jpg
A Noiva de Chucky,Bride of Chucky,Chucky gets lucky.,Ronny Yu,1998,"Comedy, Horror","voodoo, route 66, evil doll, killer doll, serial killer, slasher, killer toys, toy comes to life, possessed doll, supernatural power",https://image.tmdb.org/t/p/w500/mAGviFp1ufYM3EaZBSrjPiKPBt6.jpg
Fúria Sobre Rodas,Drive Angry,One hell of a ride.,Patrick Lussier,2011,"Fantasy, Thriller, Action, Crime","race against time, kidnapping, surrealism, satanic cult, escaped from hell, good versus evil",https://image.tmdb.org/t/p/w500/g0hQNqLkPZC5wOnNhzUH0KvPda4.jpg
O Inferno de Dante,Dante's Peak,The pressure is building...,Roger Donaldson,1997,"Action, Adventure, Drama, Thriller","rescue, small town, helicopter, lava, mayor, evacuation, natural disaster, motel, volcano, lovers, partnership, volcanology, disaster, cabin, explosion, scientist, seismograph, volcanic eruption, rowboat, catastrophe, disaster movie, acid, county fair, abandoned mine, volcanic ash",https://image.tmdb.org/t/p/w500/chApdYLprUhuAVpeBXn2Ytytyo6.jpg
Dupla Jornada,Day Shift,Some jobs really go for the throat.,J.J. Perry,2022,"Action, Fantasy, Horror, Comedy","california, vampire hunter (slayer), los angeles, california, buddy comedy",https://image.tmdb.org/t/p/w500/bI7lGR5HuYlENlp11brKUAaPHuO.jpg
Monty Python - O Sentido da Vida,Monty Python's The Meaning of Life,"It took God six days to create the earth, and Monty Python just 90 minutes to screw it up.",Terry Jones,1983,Comedy,"sense of life, comedian, satire, sketch, breaking the fourth wall, aftercreditsstinger, duringcreditsstinger, vignette, the meaning of life, anarchic comedy",https://image.tmdb.org/t/p/w500/9yavZ9WgEZIpWi2EbVW8At9RPdo.jpg
Espelhos do Medo,Mirrors,There is evil...On the other side.,Alexandre Aja,2008,"Horror, Mystery, Thriller, Drama, Fantasy","schizophrenia, subway, night watchman, possession, hallucination, morgue, alcoholism, ex-cop, remake, rural area, medication, demon, psychiatrist, estranged wife, nypd, evil, newspaper clipping",https://image.tmdb.org/t/p/w500/bt5a4ThyLpLTsia2e2ZTLzQjXO0.jpg
Amor ou Consequência,Jeux d'enfants,"When is love a game, and when is it not?",Yann Samuell,2003,"Drama, Comedy, Romance","test of courage, belgium, crush",https://image.tmdb.org/t/p/w500/3jwY4llYNzONpSwvdX4hH4q0nas.jpg
Operação Dragão,Enter the Dragon,Their deadly mission: to crack the forbidden island of Han!,Robert Clouse,1973,Action,"island, martial arts, kung fu, temple, monk, spy, shaolin, sister, hong kong, shaolin monk, east asian lead, martial arts tournament, crime lord",https://image.tmdb.org/t/p/w500/fyrh2ULEcmLpGTVLPQqFW45hqr5.jpg
Team America: Detonando o Mundo,Team America: World Police,Freedom Hangs By A Thread,Trey Parker,2004,"Adventure, Action, Comedy","egypt, government, france, paris, france, cairo, capitalism, loss of loved one, shotgun, war on terror, shipwreck, patriotism, pentagon, american dream, destroy, louvre museum, american  way of life, panama, damage, parody, failure, puppetry, eiffel tower, paris, global politics, mass destruction, agents",https://image.tmdb.org/t/p/w500/m1Q2VFe1DVVbjfu1LDZe7tlp9yb.jpg
Meu Vizinho Mafioso,The Whole Nine Yards,"In the heart of suburbia, a hit man with heart has just moved in.",Jonathan Lynn,2000,"Comedy, Crime","chicago, illinois, gangster, montreal, canada, mafia, dentist, hoodlum",https://image.tmdb.org/t/p/w500/r4FvRHW1J9FAOnCYchZ7QanQ04e.jpg
Magic Mike XXL,Magic Mike XXL,Back to the grind.,Gregory Jacobs,2015,"Comedy, Drama","dancing, male friendship, road trip, strip club, gay interest, strip tease, strip",https://image.tmdb.org/t/p/w500/ny9qi5SYefhSov0ZycCwFFX5fi3.jpg
Rua do Medo: 1978 - Parte 2,Fear Street: 1978,Find the truth.,Leigh Janiak,2021,"Mystery, Horror","based on novel or book, summer camp, 1970s, curse, witchcraft",https://image.tmdb.org/t/p/w500/5dNTxhoGDTHHGqUTdxcr4H1dqlU.jpg
Fim dos Dias,End of Days,Prepare for the end.,Peter Hyams,1999,"Action, Fantasy, Horror, Mystery","new year's eve, new york city, nightmare, faith, christianity, pastor, bible, satanist, ex-cop, atheist, anti-christ, millenium, priest, hospital, explosion, church, devil, ritual murder, stigmata, supernatural horror, good versus evil, security agent, private security organization",https://image.tmdb.org/t/p/w500/pY8FbKKl3VD0jRI1iDFrwN6alLa.jpg
007 - A Serviço Secreto de Sua Majestade,On Her Majesty's Secret Service,Far up! Far out! Far more! James Bond 007 is back!,Peter R. Hunt,1969,"Adventure, Action, Thriller","daughter, suicide, london, england, based on novel or book, england, espionage, secret mission, secret identity, switzerland, new identity, honeymoon, secret organization, villain, secret lab, family history, snowstorm, mi6, killer, british secret service, snow skiing, alps mountains, aftercreditsstinger",https://image.tmdb.org/t/p/w500/yVzJLLhBwuWJBR9BYEMurShu2WT.jpg
A Última Casa da Rua,House at the End of the Street,Fear reaches out... for the girl next door.,Mark Tonderai,2012,"Horror, Thriller","parent child relationship, child hero, cross dressing, abuse, father son conflict",https://image.tmdb.org/t/p/w500/bgHeZ5g7YyxKcwWw1tgyAMy0czy.jpg
Top Gang 2! A Missão,Hot Shots! Part Deux,Just deux it.,Jim Abrahams,1993,"Action, Comedy, War","rescue, swordplay, liberation of hostage, secret agent, parody, iraq war, near east",https://image.tmdb.org/t/p/w500/zh9EGK970GHo10ETclWBOjZVUOK.jpg
A Doce Vida,La dolce vita,The world’s most talked about movie today!,Federico Fellini,1960,"Comedy, Drama","dying and death, sea, newspaper, lovesickness, sunrise, unsociability, rome, italy, photographer, loss of loved one, sadness, night life, fountain, cowardliness, ghost",https://image.tmdb.org/t/p/w500/11hMHhThUb53fHoDDyn5LUsw0Z.jpg
Jovens Bruxas,The Craft,Welcome to the witching hour.,Andrew Fleming,1996,"Horror, Drama, Fantasy","witch, puberty, magic, suicide attempt, black magic, sorcery, female friendship, occult, hair loss, outsider, karma, newcomer, love spell",https://image.tmdb.org/t/p/w500/8bW2RdRkloYtEPhbQZN4wcdmJP4.jpg
Free Willy,Free Willy,How far would you go for a friend?,Simon Wincer,1993,"Family, Adventure, Drama","whale, social worker, freedom, social work, human animal relationship, best friend, killer whale, amusement park, aftercreditsstinger",https://image.tmdb.org/t/p/w500/9iBgd9gi9ztWiVcYSG6zl8wDFBN.jpg
O Núcleo: Missão ao Centro da Terra,The Core,Earth has a deadline.,Jon Amiel,2003,"Action, Thriller, Adventure, Science Fiction","magnetic field, saving the world, natural disaster, survival, disaster, golden gate bridge, scientist, crash landing, center of the earth, disaster movie, environmental disaster",https://image.tmdb.org/t/p/w500/jaG2vih2z4V5fP9pnYSIL65lr8d.jpg
Batman: A Piada Mortal,Batman: The Killing Joke,The madness begins.,Sam Liu,2016,"Action, Animation, Crime, Drama","joker, psychopath, superhero, cartoon, carnival, comic book, descent into madness, torture, cruelty, justice, based on graphic novel, super power, madness, adult animation",https://image.tmdb.org/t/p/w500/lrQ3LeNIN0nmviZ692seNBUl1Pq.jpg
O Filho do Máskara,Son of the Mask,Who's next?,Lawrence Guterman,2005,"Fantasy, Comedy, Family, Adventure","mask, baby, superhero, transformation, villain, surrealism, viking, based on comic, slapstick comedy, dog, urban setting, wisecrack humor, super villain, norse mythology, supernatural power",https://image.tmdb.org/t/p/w500/Adgnfhm9B8YAQmC0osuP4zO9SRc.jpg
Bons Meninos,Good Boys,You Must Be This Tall to See This Movie,Gene Stupnitsky,2019,Comedy,"drone, best friend, first kiss, sex toy, tween, generation z, child protagonist, spin the bottle",https://image.tmdb.org/t/p/w500/tximyCXMEnWIIyOy9STkOduUprG.jpg
Duas Rainhas,Mary Queen of Scots,Bow to No One,Josie Rourke,2018,"Drama, History","based on novel or book, scotland, cousin, royal family, biography, queen elizabeth i, tudor, female prisoner, cousin cousin relationship, woman director, 16th century, british monarchy, house of stuart",https://image.tmdb.org/t/p/w500/b5RMzLAyq5QW6GtN9sIeAEMLlBI.jpg
Antes do Adeus,Before We Go,One night can change your whole life.,Chris Evans,2014,"Comedy, Drama, Romance","infidelity, husband wife relationship, romance, stranger, manhattan, new york city",https://image.tmdb.org/t/p/w500/hbWU6Q6owywuCzLRSJ0Nzxh0E2E.jpg
B13 - 13º Distrito,Banlieue 13,Welcome to District B13. Welcome to the future,Pierre Morel,2004,"Action, Thriller, Science Fiction","martial arts, street gang, paris, france, bomb, dystopia, ghetto, parkour, undercover cop, gang, drug dealing, suburb, fighting, hand to hand combat",https://image.tmdb.org/t/p/w500/u9gOfYelDwmvAmXWC1jgCFIY8RB.jpg
O Dono da Festa,National Lampoon's Van Wilder,Don't Graduate. Celebrate.,Walt Becker,2002,"Comedy, Romance","college, slacker, crude humor, locker room, doggystyle, debauchery, gross out, frat party, sex comedy, flirting, exposé, pug, bon bon, fraternity pledge, fundraising, laxative",https://image.tmdb.org/t/p/w500/hl19MAS9hV5QkkUdZuoLleDuNH9.jpg
Napoleon Dynamite,Napoleon Dynamite,He's out to prove he's got nothing to prove.,Jared Hess,2004,Comedy,"underdog, high school, sibling relationship, idaho, chat, school dance, social outcast, aftercreditsstinger",https://image.tmdb.org/t/p/w500/g5PAKdu5aolXMnIRFkCo6vXq5Jh.jpg
O Último Boy Scout,The Last Boy Scout,Everyone had counted them out. But they're about to get back in the game.,Tony Scott,1991,"Action, Thriller","sniper, assassin, corruption, bomb, anti hero, cocaine, senator, puppet, cynicism, strip club, swimming pool, dysfunctional marriage, los angeles, california, police detective, buddy, alcoholic, private detective, bribery, frame up, exotic dancer, child kidnapping",https://image.tmdb.org/t/p/w500/nKTqyWwLxkvoEKkSAGWo1GdiTpb.jpg
Hora de Voltar,Garden State,,Zach Braff,2004,"Comedy, Drama, Romance","new jersey, unsociability, paraplegic, expensive restaurant, loss of loved one, pop culture, difficult childhood, ecstasy, strangeness, epilepsy, lethargy, answering machine, single, marijuana, los angeles, california, psychiatrist, grave digger",https://image.tmdb.org/t/p/w500/h3iqYiGS6F3y7GxaS4AT8nFxZ2i.jpg
Os Perdedores,The Losers,Anyone Else Would Be Dead By Now.,Sylvain White,2010,"Action, Adventure, Crime, Mystery, Thriller","based on comic, hospital, black ops",https://image.tmdb.org/t/p/w500/e5oD3fuQpjZ8Po6WNW0VkUJmW52.jpg
A Lagoa Azul,The Blue Lagoon,A story of natural love.,Randal Kleiser,1980,"Romance, Adventure","sexual identity, shipwreck, lovers, stranded, marooned, pacific island, deserted island, tropical island, lost at sea",https://image.tmdb.org/t/p/w500/zaoq2K1oPWpF91XZ0aesfUCasqb.jpg
RoboCop 2,RoboCop 2,He's back to protect the innocent.,Irvin Kershner,1990,"Action, Adventure, Crime, Science Fiction, Thriller","police, cyborg, sequel, cyberpunk, robot, drugs, police officer",https://image.tmdb.org/t/p/w500/nhqBxhOJXUJeFsyLxTFkctH9H5F.jpg
A Conquista da Honra,Flags of Our Fathers,They fight for their country but they die for their friends.,Clint Eastwood,2006,"War, Drama, History","dying and death, japan, world war ii, pacific, pacific war, iwo jima, aftercreditsstinger, duringcreditsstinger, 1940s",https://image.tmdb.org/t/p/w500/2nkPrhf4YIyMFelfe4zdOnGRYz5.jpg
Encurralado,Duel,The most bizarre murder weapon ever used!,Steven Spielberg,1971,"Action, Thriller, TV Movie","california, panic, chase, gas station, falsely accused, cliff, deputy, car crash, monologue, truck, salesman, stalking, cowardliness, desert, truck driver, based on short story, road rage, school bus, dangerous driving, eighteen wheeler, locked bumpers, overheating, railroad crossing",https://image.tmdb.org/t/p/w500/4GNz3kF86KpgghLq578Asy3ObPw.jpg
O 3º Homem,The Third Man,Hunted by men ... Sought by WOMEN!,Carol Reed,1949,"Thriller, Mystery","staged death, black market, cemetery, investigation, grave, soviet military, prater, british army, austria, cover-up, film noir, foot chase, vienna, austria, sewer, missing person, post world war ii, ferris wheel, penicillin, forged passport",https://image.tmdb.org/t/p/w500/oIF3l7Dxp7Eyye10BNyM611wtKa.jpg
Os Caras Malvados,The Bad Guys,Good is no fun at all.,Pierre Perifel,2022,"Animation, Action, Adventure, Crime, Comedy, Family","based on comic, based on graphic novel, duringcreditsstinger",https://image.tmdb.org/t/p/w500/7qop80YfuO0BwJa1uXk1DXUUEwv.jpg
Contos do Dia das Bruxas,Trick 'r Treat,"Poison, Drowning, Claw, Or Knife. So Many Ways To Take A Life.",Michael Dougherty,2007,"Horror, Comedy","monster, grave, halloween, paranormal phenomena, undead, anthology, woods, serial killer, werewolf, corpse, school bus, holiday horror",https://image.tmdb.org/t/p/w500/w0nmol4g7n6MFfhfphV7GzHHYjB.jpg
Os Escolhidos,Dark Skies,Once you have been chosen. You belong to them.,Scott Stewart,2013,"Science Fiction, Thriller, Horror","supernatural, alien, fear",https://image.tmdb.org/t/p/w500/euLgEo2kvuLjYxbfOekWF3l82t6.jpg
007 - Somente para Seus Olhos,For Your Eyes Only,"No one comes close to James Bond, 007.",John Glen,1981,"Adventure, Action, Thriller","sea, assassin, london, england, smuggling (contraband), submarine, undercover, england, secret mission, olympic games, secret intelligence service, drug trafficking, mountain, kgb, coral reef, ski jump, parrot, cryptographic device, figure skating, motorcycle, monastery, british secret service, snow skiing",https://image.tmdb.org/t/p/w500/z57s6bpnYqokqr5HVNOBQFv5e1j.jpg
Zona de Combate,Outside the Wire,Defiant by design.,Mikael Håfström,2021,"Thriller, Action, Science Fiction","android, cyborg, killer robot, pilot, nuclear missile, near future, 2030s, war",https://image.tmdb.org/t/p/w500/6XYLiMxHAaCsoyrVo38LBWMw2p8.jpg
O Céu da Meia-Noite,The Midnight Sky,There's a universe between all of us.,George Clooney,2020,"Science Fiction, Drama","based on novel or book, post-apocalyptic future, nuclear radiation, space travel, arctic polar circle region, end of the world, cancer, astronaut, space exploration, space adventure, 2040s, space walk",https://image.tmdb.org/t/p/w500/tbI9bhZlYmfWGkqY1Wje9Sg3He9.jpg
A Morte de Stalin,The Death of Stalin,"In the Kremlin, no one can hear you scheme",Armando Iannucci,2017,"Comedy, Drama, History","chaos, dictator, socialism, dark comedy, satire, biography, based on true story, joseph stalin, death, military, political satire, regime, 1950s, nikita khrushchev",https://image.tmdb.org/t/p/w500/xAKqG5SpsHU7vI6Fh4UYxFrDDZZ.jpg
O Preço de um Resgate,Ransom,Someone is going to pay.,Ron Howard,1996,"Action, Thriller","ransom, loss of loved one, hostage, yellow press, fbi, baby-snatching, police corruption, terrorism, millionaire, child kidnapping, negotiator",https://image.tmdb.org/t/p/w500/kFShhVUU5LfGmLvo9OJGM8dyDFL.jpg
Extinção,Extinction,We were not here first,Ben Young,2018,"Action, Drama, Science Fiction, Thriller","alien, space, mechanic, alien invasion, spaceship",https://image.tmdb.org/t/p/w500/qjnNdjrZIdi7d316SjjkgEjJRSg.jpg
Outro Conto da Nova Cinderela,Another Cinderella Story,Once upon a time....can happen again.,Damon Santostefano,2008,"Comedy, Music","high school, dance, dancer, fairy tale, masked ball, musical, celebrity, orphan, modern fairy tale",https://image.tmdb.org/t/p/w500/Acw0Syw7s8QFTCkdJgtGR2Eg0SB.jpg
Espiral: O Legado de Jogos Mortais,Spiral: From the Book of Saw,,Darren Lynn Bousman,2021,"Horror, Crime, Mystery","sequel, murder, police corruption, survival horror, body count, procedural, father son relationship, mystery killings, murder of a policeman, death game",https://image.tmdb.org/t/p/w500/qkl6mRoFexK2FGWCbAsvrRxjWaF.jpg
O 13º Guerreiro,The 13th Warrior,Prey for the living.,John McTiernan,1999,"Adventure, History, Action","witch, epic, mission, based on novel or book, kingdom, arabian, village, cave, horse, defence, scandinavia, viking, bagdad, deception, sword fight, historical fiction, barbarian, fictional war, demon, combat, cavalry, medieval, dark fantasy, norse mythology, warrior, sword and sorcery, 10th century",https://image.tmdb.org/t/p/w500/ip5FmurIOdOyI1wFY2nXVMze3lC.jpg
Banzé no Oeste,Blazing Saddles,Never give a saga an even break!,Mel Brooks,1974,"Western, Comedy","governor, saloon, gun, parody, marching band, breaking the fourth wall, spoof, railroad, interrupted hanging, cowboy, western town, western spoof, ceremony, frontier town, saloon girl, coot, self-referential, anarchic comedy, anachronistic",https://image.tmdb.org/t/p/w500/nb1MLEOXVFBKTM4J9GLoksqgDBk.jpg
Academia de Vampiros: O Beijo das Sombras,Vampire Academy,They suck at school.,Mark Waters,2014,"Comedy, Action, Fantasy","friendship, based on novel or book, vampire, narration, danger of life, royal family, superhuman, guardian, super power, supernatural creature, based on young adult novel",https://image.tmdb.org/t/p/w500/cJZpKgiFfjDZ6L5aOJvbmDhsGqY.jpg
Little Nicky: Um Diabo Diferente,Little Nicky,Be unafraid. Be very unafraid.,Steven Brill,2000,"Comedy, Fantasy","new york city, sibling relationship, parent child relationship, hell, devil's son, satan, demon, bulldog, father son relationship",https://image.tmdb.org/t/p/w500/AudA8gnTWSBWXBHSBHnr3HHUXXM.jpg
Mudança de Hábito 2: Mais Loucuras no Convento,Sister Act 2: Back in the Habit,,Bill Duke,1993,"Music, Comedy","nun, education, music competition, singing nun, singing, mother superior, catholic school, monastery, domineering mother, teenage rebellion, board of education, school choir, urban youth",https://image.tmdb.org/t/p/w500/dlkBp5S6Ei5f54031rAhyb4IwML.jpg
42 - A História de uma Lenda,42,The True Story of an American Legend,Brian Helgeland,2013,Drama,"sports, baseball, biography, racial segregation, racial tension, racial prejudice, brooklyn dodgers, 1940s",https://image.tmdb.org/t/p/w500/iZ7jVGQWj3eBUdqwAPUlKk0BaS2.jpg
Pânico na Neve,Frozen,No one knows you're up there.,Adam Green,2010,Thriller,"cold, wolf, mountain, animal attack, girlfriend, stranded, snow, best friend, boyfriend, ski resort, ski lift, eaten alive, hypothermia, frostbite, cable car, eaten by animal, skier, stuck, wolves, life or death, natural horror",https://image.tmdb.org/t/p/w500/kEiMX42a35S4blAw4KrQe3U5zNc.jpg
Durante a Tormenta,Durante la tormenta,Who would you stop time for?,Oriol Paulo,2018,"Thriller, Drama, Mystery, Fantasy","husband wife relationship, spain, thunderstorm, 1980s, suburban, mother daughter relationship",https://image.tmdb.org/t/p/w500/oLO9y7GoyAVUVoAWD6jCgY7GQfs.jpg
Imperdoável,The Unforgivable,No one walks free of their past,Nora Fingscheidt,2021,"Drama, Crime",redemption,https://image.tmdb.org/t/p/w500/1b3dNFDuE7i05TJlXrIC571yR01.jpg
A Hora do Pesadelo 2: A Vingança de Freddy,A Nightmare on Elm Street Part 2: Freddy's Revenge,The man of your dreams is back!,Jack Sholder,1985,Horror,"high school, fire, dream, nightmare, sadism, psychopath, transformation, supernatural, diary, haunted house, possession, sequel, premonition, spontaneous combustion, slasher, bdsm, school bus, disfigurement, sleepwalking, pool party, supernatural horror, whump",https://image.tmdb.org/t/p/w500/53kxYw0G3o55yJ23K7s7KMaOyAM.jpg
Revelação,What Lies Beneath,He was the perfect husband until his one mistake followed them home.,Robert Zemeckis,2000,"Drama, Horror, Mystery, Thriller","lake, therapist, haunted house, haunting, suspicion, ouija board, car accident, new neighbor, vermont, missing child, ghost, séance, secret",https://image.tmdb.org/t/p/w500/2L3Cn0CizbSy2E9KJt1SiOSyb6p.jpg
65 - Ameaça Pré-Histórica,65,"65 million years ago, prehistoric Earth had a visitor.","Scott Beck, Bryan Woods",2023,"Science Fiction, Action, Adventure","monster, asteroid, cave, giant monster, prehistory, dinosaur, quicksand, crash landing, alien race, sick child, shipwrecked, man vs nature, father daughter relationship, alien spaceship",https://image.tmdb.org/t/p/w500/rzRb63TldOKdKydCvWJM8B6EkPM.jpg
Um Jantar para Idiotas,Dinner for Schmucks,Takes One To Know One.,Jay Roach,2010,Comedy,"mind control, mouse, idiot, taxidermy, aftercreditsstinger, duringcreditsstinger",https://image.tmdb.org/t/p/w500/djwkUFhkM81gIsI9ZZ7I6ajZAKY.jpg
O Pacto,Guy Ritchie's The Covenant,A bond. A pledge. A commitment.,Guy Ritchie,2023,"War, Action, Thriller","rescue, ambush, interpreter, afghanistan, afghanistan war (2001- ), grim, war, exhilarated",https://image.tmdb.org/t/p/w500/kVG8zFFYrpyYLoHChuEeOGAd6Ru.jpg
Ele Está de Volta,Er ist wieder da,,David Wnendt,2015,Comedy,"based on novel or book, third reich (iii reich 1933-45), adolf hitler, black comedy",https://image.tmdb.org/t/p/w500/1CxZWytSiCzZiZA5k0AiLUFtQNA.jpg
O Pagamento,Paycheck,Remember the future.,John Woo,2003,"Action, Adventure, Mystery, Science Fiction, Thriller","amnesia, prophecy, technology, engineer, time, evil corporation, cyberpunk, scientist, millionaire, based on short story, tech noir, seeing the future",https://image.tmdb.org/t/p/w500/icoa6KslkhXKnxLreZ6vXnDimpQ.jpg
Dor e Glória,Dolor y gloria,,Pedro Almodóvar,2019,Drama,"drug abuse, madrid, spain, cinema on cinema, movie business, creative crisis, sexual awakening, valencia, spain, chronic pain, film director, mother son relationship, theatrical production, gay theme, gay artist",https://image.tmdb.org/t/p/w500/cMlueArJXXwZbeLpb4NhC3pxmBk.jpg
Queima de Arquivo,Eraser,He will erase your past to protect your future.,Chuck Russell,1996,"Action, Drama, Mystery, Thriller","suicide, showdown, ambush, hitman, hostage, traitor, new identity, witness, witness protection, arms dealer, treason, deception, u.s. marshal, betrayal, conspiracy, gunfight, train, explosion, sabotage, corporate crime, rogue agent, assassination attempt, x-ray vision, railgun",https://image.tmdb.org/t/p/w500/1FUV5ZmEkbxvqwQW0az4tFFOSmo.jpg
Jogos de Guerra,WarGames,"Is it a game, or is it real?",John Badham,1983,"Thriller, Science Fiction, Drama","artificial intelligence (a.i.), computer, government, hacker, video game, cold war, fbi, prosecution, norad, nuclear threat",https://image.tmdb.org/t/p/w500/zZ1rN4LoPxKNfAp67Xl300WxVeD.jpg
Ron Bugado,Ron's Gone Wrong,Best Friend Forever* (*battery life may vary),"Sarah Smith, Jean-Philippe Vine, Octavio E. Rodriguez",2021,"Animation, Science Fiction, Family, Comedy","family, best friend forever",https://image.tmdb.org/t/p/w500/2gq9sEE2iDRqKx8OiZP6mYSTq4.jpg
O Rei da Água,The Waterboy,You can mess with him. But don't mess with his water.,Frank Coraci,1998,Comedy,"sports, stutter, louisiana, social outcast, ridicule, deserted by husband, low self esteem, waterboy, college american football",https://image.tmdb.org/t/p/w500/miT42qWYC4D0n2mXNzJ9VfhheWW.jpg
Super-Herói: O Filme,Superhero Movie,The greatest Superhero movie of all time! (not counting all the others),Craig Mazin,2008,"Comedy, Action, Science Fiction","high school, superhero, anti hero, parody, dragonfly, radioactivity, spoof, duringcreditsstinger",https://image.tmdb.org/t/p/w500/f3gFb4wLwNGQcpweamVhjNBdJ58.jpg
Bill & Ted: Uma Aventura Fantástica,Bill & Ted's Excellent Adventure,History is about to be rewritten by two guys who can't spell.,Stephen Herek,1989,"Adventure, Comedy, Science Fiction","jealousy, school presentation, journey in the past, sigmund freud, time travel, heavy metal, socrates, past, napoleon bonaparte, rhinoceros, world peace, best friend",https://image.tmdb.org/t/p/w500/tV25lGWGWGEqUe3U0xjQTBgilSx.jpg
Tudo por uma Esmeralda,Romancing the Stone,"She's a girl from the big city. He's a reckless soldier of fortune. For a fabulous treasure, they share an adventure no one could imagine... or survive.",Robert Zemeckis,1984,"Adventure, Romance, Comedy, Action","airplane, smuggling (contraband), kidnapping, crocodile, anti hero, treasure hunt, treasure map, betrayal, marijuana, jungle, author, drug lord, south america, double cross, archaeologist, novelist, jewel, opposites attract, archeology, soldier of fortune, colombia, romance novelist, romance books",https://image.tmdb.org/t/p/w500/qfIlVOYZH5RiZ0ndFKUpr5Zn2Bx.jpg
Hotel Transilvânia 4: Transformonstrão,Hotel Transylvania: Transformania,Change can be scary.,"Derek Drymon, Jennifer Kluska",2022,"Animation, Comedy, Family, Adventure, Fantasy","monster, vampire, transformation, aftercreditsstinger, duringcreditsstinger, human",https://image.tmdb.org/t/p/w500/teCy1egGQa0y8ULJvlrDHQKnxBL.jpg
Dias Incríveis,Old School,"All the fun of college, none of the education.",Todd Phillips,2003,Comedy,"infidelity, group sex, college, male friendship, beer, fraternity, dean, sex doll, streaking, mouth to mouth resuscitation, wild party",https://image.tmdb.org/t/p/w500/nYtuwNHpEoIbTgS3aFPSEwZNN6l.jpg
A Maldição da Casa Winchester,Winchester,Terror is building.,"Michael Spierig, Peter Spierig",2018,"Horror, Thriller","drug addiction, haunted house, earthquake, based on true story, rifle, architecture, doctor, ghost, fictional biography, san jose, california",https://image.tmdb.org/t/p/w500/tHDtskokZeO9B3JBdR1dSH0uqad.jpg
Floresta Maldita,The Forest,Everyone comes here looking for a way out,Jason Zada,2016,"Horror, Thriller, Mystery","suicide attempt, supernatural, childhood trauma, female protagonist, tokyo, japan, identical twin, lost in the woods, sister sister relationship, mount fuji, aokigahara, haunted forest",https://image.tmdb.org/t/p/w500/1TohqCqMbaiuRLJPrPW0vnQP3lE.jpg
O Grande Dragão Branco,Bloodsport,The true story of an American ninja.,Newt Arnold,1988,"Action, Drama","martial arts, sports, biography, fistfight, sensei, mixed martial arts, hong kong, tournament, underground fighting, walled city, kowloon, action hero",https://image.tmdb.org/t/p/w500/kndxR9TRK0kJ5hxzDprRSS80F2W.jpg
Fica Comigo,You Get Me,Some mistakes won't let go.,Brent Bonacorso,2017,"Thriller, Romance, Drama",,https://image.tmdb.org/t/p/w500/5eV0mIQqSztD3McjO22EOFlQDj1.jpg
Pedro Coelho,Peter Rabbit,Who said the countryside was peaceful?,Will Gluck,2018,"Animation, Adventure, Family","human animal relationship, based on children's book, rabbit, duringcreditsstinger, live action and animation, peter rabbit, food allergies",https://image.tmdb.org/t/p/w500/lugOvdaNpbVGQK9TyMRDiUbLtY6.jpg
A Corrente do Bem,Pay It Forward,"When someone does you a big favor, don't pay it back... Pay It Forward",Mimi Leder,2000,Drama,"child's point of view, candlelight vigil, good deed, exotic dancer, schoolteacher, extra credit assignment, disfigurement, junior high school, burn injury, woman director",https://image.tmdb.org/t/p/w500/62OIokwaxFwBFWM147ijLJsaVJD.jpg
O Informante,The Insider,Two men driven to tell the truth … whatever the cost.,Michael Mann,1999,"Drama, Thriller","newspaper, research, politics, spy, journalism, interview, tobacco, insider, conspiracy theory, reporter, whistleblower, tobacco industry, legal drama, legal thriller",https://image.tmdb.org/t/p/w500/jJCyIBPfvk41uETq6K6u4upyGO8.jpg
Triângulo da Tristeza,Triangle of Sadness,,Ruben Östlund,2022,"Comedy, Drama","dark comedy, satire, survival, stranded, cruise ship, class differences, gender roles, sinking ship, food rationing, power struggle, luxury yacht, open ended, social media influencer, social climber, wealth inequality",https://image.tmdb.org/t/p/w500/k9eLozCgCed5FGTSdHu0bBElAV8.jpg
Operação França,The French Connection,There are no rules and no holds barred when Popeye cuts loose!,William Friedkin,1971,"Action, Crime, Thriller","drug dealer, new york city, police brutality, drug smuggling, undercover agent, gangster, heroin, marseille, france, night life, attempted murder, drug mule, hijacking of train",https://image.tmdb.org/t/p/w500/pH4saPwMjhnVGwmSH6RkMaHrt3s.jpg
As Vozes,The Voices,Hearing voices can be murder.,Marjane Satrapi,2014,"Comedy, Crime, Horror, Fantasy","serial killer, psychiatrist, killer, evil, woman director",https://image.tmdb.org/t/p/w500/weY5OVSFmxvA3D4lfyhgvugklEh.jpg
Armas na Mesa,Miss Sloane,Make sure you surprise them.,John Madden,2016,"Drama, Crime","strong woman, politics, gun, empowerment, hearing, career woman, senator, female protagonist, female empowerment, determination, ethics, lobbyist, gun control",https://image.tmdb.org/t/p/w500/ptfvQlqe2xJiMSewSj52qAVq5z0.jpg
O Verão da Minha Vida,The Way Way Back,We've all been there.,"Nat Faxon, Jim Rash",2013,"Comedy, Drama","friendship, beach, shyness, conversation, bicycle, vacation, stepfather, love, neighbor, summer, water park, awkwardness",https://image.tmdb.org/t/p/w500/4DgA0EDDVv37C8xISc3Vv0rhxlL.jpg
Tá Todo Mundo Louco! Uma Corrida por Milhõe$,Rat Race,563 miles. 9 people. $2 million. 1001 problems!,Jerry Zucker,2001,"Adventure, Comedy","casino, road trip, millionaire, eccentric millionaire",https://image.tmdb.org/t/p/w500/8ghNCfFbCJjcNSz2K5jOC3eO6ZD.jpg
A Caixa,The Box,All you have to do is push the button.,Richard Kelly,2009,"Thriller, Science Fiction","research, husband wife relationship, experiment, sacrifice, library, nasa, homicide, 1970s, paranoia, stalker, decision, money, conspiracy, wedding, scientist, police officer, button, box, mysterious stranger, moral dilemma, christmas, nsa agent, richmond, virginia",https://image.tmdb.org/t/p/w500/xMAmOu6xl4CsstixcuecBle9krd.jpg
Guardiões da Galáxia: Especial de Festas,The Guardians of the Galaxy Holiday Special,The perfect present is a galaxy away.,James Gunn,2022,"Comedy, Science Fiction, Adventure","holiday, superhero, celebrity, saving christmas, talking dog, based on movie, aftercreditsstinger, marvel cinematic universe (mcu), christmas special, short film, holiday special, space dog",https://image.tmdb.org/t/p/w500/8dqXyslZ2hv49Oiob9UjlGSHSTR.jpg
Inverno da Alma,Winter's Bone,Talking just causes witnesses.,Debra Granik,2010,"Drama, Mystery","sheriff, based on novel or book, missouri, suspicion, teenage girl, poverty, struggle for survival, backwoods, mental illness, responsibility, uncle niece relationship, mountain country, bail bondsman, woman director, family crisis, drug manufacturing, crystal meth, siblings, rural setting, slow burn, drug usage, missing father, taking care of siblings, gutsy",https://image.tmdb.org/t/p/w500/a0qhPkNlxLfsf5B2jFyI1Pp04XV.jpg
Todos os Homens do Presidente,All the President's Men,The most devastating detective story of this century.,Alan J. Pakula,1976,"Drama, History, Mystery, Thriller","newspaper, journalist, plan, washington dc, usa, shadowing, politics, burglar, fbi, wiretap, watergate scandal, based on true story, conspiracy, newspaper man, watergate",https://image.tmdb.org/t/p/w500/cPtSHR7D2WGsDBfnC5DxV927hKn.jpg
Acossado,À bout de souffle,,Jean-Luc Godard,1960,"Drama, Crime","hotel room, dying and death, newspaper, journalist, friendship, paris, france, fight, loss of loved one, gun, car thief, marseille, france, journalism, smoking, on the run, financial transactions, extramarital affair, french noir, runaway couple, nouvelle vague, fugitive lovers",https://image.tmdb.org/t/p/w500/9Wx0Wdn2EOqeCZU4SP6tlS3LOml.jpg
Brinquedo Assassino 2,Child's Play 2,Sorry Jack... Chucky's back!,John Lafia,1990,"Horror, Thriller","factory, voodoo, foster parents, faithlessness, evil doll, murder, killer doll, serial killer, slasher, foster sister, foster family, doll, foster child, evil, foster home, killer toys, toy comes to life, toy factory, possessed doll, foster mom, supernatural power",https://image.tmdb.org/t/p/w500/kdnermMCBOnVxjDKA0FV1HZueqg.jpg
Carta Selvagem,Wild Card,Never bet against a man with a killer hand.,Simon West,2015,"Thriller, Crime, Action","gambling, bodyguard, remake, las vegas",https://image.tmdb.org/t/p/w500/zN80Tlly8oMpKbVJv2TfRIj8dHG.jpg
A Garota Ideal,Lars and the Real Girl,The search for true love begins outside the box.,Craig Gillespie,2007,"Comedy, Drama, Romance","dying and death, shyness, wisconsin, delusion, lone wolf, loss, doll, mental illness, blow up doll",https://image.tmdb.org/t/p/w500/nkAt4a7KIPc7Fi1BhxNHhYYbe2b.jpg
O Troco,Payback,No More Mr. Nice Guy.,Brian Helgeland,1999,"Crime, Action, Drama","hotel, new york city, prostitute, robbery, based on novel or book, heroin, anti hero, greed, money, revenge, organized crime, drugs, criminal, one against many, double cross, neo-noir, corrupt cop, parker",https://image.tmdb.org/t/p/w500/gl295sH8213lY8aQ8hS2tTbuzYD.jpg
O Avião de Papel,Paperman,"Delicate, charming and sweet.",John Kahrs,2012,"Animation, Family, Romance","skyscraper, black and white, paper airplane, office romance, short film",https://image.tmdb.org/t/p/w500/6MXYNvGmI63W8fI3HKlcZzEy1U5.jpg
Escorregando para a Glória,Blades of Glory,Kick Some Ice,"Josh Gordon, Will Speck",2007,Comedy,"sports, competition, olympic games, rivalry, figure skating, ice skating, frenemies, siblings",https://image.tmdb.org/t/p/w500/yclY3zyzrL1MS9b6Eygs9ks0ZTY.jpg
American Pie: O Livro do Amor,American Pie Presents: The Book of Love,It's the hottest slice yet!,John Putch,2009,Comedy,"high school, teen comedy, teenage sexuality, virginity, ambivalent",https://image.tmdb.org/t/p/w500/hwP0GEP0zy8ar965Xaht19SmMd3.jpg
Violência Gratuita,Funny Games,A nightmare.,Michael Haneke,1997,"Drama, Horror, Thriller","lake, sadism, hostage-taking, remote control, serial killer, psychological thriller, family holiday, golf club, torment, wealthy family, lake house",https://image.tmdb.org/t/p/w500/3s0kqDfTeaUsFUFyzYTD9nKW7Qa.jpg
Gênios do Crime,Masterminds,What Would You Do With $17 Million?,Jared Hess,2016,"Action, Comedy, Crime","southern usa, night watchman, armored car, security, armored car robbery, bank heist",https://image.tmdb.org/t/p/w500/4CXgye1p8Vr7taDG389QhhHDUZ4.jpg
"Clifford, o Gigante Cão Vermelho",Clifford the Big Red Dog,Adventure has never been bigger.,Walt Becker,2021,"Family, Adventure, Comedy, Fantasy","based on novel or book, dog, giant dog, pets, live action and animation, cgi-live action hybrid, animated character",https://image.tmdb.org/t/p/w500/oifhfVhUcuDjE61V5bS5dfShQrm.jpg
Dançando no Escuro,Dancer in the Dark,You don't need eyes to see.,Lars von Trier,2000,"Drama, Crime","factory worker, dying and death, individual, immigrant, blindness and impaired vision, dancing, eye operation, small town, naivety, hereditary disease, robbery, court, musical, female friendship, murder, debt, execution, police officer, trailer, daydreaming, coping mechanisms, mother son relationship",https://image.tmdb.org/t/p/w500/8Wdd3fQfbbQeoSfWpHrDfaFNhBU.jpg
O Pior Trabalho do Mundo,Get Him to the Greek,Aaron Green has 72 hours to get a rock star from London to L.A. Pray for him..,Nicholas Stoller,2010,"Adventure, Comedy, Music","london, england, concert, musician, los angeles, california, aftercreditsstinger",https://image.tmdb.org/t/p/w500/6g0li87w8LIK77QRUtOkQkM6bD7.jpg
As Memórias de Marnie,思い出のマーニー,"Promise we'll remain a secret, forever.",Hiromasa Yonebayashi,2014,"Animation, Drama, Family","friendship, based on novel or book, imaginary friend, flashback, photograph, anime, personal diary",https://image.tmdb.org/t/p/w500/at7lShVfMdohEzC1VZYTZXY0hzP.jpg
Tudo Pode Dar Certo,Whatever Works,A new comedy!,Woody Allen,2009,"Comedy, Romance","new york city, naivety, age difference, love at first sight, runaway, marriage, atheist, misanthrophy, eccentric, religion, dating, older man younger woman relationship, limp",https://image.tmdb.org/t/p/w500/7yMpnI8cxlcFdFGcjlNY134NMlH.jpg
Deu a Louca na Chapeuzinho,Hoodwinked!,The Secrets of Fairytales Revealed!,"Cory Edwards, Todd Edwards, Tony Leech",2005,"Animation, Comedy, Family, Crime","wolf, investigation, suspicion, little red riding hood, burglary, grandmother",https://image.tmdb.org/t/p/w500/tjuMvHg7NJmE9hqKD3p86kW2Jvk.jpg
Serpentes a Bordo,Snakes on a Plane,Sit back. Relax. Enjoy the fright.,David R. Ellis,2006,"Action, Crime, Thriller, Adventure","airplane, snake, fbi, animal attack, death, first class, duringcreditsstinger, snake attack, witness to a crime",https://image.tmdb.org/t/p/w500/9wqWQ5rXQG6daMpowqwadGjI768.jpg
Cidade das Sombras,City of Ember,Escape is the only option,Gil Kenan,2008,"Adventure, Family, Fantasy","underground world, dystopia, mayor, post-apocalyptic future, puzzle, steampunk, box, pipeworks",https://image.tmdb.org/t/p/w500/eCdLMQMVk0SZlsfnDu43AOhbCJL.jpg
Enther the Void: Viagem Alucinante,Enter the Void,,Gaspar Noé,2009,"Fantasy, Drama","prostitute, afterlife, hallucination, surrealism, stripper, strip club, drug trip, drug dealing, drugs, incest, psychedelic, neo-noir, abortion, dmt, new french extremism, tokyo, euphoric",https://image.tmdb.org/t/p/w500/krKnsfvSJM1PL40tLicRhVQ6kuG.jpg
Pacto de Sangue,Double Indemnity,It's love and murder at first sight!,Billy Wilder,1944,"Crime, Thriller","insurance fraud, femme fatale, film noir, murder, life insurance, black and white, insurance agent, insurance policy, duplicity, murder plot, scheming wife, the perfect murder, the perfect crime",https://image.tmdb.org/t/p/w500/kkfKLeOTo7RjS9TxHKpknlL7huS.jpg
Nebraska,Nebraska,Life's not about winning or losing. It's about how you get there in the end.,Alexander Payne,2013,"Drama, Adventure","small town, montana, dementia, aging, dysfunctional family, road trip, f word, pickup truck, estranged father, lincoln nebraska, nebraska, sweepstakes, estranged son, confronting the past",https://image.tmdb.org/t/p/w500/o1t2Mw18EEBnl8v4Nby3PFjxnM1.jpg
Programa de Proteção para Princesas,Princess Protection Program,Royality meets reality.,Allison Liddi-Brown,2010,"Family, TV Movie, Comedy","princess, high school, friendship, island, parent child relationship, secret identity, monarchy, female friendship, best friend, new home, woman director, new school, sismance",https://image.tmdb.org/t/p/w500/aKs0ufPp0agLptnhEutDOlfwfdH.jpg
O Apanhador de Sonhos,Dreamcatcher,A circle of friendship. A web of mystery. A pattern of fear.,Lawrence Kasdan,2003,"Drama, Horror, Science Fiction, Thriller","religion and supernatural, snowstorm, alien, friends, childhood, mysterious, complex",https://image.tmdb.org/t/p/w500/3RtOffRhVHyST1d5BDVu5dnFI04.jpg
Amor sem Fim,Endless Love,Say Goodbye To Innocence,Shana Feste,2014,"Drama, Romance","based on novel or book, forbidden love, love, remake, teenage romance",https://image.tmdb.org/t/p/w500/z7FZP6uivgVc4t0mnmia0B8YygW.jpg
Cold Mountain,Cold Mountain,Find the strength. Find the courage. No matter what it takes... find the way home.,Anthony Minghella,2003,"Drama, War, History, Adventure, Romance","love of one's life, loss of loved one, desertion, rape attempt, early america",https://image.tmdb.org/t/p/w500/32MsALfK6shuSopCrFjSNoxDc5p.jpg
A Pequena Sereia II: O Retorno para o Mar,The Little Mermaid II: Return to the Sea,Return to the sea.,"Jim Kammerud, Brian Smith, Bill Speers",2000,"Animation, Adventure, Family, Comedy","dream, fairy tale, mermaid, sequel, crab, underwater city",https://image.tmdb.org/t/p/w500/tzrrZlY7pVTRV9GXd7Q1BkynnUx.jpg
O Massacre da Serra Elétrica: O Início,The Texas Chainsaw Massacre: The Beginning,What you know about fear... doesn't even come close.,Jonathan Liebesman,2006,"Horror, Thriller","war veteran, sadism, psychopath, mass murder, chain saw, gore, knife, biker, prequel, murder, serial killer, leatherface, slaughterhouse, slasher, chainsaw, torture, cruelty, series of murders, cannibal, severed foot, meat hook, severed hand, 1960s, graphic violence",https://image.tmdb.org/t/p/w500/2S0XKVZGZUnsF4DjLOyZ0C63bWO.jpg
O Conde de Monte Cristo,The Count of Monte Cristo,Prepare for adventure. Count on revenge.,Kevin Reynolds,2002,"Adventure, Drama, History","treasure, based on novel or book, loss of loved one, marseille, france, lover (female), ex-lover, napoleon bonaparte, prison escape, sword fight, torture, period drama, historical, swashbuckler, betrayal by friend, 19th century",https://image.tmdb.org/t/p/w500/ifMgDAUXVQLY4DeOu3VTTi55jSP.jpg
A Lenda do Cavaleiro Verde,The Green Knight,When honor was everything.,David Lowery,2021,"Adventure, Drama, Fantasy","winter, fox, camelot, king arthur, middle ages (476-1453), excalibur, knights of the round table, aftercreditsstinger, decapitated head, based on myths, legends or folklore, christmas, quest, myth, gawain, medieval knight",https://image.tmdb.org/t/p/w500/if4hw3Ou5Sav9Em7WWHj66mnywp.jpg
A Dama de Ferro,The Iron Lady,Never Compromise.,Phyllida Lloyd,2011,"History, Drama","capitalism, prime minister, based on true story, argentina, british overseas territory, war propaganda, british politics, british prime minister, female politician, falklands war, political leader, female prime minister, right wing, falklands, woman director, 1980s",https://image.tmdb.org/t/p/w500/fx7wpKXOht7WOkeOslvErbrf69Q.jpg
Os Candidatos,The Campaign,May the best loser win.,Jay Roach,2012,Comedy,"election campaign, politics, politician, north carolina, congressman, political candidate, moustache, political corruption, campaign manager, campaign finance",https://image.tmdb.org/t/p/w500/jMWjJ13sFTT07DwjNlqh8VY4sK6.jpg
O Mundo de Andy,Man on the Moon,"Hello, my name is Andy and this is my movie.",Milos Forman,1999,"Comedy, Drama","show business, comedian, biography, pro wrestling, mentally unstable, pro wrestlers",https://image.tmdb.org/t/p/w500/msOZS07xRIFnapwp3fprGbKEAfT.jpg
Mente Criminosa,Criminal,The mission is in the memories.,Ariel Vromen,2016,"Action, Crime, Science Fiction","mission, cia, robbery, prisoner, undercover, london underground, memory, terrorism, brutality, convict, interrogation, implant, manhunt",https://image.tmdb.org/t/p/w500/lm0NlIsgGDqdx7CGFCDDJo1ptgh.jpg
O Homem Duplo,A Scanner Darkly,Everything is not going to be OK.,Richard Linklater,2006,"Animation, Science Fiction, Thriller","future, california, dream, schizophrenia, based on novel or book, undercover, detective, dystopia, cocaine, exam, assignment, cyberpunk, drugs, surveillance, totalitarian, corporation, substance, condition, neo-noir",https://image.tmdb.org/t/p/w500/lUKudOpHICDj6A6SO7DdaZM4W48.jpg
Miami Vice,Miami Vice,No Law. No Rules. No Order.,Michael Mann,2006,"Action, Crime, Thriller","florida, miami, florida, undercover, remake, drug dealing, police detective, urban setting, police investigation, havana, cuba, speedboat , action hero",https://image.tmdb.org/t/p/w500/z0C3FG7YU4nZgt8NzoXjHRVByVY.jpg
Beasts of No Nation,Beasts of No Nation,Child. Captive. Killer.,Cary Joji Fukunaga,2015,"Drama, War","civil war, based on novel or book, africa, child soldier, west africa, children in wartime",https://image.tmdb.org/t/p/w500/1D4vcJmJc58WXarpRtwgd2do9Rg.jpg
Code 8: Renegados,Code 8,Fear is the most dangerous power,Jeff Chan,2019,"Science Fiction, Action, Crime","drug trafficking, dystopia, superhero, remake, co-workers relationship, super power, criminal gang, robot cop, combat drone, mother son relationship, based on short film, tense",https://image.tmdb.org/t/p/w500/izGX7npHEopDQvngYcxMJEfcFbj.jpg
Noite Infeliz,Violent Night,You better watch out.,Tommy Wirkola,2022,"Action, Comedy, Crime, Thriller","holiday, santa claus, mercenary, saving christmas, booby trap, duringcreditsstinger, christmas",https://image.tmdb.org/t/p/w500/1XSYOP0JjjyMz1irihvWywro82r.jpg
A Última Casa,The Last House on the Left,"If someone hurt someone you love, how far would you go to get revenge?",Dennis Iliadis,2009,"Crime, Thriller, Horror, Drama","rape, white trash, dysfunctional family, remake, revenge, murder, swimmer, family, rape and revenge",https://image.tmdb.org/t/p/w500/2Y35XCUS8U8vC8vs0HDEVkPu1BM.jpg
Sexta-Feira em Apuros,Friday,A lot can go down between thursday and saturday...,F. Gary Gray,1995,Comedy,"drug dealer, rap music, parent child relationship, rapper, male friendship, urban life, slacker, pot smoking, bully, marijuana, los angeles, california, drugs",https://image.tmdb.org/t/p/w500/eqD0jCDIEJ65CmyG63Jaay6bHDp.jpg
Um Ato de Liberdade,Defiance,Freedom begins with an act of defiance,Edward Zwick,2008,"Action, Drama, History, War","sibling relationship, fight, brother, world war ii, forest, camp, partisan",https://image.tmdb.org/t/p/w500/z6yNHcQOveRuAohuejdDFQDEBSs.jpg
Sete Homens e um Destino,The Magnificent Seven,They were seven…and they fought like seven hundred!,John Sturges,1960,Western,"friendship, village, horse, remake, bandit, farmer, cowboy, white man's burden, henry rifle, hired gun",https://image.tmdb.org/t/p/w500/e5ToxOyJwuZD4VOfI0qEn5uIjeJ.jpg
Cargo,Cargo,The future is fragile.,"Ben Howling, Yolanda Ramke",2017,"Drama, Thriller, Horror","australia, post-apocalyptic future, woman director, pandemic, aboriginal, father daughter relationship",https://image.tmdb.org/t/p/w500/cdPSUck4tBRvRu6DFk6XciDrssn.jpg
Pateta: O Filme,A Goofy Movie,It's hard to be cool when your Dad is Goofy.,Kevin Lima,1995,"Romance, Animation, Family, Comedy, Adventure","parent child relationship, pop singer, musical, road trip, celebrity, first love, cross country trip, father son relationship",https://image.tmdb.org/t/p/w500/bycmMhO3iIoEDzP768sUjq2RV4T.jpg
Margin Call: O Dia Antes do Fim,Margin Call,Be first. Be smarter. Or cheat.,J.C. Chandor,2011,"Thriller, Drama","capitalism, brokerage, wall street, economics, downsizing, financial crisis, stock market, stock market crash, investment, investment banker, intense",https://image.tmdb.org/t/p/w500/pgMIdInSIGw0uSory7yEBFGrvIS.jpg
Tootsie,Tootsie,What do you get when you cross a hopelessly straight starving actor with a dynamite red sequined dress? You get America's hottest new actress.,Sydney Pollack,1982,"Comedy, Romance","infidelity, new york city, love, friends, feminist, cross dressing, agent, reputation, unemployed actor, serenade, apology, live television, witty, clever social commentary",https://image.tmdb.org/t/p/w500/x9cBsqf64j8e5a8PwThT3I6sHFK.jpg
Um Tira da Pesada III,Beverly Hills Cop III,In for the ride of his life!,John Landis,1994,"Action, Comedy, Crime","rescue, undercover, detective, investigation, carousel , shootout, dirty cop, gunfight, los angeles, california, foot chase, framed, detroit, michigan, secret service, amusement park, roller coaster / rollercoaster, theme park, beverly hills, buddy cop, chop shop, counterfeit money",https://image.tmdb.org/t/p/w500/7vIpCkgGEfk5LZwm78nMxswLJRH.jpg
Jornada nas Estrelas: Primeiro Contato,Star Trek: First Contact,Resistance is futile.,Jonathan Frakes,1996,"Science Fiction, Action, Adventure, Thriller","spacecraft, teleportation, inventor, starship, resistance, borg, enterprise-e, cyborg, montana, repayment, obsession, time travel, speed of light, business start-up, space opera, first contact, outer space, traumatized man",https://image.tmdb.org/t/p/w500/vrC1lkTktFQ4AqBfqf4PXoDDLcw.jpg
Alta Frequência,Frequency,The future is listening.,Gregory Hoblit,2000,"Science Fiction, Thriller","rescue, future, new york city, race against time, mother, escape, detective, baseball, investigation, time travel, radio, father, time, family relationships, paranormal, flashback, murder, explosion, criminal investigation, firefighter, phenomenon, amateur radio, aurora borealis, altering history",https://image.tmdb.org/t/p/w500/aFuw2yow5Og0e2M7uEHQtpS5GPz.jpg
Verônica: Jogo Sobrenatural,Verónica,Someone answered your call.,Paco Plaza,2017,Horror,"nightmare, madrid, spain, widow, supernatural, solar eclipse, possession, based on true story, ouija, family, crucifix, 1990s",https://image.tmdb.org/t/p/w500/xHP6mYLQKbJY9pg99PGoGKmmBZX.jpg
Suburbicon: Bem-vindos ao Paraíso,Suburbicon,Welcome to the neighborhood,George Clooney,2017,"Thriller, Crime, Drama, Mystery",dark comedy,https://image.tmdb.org/t/p/w500/a3IHgSwO5jWPLcGjKqbQ7pxVGkq.jpg
Em Nome do Pai,In the Name of the Father,Falsely accused. Wrongly imprisoned. He fought for justice to clear his father’s name.,Jim Sheridan,1993,Drama,"prison, rebellion, based on novel or book, parent child relationship, faith, 1970s, biography, northern ireland, trial, torture, terrorism, ira (irish republican army), courtroom, prison riot, belfast, north ireland, terrorist bombing, english police, father son conflict, innocent in jail, father son relationship, innocent man, irish history, corrupt police officials, petty thief, corrupt legal system, corrupt district attorney, irish resistance, irish writer",https://image.tmdb.org/t/p/w500/5HaQacOMOjA2wX1XnwnDd2VaXCf.jpg
Táxi 2,Taxi 2,France's answer to the Italian job,Gérard Krawczyk,2000,"Action, Comedy","paris, france, yakuza, police operation, special unit",https://image.tmdb.org/t/p/w500/z0js1eYtKxfw4RBxiTukO7q66Rf.jpg
Resgate Abaixo de Zero,Eight Below,"The Most Amazing Story Of Survival, Friendship, And Adventure Ever Told.",Frank Marshall,2006,"Adventure, Drama, Family","expedition, pilot, survival, antarctica, sled dogs, seal (animal), pets",https://image.tmdb.org/t/p/w500/2f1FoEbXjvClnPvl7MLe1ig3Z98.jpg
Anomalisa,Anomalisa,Welcome to the Kaufman surreal-neorealism tale in a dull world of sameness.,"Duke Johnson, Charlie Kaufman",2015,"Animation, Drama, Romance, Comedy","depression, nightmare, love at first sight, puppet, stop motion, adult animation, existentialism, convention, anti-depressant",https://image.tmdb.org/t/p/w500/4DJ1zNr4Y6q7zQ27goEYla46VdO.jpg
O Abrigo,Take Shelter,Far away from the cruel world.,Jeff Nichols,2011,"Thriller, Drama, Horror","small town, beach, schizophrenia, nightmare, obsession, deaf, ohio, shelter, end of the world, premonition, sanity, apocalypse, storm, mental illness, construction worker, bank loan, storm shelter, apocalyptic vision",https://image.tmdb.org/t/p/w500/zLZQv7cN8ckBEa7HvjYkm2wx7F9.jpg
007 - Marcado para a Morte,The Living Daylights,Living on the Edge,John Glen,1987,"Action, Adventure, Thriller","prison, london, england, assassination, airplane, escape, arms smuggling, england, secret mission, arms deal, spy, falsely accused, big wheel, secret intelligence service, drug trafficking, secret identity, cello, villain, kgb, renegade, special car, tangier morocco, country estate, orchestra, freedom fighter, czechoslovakia, bratislava, slovakia, afghanistan, schloss schönbrunn, vienna, austria, moscow, russia",https://image.tmdb.org/t/p/w500/jcP0sarQXmx7XgwNoxJtqbllNyM.jpg
A Montanha Enfeitiçada,Race to Witch Mountain,The race is on.,Andy Fickman,2009,"Adventure, Family, Fantasy, Science Fiction, Thriller, Action","spacecraft, teleportation, mountain, laser, telekinesis, alien, super power, military, duringcreditsstinger",https://image.tmdb.org/t/p/w500/zoKcwyQk8VyWeMsaf8mgHzzWERZ.jpg
Viagem à Lua,Le Voyage dans la Lune,,Georges Méliès,1902,"Adventure, Science Fiction","moon, based on novel or book, satire, astronomer, silent film, scientific expedition, space adventure, early cinema, selenite, short film, man in the moon",https://image.tmdb.org/t/p/w500/9o0v5LLFk51nyTBHZSre6OB37n2.jpg
O Novato,The Recruit,Trust. Betrayal. Deception. In the C.I.A. nothing is what it seems.,Roger Donaldson,2003,"Action, Thriller","cia, washington dc, usa, spy, recruit, training, surveillance, extramarital affair",https://image.tmdb.org/t/p/w500/zd9eNagUB7FEaqffnSw3n3Nii4p.jpg
Agente 117: Uma Aventura no Cairo,"OSS 117 : Le Caire, nid d'espions",,Michel Hazanavicius,2006,"Crime, Action, Adventure, Comedy","france, cairo, nazi, espionage, secret agent",https://image.tmdb.org/t/p/w500/dDVHVZVEbTV4JsB8ZjdXNmMK7rA.jpg
News of the World,News of the World,Find where you belong.,Paul Greengrass,2020,"Drama, Western, Adventure","newspaper, based on novel or book, texas, horse, native american, shootout, orphan, american civil war, civil war veteran, horse and wagon, 19th century, injured horse",https://image.tmdb.org/t/p/w500/fYQCgVRsQTEfUrP7cW5iAFVYOlh.jpg
As Tartarugas Ninja,Teenage Mutant Ninja Turtles,"Hey dude, this is NO cartoon.",Steve Barron,1990,"Science Fiction, Action, Adventure, Comedy, Family","new york city, martial arts, skateboarding, brother, superhero, mutant, cartoon, pizza delivery, turtle, based on comic, ninja, sewer, vigilante justice, anthropomorphic animal",https://image.tmdb.org/t/p/w500/shfAU6xIIEAEtsloIT3n9Fscz2E.jpg
A Duquesa,The Duchess,Based on the incredible true story.,Saul Dibb,2008,"Drama, History, Romance","adultery, infidelity, london, england, husband wife relationship, politics, marriage crisis, gambling debt, duke, biography, based on true story, unfaithfulness, royalty, historical fiction, period drama, aristocrat, 18th century, duchess, costume drama, philanderer",https://image.tmdb.org/t/p/w500/77ckyYrWmR12kl3qToqmDySnuwv.jpg
Afinado no Amor,The Wedding Singer,He's gonna party like it's 1985.,Frank Coraci,1998,"Romance, Comedy","marriage proposal, love of one's life, wedding vows, bride, bridegroom, falling in love",https://image.tmdb.org/t/p/w500/zVvyTrcZQb7kC2DPDzyo25WcxXp.jpg
Scooby! O Filme,Scoob!,Mystery loves company.,Tony Cervone,2020,"Animation, Comedy, Family, Mystery","friendship, superhero, heroism, talking dog, prequel, friends, based on cartoon, criminal investigation, boy and dog, caveman, fright",https://image.tmdb.org/t/p/w500/jHo2M1OiH9Re33jYtUQdfzPeUkx.jpg
Pergunte-me Se Estou Feliz,Chiedimi se sono felice,,"Aldo Baglio, Giacomo Poretti, Giovanni Storti, Massimo Venier",2000,Comedy,"male friendship, dying wish, tearjerker, aspiring actor, dramedy, estranged friend, friends love same woman, three guys",https://image.tmdb.org/t/p/w500/qCBmNunSpKRlPyjOZXbqTN1usTH.jpg
Arthur e a Vingança de Maltazard,Arthur et la vengeance de Maltazard,,Luc Besson,2009,"Adventure, Fantasy, Animation, Family","live action and animation, minimoys",https://image.tmdb.org/t/p/w500/rHCL0HwlQvU01TLRRHZFlvsVEqt.jpg
Dora e a Cidade Perdida,Dora and the Lost City of Gold,Explorer is her middle name.,James Bobin,2019,"Adventure, Comedy, Family, Fantasy","peru, museum, fox, based on cartoon, jungle, lost city, quicksand, monkey, lost civilization, live action and animation, teenage protagonist, based on tv series",https://image.tmdb.org/t/p/w500/xvYCZ740XvngXK0FNeSNVTJJJ5v.jpg
"Rebecca, a Mulher Inesquecível",Rebecca,The shadow of this woman darkened their love.,Alfred Hitchcock,1940,"Mystery, Romance, Thriller, Drama","based on novel or book, age difference, obsession, monte carlo, bride, cornwall, england, love, film noir, rural area, devotion, housekeeper, death, estate, costume party, age-gap relationship",https://image.tmdb.org/t/p/w500/1qz3qUOHnVy7dL7M7G8jSErxE4b.jpg
Ben-Hur,Ben-Hur,First to finish. Last to die.,Timur Bekmambetov,2016,"Action, History, Adventure, Drama","based on novel or book, christianity, chariot race, ancient rome, remake, betrayal, 1st century, jesus christ, vengeance",https://image.tmdb.org/t/p/w500/aUrN8UWS8d2PKLsk5teZPxrfbmO.jpg
"Rogue, o Assassino",War,Vengeance is the ultimate weapon.,Philip G. Atwell,2007,"Action, Thriller","fbi, revenge",https://image.tmdb.org/t/p/w500/scFc8RD4sFxB2x0eIOaymphMnYh.jpg
Maré Vermelha,Crimson Tide,Danger runs deep.,Tony Scott,1995,"Thriller, Action","mutiny, submarine, missile, embassy, nuclear missile, battle for power, u.s. navy, terrorism, military, moral dilemma, post cold war, aircraft carrier, chain of command, launch code, sonar, nuclear submarine",https://image.tmdb.org/t/p/w500/21nqRJ6ofEgVvEl68J4O9V26Xzy.jpg
Contatos de 4º Grau,The Fourth Kind,There are four kinds of alien encounters. The fourth kind is abduction.,Olatunde Osunsanmi,2009,"Mystery, Science Fiction, Thriller","sibling relationship, investigation, wheelchair, hypnosis, based on true story, cover-up, ufo, alaska, disappearance, hospital, alien abduction, patient, psychotherapy, fake documentary, found footage, nome alaska, faked footage, audio cassette, anchorage alaska, police fake, duringcreditsstinger",https://image.tmdb.org/t/p/w500/vfnsGUwurUQqlpvArBvUVc9rYXa.jpg
30 Minutos ou Menos,30 Minutes or Less,A lot can happen in 30 minutes.,Ruben Fleischer,2011,"Action, Adventure, Comedy","pizza boy, pizza delivery, aftercreditsstinger",https://image.tmdb.org/t/p/w500/gkCO4bf8kDxF4wsUOMzhYk3Pgz2.jpg
#Alive,#살아있다,You must survive.,Il Cho,2020,"Horror, Action, Adventure, Thriller","escape, alone, survival, drone, zombie, apartment building, zombie apocalypse, virus, live stream, south korea, apartment",https://image.tmdb.org/t/p/w500/zqf711LsnQ5CcW3rISFw2t7OYzb.jpg
Shaft,Shaft,More Shaft than you can handle,Tim Story,2019,"Action, Crime","sequel, shootout, drug lord, reboot, death of friend",https://image.tmdb.org/t/p/w500/kfZqwGuvEBAysAbCsa0QLKoSYR.jpg
O Preço da Traição,Chloe,"If the one you love was lying to you, how far would you go to find out the truth?",Atom Egoyan,2010,"Drama, Thriller, Mystery","toronto, canada, remake, playing piano, suspicious wife",https://image.tmdb.org/t/p/w500/7VC7Q7GvIhEECIU3fiaRf71mxV6.jpg
Sem Saída,Eden Lake,"A weekend by the lake, with views to die for.",James Watkins,2008,"Horror, Thriller","lake, beach, husband wife relationship, sadism, camping, rottweiler, forest, revenge, survival, fear, couple, gang violence, teenage killer",https://image.tmdb.org/t/p/w500/wwLX6RPLZlchZWzEBZ2mTQ9Nooh.jpg
Enquanto Você Dormia,While You Were Sleeping,A story about love at second sight.,Jon Turteltaub,1995,"Romance, Comedy","chicago, illinois, coma, sibling relationship, love of one's life, brother, subway, romantic comedy, man of one's dreams, hospital, christmas",https://image.tmdb.org/t/p/w500/xrXUADqC2gt84BPYzNtXxAJEfbo.jpg
Instinto Secreto,Mr. Brooks,The man who has everything has everything to hide.,Bruce A. Evans,2007,"Crime, Thriller","psychopath, investigation, witness, alter ego, murder, serial killer, female detective",https://image.tmdb.org/t/p/w500/yYleq0qmb67Ig2ViY3hFmUOrH77.jpg
Morte no Funeral,Death at a Funeral,Last rites... and wrongs.,Frank Oz,2007,"Comedy, Drama","farewell, sibling relationship, funeral, parent child relationship, age difference, coffin, sadness, dark comedy, lsd, gathering, surprise, studies, hallucinogen, drug trip, arrogance, female corpse",https://image.tmdb.org/t/p/w500/xyTxrJnjbSJQzcbKIP6S1uqLuxy.jpg
Stallone: Cobra,Cobra,Crime is a disease. Meet the cure.,George P. Cosmatos,1986,"Action, Crime, Thriller","showdown, mannequin, resistance, psychopath, prosecution, street war, cop, murder, gang, witness to murder, action hero, good versus evil",https://image.tmdb.org/t/p/w500/jCxfbTh8JvJil5edhNywxaTHoWv.jpg
A Separação,جدایی نادر از سیمین,"Ugly truth, sweet lies.",Asghar Farhadi,2011,Drama,"emigration, class, alzheimer's disease, teheran (tehran), iran, money, maid, divorce, iran, caregiver, marital separation, family argument",https://image.tmdb.org/t/p/w500/wQVvASmpm8jGhJBQU20OkoMcNzi.jpg
Emma.,Emma.,Love knows best.,Autumn de Wilde,2020,"Comedy, Romance","based on novel or book, matchmaking, english countryside, 19th century, georgian or regency era, matchmaker",https://image.tmdb.org/t/p/w500/uHpHzbHLSsVmAuuGuQSpyVDZmDc.jpg
Alibi.com,Alibi.com,,Philippe Lacheau,2017,Comedy,alibi,https://image.tmdb.org/t/p/w500/8K5dvcXq7Lq2qiE9nkjF1Dht60R.jpg
Volver,Volver,Return.,Pedro Almodóvar,2006,"Comedy, Drama, Romance","child abuse, fire, rape, sexual abuse, madrid, spain, superstition, return, solidarity, village, death, ghost, abusive father",https://image.tmdb.org/t/p/w500/vix37Kc7EUURMC5Rgd6Z6KaEj5n.jpg
Vingança,Revenge,Why do women always have to put up a fight?,Coralie Fargeat,2017,"Action, Thriller, Horror","rape, drowning, nightmare, blood splatter, gore, car crash, hallucinogenic drug, revenge, vigilante, man hunt, bullet wound, exploding head, desert, hunting, eye gouging, isolated house, cauterizing a wound, peyote, rape and revenge, headshot, hunters, stabbed in the back",https://image.tmdb.org/t/p/w500/dZdsm8Z8irM3da7f7U1V3opk3sv.jpg
O Sorriso de Mona Lisa,Mona Lisa Smile,"In a world that told them how to think, she showed them how to live.",Mike Newell,2003,"Drama, History, Romance","massachusetts, art school, inspiration, feminist, conservative, lgbt, post war, post world war ii, faculty, art history, teacher hero, women's issues, subversive, 1950s, unmarried woman, woman centric, women and society, woman independence, women's independence, liberal arts",https://image.tmdb.org/t/p/w500/bg0VKsXnLjIZ0cHmZHZLs9gzrvm.jpg
O Grande Mestre 3,葉問3,"The legend continues, the grandmaster returns.",Wilson Yip,2015,"Action, Drama, History","martial arts, kung fu, gangster, biography, hong kong, wing chun, 1950s",https://image.tmdb.org/t/p/w500/RTt4lgyTDI8JHMGbZGDDbcZmkM.jpg
Férias no Trailer,RV,One Family. Eight Wheels. No brakes.,Barry Sonnenfeld,2006,"Family, Comedy","workaholic, parent child relationship, camping, marriage, rocky mountains, colorado, car crash, slapstick comedy, family vacation, family holiday, recreational vehicle",https://image.tmdb.org/t/p/w500/eqV0JjfwcEJuK3JPZ2rsNvS1p30.jpg
Faça a Coisa Certa,Do the Right Thing,"It's the hottest day of the summer. You can do nothing, you can do something, or you can …",Spike Lee,1989,Drama,"new york city, police brutality, hip-hop, italian american, culture clash, chaos, black people, heat, street war, restaurant critic, radio transmission, punk rock, pizzeria, police operation, pizza, love, money, racism, brooklyn, new york city, heatwave",https://image.tmdb.org/t/p/w500/63rmSDPahrH7C1gEFYzRuIBAN9W.jpg
O Conto da Princesa Kaguya,かぐや姫の物語,A princess's crime and punishment.,Isao Takahata,2013,"Animation, Drama, Fantasy","princess, historical, japanese woman, based on fairy tale, japanese folklore, bamboo, anime, fantasy",https://image.tmdb.org/t/p/w500/cQidJuA546OSSXKWXoiCeINDxuj.jpg
Sujeira,Filth,"It's a filthy job getting to the top, but someone's got to do it.",Jon S. Baird,2013,"Crime, Drama, Comedy","based on novel or book, detective, cocaine, investigation, manipulation, dark comedy, edinburgh, scotland, hallucination, sexism, cop, murder, dirty cop, drugs, drunkenness, christmas, bipolar disorder, corrupt cop, misanthrope",https://image.tmdb.org/t/p/w500/wyB1WjlTPTM3I6lZip67GUzyrpS.jpg
Os Vigaristas,Matchstick Men,Lie. Cheat. Steal. Rinse. Repeat.,Ridley Scott,2003,"Comedy, Drama, Crime, Thriller","daughter, based on novel or book, parent child relationship, con man, pole dancer, obsessive compulsive disorder, criminal, bank vault, neurotic",https://image.tmdb.org/t/p/w500/mW6HZe1aoipzH8U7ucjma6E3LLx.jpg
Jornada nas Estrelas: O Filme,Star Trek: The Motion Picture,The human adventure is just beginning.,Robert Wise,1979,"Science Fiction, Adventure, Mystery","spacecraft, man vs machine, artificial intelligence (a.i.), self sacrifice, teleportation, san francisco, california, starship, space opera, reunited friends, outer space",https://image.tmdb.org/t/p/w500/wfiAfNwH6CMKxz4vRaW8CPTabtk.jpg
Lutando Pela Família,Fighting with My Family,A comedy about a family that fights a little differently.,Stephen Merchant,2019,Comedy,"england, sports, wrestling, biography, based on true story, family drama, family, norfolk",https://image.tmdb.org/t/p/w500/cVhe15rJLRjolunSWLBN6xQLyGU.jpg
A Hora do Pesadelo 3: Os Guerreiros dos Sonhos,A Nightmare on Elm Street 3: Dream Warriors,"If you think you're ready for Freddy, think again!",Chuck Russell,1987,"Horror, Thriller","dream, nightmare, sadism, psychopath, group therapy, supernatural, hypnosis, ohio, sequel, murder, slasher, trapped, alcoholic, mental illness, dream sequence, catholicism, disfigurement, sleepwalking, mental hospital, nightmare becomes reality, psychotherapist, supernatural horror",https://image.tmdb.org/t/p/w500/2RnJ7wgoaS9XPiofoXTLj2KkM20.jpg
Policial em Apuros 2,Ride Along 2,The brothers-in-law are back,Tim Story,2016,"Action, Comedy","police, family relationships, sequel, police officer, misadventure, buddy film",https://image.tmdb.org/t/p/w500/2433Vt8xuDnAIDAJTNx6DEtf9Qb.jpg
A Era do Gelo: As Aventuras de Buck,The Ice Age Adventures of Buck Wild,Disney+ gets wild.,"Marshall Fels Elliott, John C. Donkin",2022,"Animation, Comedy, Adventure, Family","ice age, snow, spin off, polar adventure",https://image.tmdb.org/t/p/w500/zzXFM4FKDG7l1ufrAkwQYv2xvnh.jpg
Brüno,Brüno,Borat was so 2006,Larry Charles,2009,Comedy,"homophobia, drag queen, satire, dominatrix, celebrity, mockumentary, social satire, fame, hollywood, tv reporter, lgbt, austrian, duringcreditsstinger, sex tape, celebrity interview, gay theme",https://image.tmdb.org/t/p/w500/xLFYL5gwCPnMDp5Qmd5wiRSsRPX.jpg
Caminhos da Memória,Reminiscence,Don't look back.,Lisa Joy,2021,"Mystery, Science Fiction","miami, florida, drug addiction, new orleans, louisiana, flashback, murder, memory, woman director, neo-noir",https://image.tmdb.org/t/p/w500/17siH6wJRQ2jZiqz9BWUhy1UtZ.jpg
Ali,Ali,Float like a butterfly and sting like a bee.,Michael Mann,2001,Drama,"transporter, boxer, biography",https://image.tmdb.org/t/p/w500/aBphVTRYpJS028Of2Ctho1mYgcF.jpg
Footloose: Ritmo Contagiante,Footloose,There comes a time to cut loose,Craig Brewer,2011,"Drama, Music, Romance","dancing, dance, dancer, remake, prom, dance music, dance teacher",https://image.tmdb.org/t/p/w500/68eo5PVf2o18BQivw3U7IJia6kV.jpg
Duplex,Duplex,,Danny DeVito,2003,Comedy,"dark comedy, new home, neighbor neighbor relationship",https://image.tmdb.org/t/p/w500/qM4pY3ODOgV0HygDkYh6Y9oyxhZ.jpg
Legado Explosivo,Honest Thief,Never steal a man's second chance.,Mark Williams,2020,"Thriller, Action, Crime, Drama","bomb, bank robber, criminal past, divorce, fbi agent",https://image.tmdb.org/t/p/w500/zeD4PabP6099gpE0STWJrJrCBCs.jpg
Teenagers: As Apimentadas,Bring It On,May the best moves win.,Peyton Reed,2000,Comedy,"high school, florida, sports, routine, cheerleader, plagiarism, rivalry, high school sports, cheerleading, teen movie, teenage girl, audition, cheering crowd, choreography, championship, duringcreditsstinger",https://image.tmdb.org/t/p/w500/uPkiecNHlBdSlQVG6s1NN2FLluF.jpg
Redenção,Hummingbird,All roads don't lead to salvation.,Steven Knight,2013,"Action, Thriller","london, england, homeless person, redemption, chinese mafia, criminal underworld, stolen identity, homeless",https://image.tmdb.org/t/p/w500/bN2aGUOxHRwGms68WTDr2MHzkKa.jpg
A Vida em um Ano,Life in a Year,,Mitja Okorn,2020,"Drama, Romance",,https://image.tmdb.org/t/p/w500/bP7u19opmHXYeTCUwGjlLldmUMc.jpg
Cartas na Mesa,Rounders,Trust everyone... But always cut the cards.,John Dahl,1998,"Drama, Crime","new york city, friendship, casino, poker, gambling, call girl, bratva (russian mafia), gambling debt, roulette, gain, atlantic city, law student, loan shark, credit card fraud, neo-noir",https://image.tmdb.org/t/p/w500/7JfFYnOLWi2X4TZXJ7qQ7xO1D2x.jpg
Lolita,Lolita,A forbidden love. An unthinkable attraction. The ultimate price.,Adrian Lyne,1997,Drama,"jealousy, based on novel or book, police, obsession, professor, blackmail, seduction, road trip, teacher, love, murder, older man younger woman relationship, lust, desire, illness, underage, voyeurism, flirtation, virginity, sex with a minor",https://image.tmdb.org/t/p/w500/9INcC14WZjCMKGE360VXmklCLdZ.jpg
"Sexo, Drogas e Jingle Bells",The Night Before,"Their past, present and future. All in one night.",Jonathan Levine,2015,"Comedy, Adventure, Fantasy","new york city, holiday, christmas party, male friendship, hanukkah, drugs, childhood friends, christmas music, christmas",https://image.tmdb.org/t/p/w500/rfeNBaiMBg0UQsBQFv1qsjTjZWn.jpg
A Soma de Todos os Medos,The Sum of All Fears,"27,000 nuclear weapons. One is missing.",Phil Alden Robinson,2002,"Thriller, Action, Drama","cia, usa president, based on novel or book, atomic bomb, spy, cold war, intelligence, chechnya, intelligence agency, nuclear explosion, terrorism, jack ryan, ex military, russian president, baltimore, maryland, cia analyst, intelligence analyst, arms inspection, imminent threat",https://image.tmdb.org/t/p/w500/3E4LW4bjRhEMDeeXeIsmkJ94v8K.jpg
Os Boxtrolls,The Boxtrolls,When troubles strikes friends stack together,"Graham Annable, Anthony Stacchi",2014,"Animation, Comedy, Family, Fantasy","based on novel or book, parent child relationship, stop motion, unlikely friendship, duringcreditsstinger",https://image.tmdb.org/t/p/w500/xDw2kqSDsYneL3g9OIpExPfqpHJ.jpg
Conduta de Risco,Michael Clayton,The truth can be adjusted.,Tony Gilroy,2007,"Drama, Thriller, Mystery, Crime","new york city, killing, chambers of a barrister, restaurant, fake suicide, lawsuit, business ethics, scandal, crooked lawyer, lawyer, law firm, legal thriller",https://image.tmdb.org/t/p/w500/hhkW4yVIGo8Bee3UITKvqOvhNMG.jpg
"Eu Te Amo, Cara","I Love You, Man",He needed a best man... He got the worst.,John Hamburg,2009,"Comedy, Romance","bondage, poker, wedding reception, fiancé, marriage, male friendship, gay interest, wedding, real estate agent, duringcreditsstinger, best man",https://image.tmdb.org/t/p/w500/ewGJfCkBkLV4naw1WKqO301bHh2.jpg
Dr. Dolittle 2,Dr. Dolittle 2,The doctor is in again.,Steve Carr,2001,"Comedy, Family, Romance, Fantasy","veterinarian, forest, anthropomorphism, bear, animal, nature, animal protection, helping",https://image.tmdb.org/t/p/w500/asYjHXBoD44B6mLOcZtMfMV3hm1.jpg
Garotas Selvagens,Wild Things,They're dying to play with you.,John McNaughton,1998,"Mystery, Thriller, Drama","sailboat, florida, rape, sexual abuse, court case, blackmail, eroticism, sailing, seduction, everglades, heart-throb, cheerleader, menage a trois, conspiracy, duringcreditsstinger, erotic thriller, accusation, pool",https://image.tmdb.org/t/p/w500/aaicreJBf7EuwGq3GgUV5ZedlfF.jpg
Spectral,Spectral,,Nic Mathieu,2016,"Science Fiction, Thriller, Action","supernatural, military",https://image.tmdb.org/t/p/w500/fYtIWhTDgPTcutD24f53Dcc7BAE.jpg
Ong Bak - Guerreiro Sagrado,องค์บาก,No computer graphics. No stunt doubles. No wires.,Prachya Pinkaew,2003,"Action, Thriller, Crime, Adventure","martial arts, fighter, thailand, sculpture, muay thai, gay interest, fate",https://image.tmdb.org/t/p/w500/iwb54L5lrv4t476jxWLcjt9Ply4.jpg
O Pequenino,Little Man,Big things come in small packages,Keenen Ivory Wayans,2006,"Comedy, Crime","baby, small person, married couple, adoption, criminal",https://image.tmdb.org/t/p/w500/zlmlkLVNexUciv3ffdtqHELEVgg.jpg
A Cor Púrpura,The Color Purple,It's about life. It's about love. It's about us.,Steven Spielberg,1985,"Drama, History","prison, rape, sibling relationship, jazz, southern usa, africa, black people, empowerment, adoption, violent father, violent husband, jazz singer or musician, letter, incest",https://image.tmdb.org/t/p/w500/mHKrzeBR4SBzc9g4hT9ncIAvM4E.jpg
Rápida e Mortal,The Quick and the Dead,Think you're quick enough?,Sam Raimi,1995,"Western, Action","gunslinger, revenge, prairie, shootout",https://image.tmdb.org/t/p/w500/jhEmrXJpP6F3cqwyLjvgBgxxxFA.jpg
Operação Supletivo: Agora Vai!,Night School,,Malcolm D. Lee,2018,Comedy,"baseball bat, exam, car crash, dyslexia, teacher, prom, learning disability, night school, high school drop out, boxing ring",https://image.tmdb.org/t/p/w500/uQVIQDc3foTPodZw0ie1Or0CXBn.jpg
Dúvida,Doubt,"There is no evidence. There are no witnesses. But for one, there is no doubt.",John Patrick Shanley,2008,Drama,"sexual abuse, wine, janitor, singing, pedophile, gossip, compassion, tolerance, 1960s",https://image.tmdb.org/t/p/w500/9lypT2ghNuUPYVJf66oe4fKvUqI.jpg
Superman III,Superman III,If the world's most powerful computer can control even Superman...no one on earth is safe.,Richard Lester,1983,"Comedy, Science Fiction, Action, Adventure","saving the world, superhero, super computer, identity crisis, loss of powers, based on comic, sequel, hacking, super power, bowling alley, superhuman strength",https://image.tmdb.org/t/p/w500/c4oR6qgZW2s5foGkQi2Dd86KuAS.jpg
Retratos de uma Obsessão,One Hour Photo,The things that we fear the most have already happened to us...,Mark Romanek,2002,"Drama, Thriller","hotel room, cheating, supermarket, penalty, photography, knife, birthday party, stalker, photo lab, voyeurism, unfaithful husband",https://image.tmdb.org/t/p/w500/fuSIN3Nq6dmaA8LZSkASpQueFO1.jpg
O Conto dos Contos,Il racconto dei racconti,Desire. Envy. Obsession.,Matteo Garrone,2015,"Romance, Fantasy, Horror","witch, queen, castle, king, twins, ogre, flea, mother son relationship, father daughter relationship, sister sister relationship",https://image.tmdb.org/t/p/w500/ryZsoaYmcEJsye6P5uo5thEjpqB.jpg
O Expresso da Meia-Noite,Midnight Express,"Walk into the incredible true experience of Billy Hayes, and bring all the courage you can!",Alan Parker,1978,"Drama, Crime","prison, airport, drug smuggling, escape, court, 1970s, attempt to escape, based on true story, prison guard, lawyer, torture, hashish, brutality, electronic music score, prison sentence, masturbation, prison brutality, istanbul, turkey, sadistic warden",https://image.tmdb.org/t/p/w500/mW54BtqVRxrPnoO9gQQjTLJlnuU.jpg
Letra e Música,Music and Lyrics,Share the music with someone you love.,Marc Lawrence,2007,"Comedy, Music, Romance","pop star, romantic comedy, has been, song writing, piano, lyrics",https://image.tmdb.org/t/p/w500/xcdA2WLBNcPXMQB9uA5DqqQvbwe.jpg
"Paris, Texas","Paris, Texas",A place for dreams. A place for heartbreak. A place to pick up the pieces.,Wim Wenders,1984,Drama,"van, regret, sibling relationship, texas, peep show, redemption, mute, los angeles, california, on the road, desert, family, modern-day western, neo-western, new german cinema",https://image.tmdb.org/t/p/w500/7G6ea5djDvCxfqfoMAX8479T4UB.jpg
O Casamento dos Meus Sonhos,The Wedding Planner,His big day is her big problem.,Adam Shankman,2001,"Comedy, Romance","san francisco, california, arranged marriage, wedding planner, romantic comedy, doctor, wedding, heiress, childhood friends, chance meeting, damsel in distress, heroic rescue, pediatrician, single woman, italian immigrant, organized, new money, in love with someone's man, old movies, fake fiancé, immigrant parents",https://image.tmdb.org/t/p/w500/meq4bLUPcBlOG3Z5YdiWuBMlpO.jpg
Culpa,Den skyldige,The crime is bigger than you think,Gustav Möller,2018,"Thriller, Drama","police officer, police station, cellular phone trace, phone call, suspended cop, emergency, one location, desk work, alarm dispatch",https://image.tmdb.org/t/p/w500/pBeRHioTDNRlgIKzkOCSk0ihkLW.jpg
O Reino Proibido,The Forbidden Kingdom,The battle for eternity is the fantasy of a lifetime.,Rob Minkoff,2008,"Action, Adventure, Fantasy","martial arts, based on novel or book, temple, legend, villainess, time travel, fistfight, shaolin, tempel, urination, east asian lead, staff, medieval, wuxia, warrior, action hero",https://image.tmdb.org/t/p/w500/mkrwLBAFHwLnQF8qdhCH0VOQqff.jpg
Da Colina Kokuriko,コクリコ坂から,Let’s walk facing upwards.,Gorô Miyazaki,2011,"Animation, Drama","high school, based on manga, clubhouse, post war japan, 1960s, anime, yokohama, japanese economic miracle",https://image.tmdb.org/t/p/w500/rRLYX4RZIyloHSJwvZKAhphAjiB.jpg
Crimes Ocultos,Child 44,How do you find a killer who doesn’t exist?,Daniel Espinosa,2015,"Crime, Thriller","based on novel or book, child murder, soviet union, murder, serial killer, military, stalinism, 1950s",https://image.tmdb.org/t/p/w500/qqGhMt31HVUN3WnH0L2r0OWq38E.jpg
Aviões,Planes,From above the world of Cars,Klay Hall,2013,"Animation, Family, Adventure, Comedy","countryside, competition, training, crop duster, anthropomorphism, fighter jet, around the world, personification, dedication",https://image.tmdb.org/t/p/w500/i2xgU0y0p77WTrB0oIkbpdaWq8R.jpg
Conexão Escobar,The Infiltrator,The true story of one man against the biggest drug cartel in history.,Brad Furman,2016,"Crime, Drama, Thriller","undercover, biography, drugs, drug lord",https://image.tmdb.org/t/p/w500/758F57DxVRLe38S1Je4O1Bjx2u6.jpg
O Sinal: Frequência do Medo,The Signal,R U Agitated?,William Eubank,2014,"Thriller, Science Fiction","hacker, virtual reality, road trip, super power, secret laboratory",https://image.tmdb.org/t/p/w500/opZNdMgVBl3kKpKlW58PXnLZKFV.jpg
Nascido em 4 de Julho,Born on the Fourth of July,A story of innocence lost and courage found.,Oliver Stone,1989,"Drama, War","vietnam war, vietnam veteran, post-traumatic stress disorder (ptsd), 1970s, wheelchair, biography, based on true story, based on memoir or autobiography, desert, fourth of july, anti war, drunkenness, 1950s, 1960s",https://image.tmdb.org/t/p/w500/k5HfnMgaREHDNA7CugiETCb9ItM.jpg
O Melhor Amigo da Noiva,Made of Honor,He'll do anything to get the groom out of the picture.,Paul Weiland,2008,"Comedy, Romance","love of one's life, scotland, ladykiller, bridesmaid, forbidden love, romantic comedy, one-night stand, friends in love",https://image.tmdb.org/t/p/w500/pDg8D0jNqmz7RbCBgblWvmPswHE.jpg
Trocando os Pés,The Cobbler,Saving the neighborhood one sole at a time.,Tom McCarthy,2014,"Fantasy, Comedy, Drama","gang leader, cobbler, jewish family, body switch, shoes, lower east side, sewing machine, jewish neighborhood, magical, new york",https://image.tmdb.org/t/p/w500/k6CYisrf2J2FXzvSXVJSscHc7Kj.jpg
Artemis Fowl: O Mundo Secreto,Artemis Fowl,Remember the name,Kenneth Branagh,2020,"Adventure, Fantasy, Science Fiction, Family, Action","ransom, magic, kidnapping, fairy, based on children's book, criminal mastermind, family, kid genius",https://image.tmdb.org/t/p/w500/tI8ocADh22GtQFV28vGHaBZVb0U.jpg
Espartalhões,Meet the Spartans,"The bigger the hit, the harder they fall.","Jason Friedberg, Aaron Seltzer",2008,Comedy,"army, fight, queen, penguin, parody, black hole, spoof, s.a.t., aftercreditsstinger, duringcreditsstinger",https://image.tmdb.org/t/p/w500/DWQOjAPvM8Kk1Qp3Xq0zae0Z6w.jpg
As Torres Gêmeas,World Trade Center,The world saw evil that day. Two men saw something else.,Oliver Stone,2006,"Drama, History, Thriller","rescue, hero, alarm clock, war on terror, runaway, fire engine, marine, hospital, terrorism, trapped, rubble, rescue team, 9/11, world trade center, terrorist group, al qaeda, firefighter",https://image.tmdb.org/t/p/w500/bfTiVc8kxq8uRXeblV3Ct35APGu.jpg
Qual É o Nome do Bebê,Le Prénom,A child is the beginning of happiness. A name is the beginning of despair.,"Alexandre de La Patellière, Matthieu Delaporte",2012,"Comedy, Drama",,https://image.tmdb.org/t/p/w500/5xKkDkv506CiSp99SxmHLsnaoFs.jpg
Cafarnaum,کفرناحوم,It takes courage to hope.,Nadine Labaki,2018,Drama,"child abuse, slum, refugee, neglect, child bride, lawsuit, undocumented immigrant, poverty, life in the slums, slum dwellers",https://image.tmdb.org/t/p/w500/mFnfTVADj8yOxwzprYOmTPselk8.jpg
As Horas,The Hours,The time to hide is over. The time to regret is gone. The time to live is now.,Stephen Daldry,2002,Drama,"depression, suicide, london, england, drowning, based on novel or book, aids, self-destruction, home, poetry, literature, province, empowerment, way of life, delusion, sense of life, country life, family's daily life, homelessness, leaving one's family",https://image.tmdb.org/t/p/w500/4myDtowDJQPQnkEDB1IWGtJR1Fo.jpg
Detroit em Rebelião,Detroit,It's time we knew,Kathryn Bigelow,2017,"Crime, Drama, Thriller, History","fire, police brutality, church choir, based on true story, beating, murder, racism, church, detroit, michigan, 1960s",https://image.tmdb.org/t/p/w500/tmCt2hy9QoFHft3UcHwpGX2Sihl.jpg
As Sufragistas,Suffragette,Mothers. Daughters. Rebels.,Sarah Gavron,2015,"Drama, History","london, england, biography, feminist, period drama, woman director, 1910s, suffragettes",https://image.tmdb.org/t/p/w500/vETQNfswR1R7SOIpGuFDv66xfb7.jpg
A Vida em Preto e Branco,Pleasantville,Nothing is as simple as black and white.,Gary Ross,1998,"Fantasy, Comedy, Drama","sibling relationship, dystopia, diner, satire, book burning, coming of age, racism, black and white, bathtub, tv show in film, masturbation, alternate reality, magic realism, color, 1950s, tv repairman",https://image.tmdb.org/t/p/w500/m1hhYP6OScjKU5Z9iZaWirSn4I6.jpg
Amores Expressos,重慶森林,What a difference a day makes.,Wong Kar-Wai,1994,"Drama, Comedy, Romance","drug smuggling, police, ex-girlfriend, girlfriend, snack bar, romance, hong kong, expiration date, flight attendant, cleaning",https://image.tmdb.org/t/p/w500/43I9DcNoCzpyzK8JCkJYpHqHqGG.jpg
Razão e Sensibilidade,Sense and Sensibility,Lose your heart and come to your senses.,Ang Lee,1995,"Drama, Romance","secret love, london, england, based on novel or book, widow, military officer, servant, country life, pneumonia, inheritance, period drama, english countryside, rainstorm, decorum, horse carriage, young love, dowry, 19th century, penniless, social elite, bloodletting, free spirited, sussex, 1800s, sisters love, social classes, marry for money, secret engagement, devonshire, england",https://image.tmdb.org/t/p/w500/cBK2yL3HqhFvIVd7lLtazWlRZPR.jpg
Sex and the City 2,Sex and the City 2,Carrie on.,Michael Patrick King,2010,"Comedy, Drama, Romance","female friendship, vacation, travel, gay marriage, american abroad, manhattan, new york city, united arab emirates, former lovers, abu dhabi",https://image.tmdb.org/t/p/w500/iHSRxhZsPaVuLCivvV6WEkMVGWU.jpg
Preciosa: Uma História de Esperança,Precious,We are all precious,Lee Daniels,2009,Drama,"rape, aids, illiteracy, unwillingly pregnant, balloon, school, crying, motorcycle, harlem, new york city, 1980s, abusive mother",https://image.tmdb.org/t/p/w500/cY23k6VQsHVfTQIHf7e887iAfq4.jpg
A Sogra,Monster-in-Law,This relationship is going to be a real mother.,Robert Luketic,2005,"Romance, Comedy","surgeon, man of one's dreams, free spirit, falling in love, overbearing mother, drinking, nervous breakdown, fiancé fiancée relationship, fashion design, rich man poor woman, scheme, wealth differences, rich family, imminent wedding, mother son relationship, interfering mother-in-law, disapproving parent, talk show host, best friends, controlling parent, meddling mother, moving in with significant other, chance encounter, temp worker, dogwalker, impromptu proposal",https://image.tmdb.org/t/p/w500/lOnvMSAojdtKeVv8a8ilywXp6dF.jpg
Rede de Intrigas,Network,Television will never be the same.,Sidney Lumet,1976,Drama,"adultery, new york city, corruption, profit, satire, tv ratings, murder, corporate, reporter, co-workers relationship, tv show in film, meeting, political satire, news, fired, network, anchor, tv news anchor",https://image.tmdb.org/t/p/w500/qZomlHsaALUtkFeMDwdYmwS2Pbo.jpg
O Menino que Descobriu o Vento,The Boy Who Harnessed the Wind,,Chiwetel Ejiofor,2019,"Drama, History, Family",feelgood,https://image.tmdb.org/t/p/w500/yOr7RxHw15MMXNxGMXSmngDqHyI.jpg
Os Sete Suspeitos,Clue,"Seven Suspects, Six Weapons, Five Bodies and Three Endings.",Jonathan Lynn,1985,"Comedy, Thriller, Crime, Mystery","blackmail, butler, board game, mansion, whodunit, maid, old house",https://image.tmdb.org/t/p/w500/aRxbYOYHS8T73nzR8hsLousoplR.jpg
Grindhouse,Grindhouse,A double feature that'll tear you in two!,"Robert Rodriguez, Eli Roth, Quentin Tarantino, Edgar Wright, Rob Zombie",2007,"Thriller, Action, Horror","exploitation, slasher, zombie, killer, death",https://image.tmdb.org/t/p/w500/vZ4pV3zwVb4pJwdvPBe5BKO6KLD.jpg
Agente do Futuro,Autómata,Your time is coming to an end – Ours is now beginning,Gabe Ibáñez,2014,"Thriller, Science Fiction","future, artificial intelligence (a.i.), hitman, dystopia, robot, ecology, desert, 2040s, ai",https://image.tmdb.org/t/p/w500/nUEIwqzTWYvEJEcMkHZ8BAi2rL0.jpg
Fallen: O Filme,Fallen,Some angels are destined to fall.,Scott Hicks,2016,"Drama, Fantasy, Romance","based on novel or book, fallen angel, reform school, based on young adult novel",https://image.tmdb.org/t/p/w500/k0na2JR3mIgl5m64tW5uxB5Fa4m.jpg
Armações do Amor,Failure to Launch,"To leave the nest, some men just need a little push.",Tom Dey,2006,"Comedy, Romance","romantic comedy, hotel mom, lying, living with parents, pretend relationship",https://image.tmdb.org/t/p/w500/wQrNTe7VDytVDet9Jus6RDKEPYZ.jpg
É Apenas o Fim do Mundo,Juste la fin du monde,It would have been a lovely family dinner. If it weren’t the last.,Xavier Dolan,2016,Drama,"narration, based on play or musical, dysfunctional family, male homosexuality, illness, critically bashed, lgbt, resentment, incommunicability, small talk, gay theme",https://image.tmdb.org/t/p/w500/zD9TQOqZrgTjI7XfHPNjNSki7C0.jpg
Piper: Descobrindo o Mundo,Piper,,Alan Barillaro,2016,"Family, Animation","fear, short film",https://image.tmdb.org/t/p/w500/rfEkkVzmrMYqGezNLl02mVyJCP2.jpg
Barton Fink - Delírios de Hollywood,Barton Fink,What's in his head,"Joel Coen, Ethan Coen",1991,"Comedy, Drama","hotel, screenplay, mass murder, movie business, screenwriter, neighbor, los angeles, california, neo-noir, 1940s",https://image.tmdb.org/t/p/w500/s8Jd8T2UktNkECPfaleruDt3zUf.jpg
O Gato,The Cat in the Hat,Don't mess with the hat.,Bo Welch,2003,"Comedy, Adventure, Family, Fantasy","sibling relationship, chaos, cat, boredom, surrealism, stepfather, slapstick comedy, house party, based on children's book, goldfish, impersonation, impersonating a police officer, talking cat, talking fish, live action and animation, mother son relationship, mother daughter relationship",https://image.tmdb.org/t/p/w500/rarkyyiNciLa0r9Ywz6VdnDIaZA.jpg
Alvin e os Esquilos: Na Estrada,Alvin and the Chipmunks: The Road Chip,Fast & furry-ous,Walt Becker,2015,"Adventure, Animation, Comedy, Family","anthropomorphism, chipmunk, hitchhiker, aftercreditsstinger, duringcreditsstinger, live action and animation",https://image.tmdb.org/t/p/w500/aQhFoqby8UYq4uGQXOtV7P8JLBl.jpg
A Vingança Está na Moda,The Dressmaker,Revenge is back in fashion,Jocelyn Moorhouse,2015,"Drama, Comedy","australia, small town, based on novel or book, suppressed past, dark comedy, bullying, exile, dressmaker, revenge, accidental death, house fire, hometown, brother sister , dressing, costume designer, cross dresser, fashion design, woman director, suppressed memory, australian outback, evening gown, odd crowd, accused of murder, 1950s, town gossip, revenge tragedy, return to hometown, grain silo",https://image.tmdb.org/t/p/w500/3APZ6T1JqZnkPx012P9tos8BGAf.jpg
O Zelador Animal,Zookeeper,Welcome to his jungle.,Frank Coraci,2011,"Comedy, Romance, Family","zoo, anthropomorphism, zookeeper, scientist, ostrich, monkey, bullfrog, car dealership, duringcreditsstinger",https://image.tmdb.org/t/p/w500/y3b4AYw8dr4hIKTfEAjxUxx0z8G.jpg
Super Size Me - A Dieta do Palhaço,Super Size Me,The first ever reality-based movie ... everything begins and ends in 30 days!,Morgan Spurlock,2004,Documentary,"experiment, diet, junk food, health, food industry, fast food",https://image.tmdb.org/t/p/w500/zYkbqQaCuIHBxqBDGgnQCwJ9jIG.jpg
Até o Limite da Honra,G.I. Jane,Failure is not an option.,Ridley Scott,1997,"Action, Drama","gulf war, helicopter, middle east, libya, u.s. navy, sexism, naval officer, sexual harassment, feminist, u.s. navy seal, drill instructor, military, against the odds, u.s. senator, us military, military training, reconnaissance, sexual discrimination, proving oneself, political, women in the military, woman in a man's world, military tradition, one of the guys, physical training, military exercises, seal team",https://image.tmdb.org/t/p/w500/6yBgZJYqaR4XkxwjsB9tS4GK1ZN.jpg
A Menina que Brincava com Fogo,Flickan som lekte med elden,Fight Fire with Fire,Daniel Alfredson,2009,"Drama, Action, Thriller, Crime, Mystery","journalist, friendship, hacker, new identity, investigation, arson, domestic abuse, sex trafficking, millennium, soviet defector",https://image.tmdb.org/t/p/w500/A8UjhPjINIBgmoH37aqt40u53PQ.jpg
Ricky Bobby: A Toda Velocidade,Talladega Nights: The Ballad of Ricky Bobby,The story of a man who could only count to #1.,Adam McKay,2006,Comedy,"car race, prayer, north carolina, family dinner, motorcycle, advertising, divorce, nascar, dog trainer, sport competition, psychosomatic illness, aftercreditsstinger, duringcreditsstinger",https://image.tmdb.org/t/p/w500/3iCiTqsmJz1mO85AHzTiHNkRmb6.jpg
Atração Mortal,Heathers,"Best friends, social trends, and occasional murder.",Michael Lehmann,1989,"Comedy, Crime","high school, friendship, adolescence, suicide, diary, dark comedy, bully, teen movie, death, clique, bullied, provocative, absurd",https://image.tmdb.org/t/p/w500/dGbVfM4WlM7uvIbyRehfPZUIgp2.jpg
Além da Vida,Hereafter,Touched by death. Changed by life.,Clint Eastwood,2010,"Drama, Fantasy","journalist, afterlife, tsunami",https://image.tmdb.org/t/p/w500/nOy0X8XSmSDOuwV8pqT70WoWHwT.jpg
O Golpista do Ano,I Love You Phillip Morris,The Conman who wouldn't go straight.,"Glenn Ficarra, John Requa",2009,"Comedy, Crime, Drama, Romance","small town, miami, florida, judge, con man, fraud, insurance fraud, car crash, jail, lgbt, white collar criminal, 1990s, gay theme, gay relationship",https://image.tmdb.org/t/p/w500/qtAuWLGQ7N4PNQ6boZeqqoUY2l9.jpg
Blitz,Blitz,It's cop-killer vs. killer-cop,Elliott Lester,2011,"Crime, Action, Thriller","london, england, based on novel or book, homophobia, psychopath, revenge, murder, arson, serial killer, lawyer, police detective, lgbt",https://image.tmdb.org/t/p/w500/qjqmhhc7uLub22mhu4V6DjOBwXM.jpg
Tudo Que Uma Garota Quer,What a Girl Wants,Trying to fit in. Born to stand out.,Dennie Gordon,2003,"Comedy, Romance, Drama, Family","daughter, london, england, england, parent child relationship, election campaign, culture clash, paparazzi, politician, royalty, teen movie, teenage girl, american abroad, teen comedy, father daughter reunion, woman director, teenage romance, father daughter relationship",https://image.tmdb.org/t/p/w500/gGpMruX59KWNuAXgHpiAm8hiChw.jpg
Belas e Perseguidas,Hot Pursuit,Armed and Sort-of Dangerous.,Anne Fletcher,2015,"Action, Comedy, Crime","prisoner, drug trafficking, texas, witness protection, police protection, cop, u.s. marshal, on the run, drug cartel, shootout, police officer, drug lord, woman director, legacy, outtakes, police escort, car chase, ride along, by-the-book",https://image.tmdb.org/t/p/w500/lobNOBHuJQCP9ZYAf86MBMwRrmZ.jpg
15h17: Trem para Paris,The 15:17 to Paris,In the face of fear ordinary people can do the extraordinary,Clint Eastwood,2018,"Drama, Thriller","paris, france, based on novel or book, classroom, train, terrorism, terrorist group",https://image.tmdb.org/t/p/w500/qxJQ0VBCuJkJhJmuWzxI408ngwd.jpg
Frank,Frank,"When you think you've gone far enough, go farther.",Lenny Abrahamson,2014,"Comedy, Drama, Mystery","mask, friendship, musician, identity, ireland, songwriter, austin, texas, twitter, mysterious, mental problems, keyboardist",https://image.tmdb.org/t/p/w500/mGzqs4CHW8LomreoPATnyrTXk7j.jpg
Descendentes 2,Descendants 2,Long Live Evil,Kenny Ortega,2017,"Family, Music, Fantasy, TV Movie, Adventure, Action, Romance","magic, fairy tale, villain, musical, teen movie",https://image.tmdb.org/t/p/w500/qoNlGfQmFZ37Gf5fRBaCTLlOZtx.jpg
Soldado Universal,Universal Soldier,The future has a bad attitude.,Roland Emmerich,1992,"Thriller, Action, Science Fiction, Crime","vietnam, revitalization, barrage, reporter, soldier",https://image.tmdb.org/t/p/w500/fp0mWrHl1SW9PhP8QcsgYPoVYFc.jpg
Falcão: O Campeão dos Campeões,Over the Top,Some fight for money... Some fight for glory... He's fighting for his son's love.,Menahem Golan,1987,"Action, Drama","sports, bad father-in-law, road trip, truck driver, arm wrestling",https://image.tmdb.org/t/p/w500/7oxcGe0aTSgYADGCxenNvk9z7dk.jpg
O Novíssimo Testamento,Le tout nouveau testament,God Exists. He Lives in Brussels with his teenage daughter.,Jaco Van Dormael,2015,"Comedy, Fantasy","surreal, god",https://image.tmdb.org/t/p/w500/w42B8tzdYGJGZdhUQfQ71sFxfU1.jpg
Angry Birds 2: O Filme,The Angry Birds Movie 2,Frenemies Unite,"Thurop Van Orman, John Rice",2019,"Animation, Comedy, Adventure, Family","island, rivalry, sequel, family, animal kingdom",https://image.tmdb.org/t/p/w500/ebe8hJRCwdflNQbUjRrfmqtUiNi.jpg
A Conversação,The Conversation,Harry Caul is an invader of privacy. The best in the business.,Francis Ford Coppola,1974,"Crime, Drama, Mystery","shadowing, san francisco, california, technology, spy, audio tape, paranoia, wiretap, saxophone, conspiracy, tragic event, surveillance, voyeur",https://image.tmdb.org/t/p/w500/9LGN30PhmzAZhDc23yFBZAHtNST.jpg
Philomena,Philomena,These two unlikely companions are on a journey to find her long lost son.,Stephen Frears,2013,Drama,"journalist, london, england, washington dc, usa, based on novel or book, nurse, faith, forgiveness, orphanage, adoption, based on true story, scandal, ireland, teenage pregnancy, chance meeting, human interest, unwed mother, international adoption, search for child, mother son relationship, abbey, convent, deep sadness, secrets",https://image.tmdb.org/t/p/w500/eBUv2GmGdXmCk1AaSOmyiu70hN8.jpg
O Lamento,곡성,Never be tempted.,Na Hong-jin,2016,"Horror, Mystery","daughter, small town, police, investigation, exorcism, possession, murder, priest, rural area, curse, shaman, zombie, demon, shrine, macabre, ghost, gluttony, folk horror, grim, acupuncture, divination, anxious, distressing, frightened",https://image.tmdb.org/t/p/w500/aXlL7yYwpXInhltamtzKQFBG08G.jpg
Como Cães e Gatos,Cats & Dogs,Things Are Gonna Get Hairy!,Lawrence Guterman,2001,"Family, Comedy","martial arts, hero, fight, cat, spy, secret organization, villain, governance, puppy, talking dog, allergy, dog, cat vs dog, talking cat, pets",https://image.tmdb.org/t/p/w500/rM6qLVhApXiXYjMuzSFOESUiVaJ.jpg
Rua do Medo: 1666 - Parte 3,Fear Street: 1666,End the curse.,Leigh Janiak,2021,"Mystery, Horror","based on novel or book, curse, witchcraft, witch hunt",https://image.tmdb.org/t/p/w500/rmEPtz3Ufzol2VWUAZYzOFaBio3.jpg
Pacto Sinistro,Strangers on a Train,It starts with a shriek of a train whistle... and ends with shrieking excitement!,Alfred Hitchcock,1951,"Crime, Thriller","infidelity, island, based on novel or book, perfect crime, psychopath, obsession, detective, suspicion, theory, carousel , lighter, gay interest, film noir, stalking, black and white, train, strangulation, double cross, amusement park, husband wife estrangement, chance meeting, cocktail party, fiancée, perfect murder, penn station, storm drain, tennis match, tennis pro, trains, homosexual subtext, murder swap, the perfect murder",https://image.tmdb.org/t/p/w500/ihC083U7ef56Ui4x0P0dobojrZ1.jpg
Skyline: A Invasão,Skyline,Don't look up,"Colin Strause, Greg Strause",2010,"Science Fiction, Adventure, Action, Thriller","missile, transformation, light, giant monster, alien, unfaithfulness, fireplace, los angeles, california, alien invasion, cell phone, rooftop, pregnant woman, group of friends, boyfriend girlfriend relationship, duringcreditsstinger, alien monster, alien creature, spaceship, apartment, party, giant creature, suspense, blue light, exposed brain",https://image.tmdb.org/t/p/w500/8QpvbnNrtzijlwiM0bFVeilc6lc.jpg
Scoop: O Grande Furo,Scoop,The perfect man. The perfect story. The perfect murder.,Woody Allen,2006,"Comedy, Mystery","daughter, newspaper, journalist, prostitute, drowning, funeral, upper class, afterlife, magic, tarot cards, suspicion of murder, investigation, music instrument, magic show, lordship, headline, swimming pool, wealth, murder, american, united kingdom",https://image.tmdb.org/t/p/w500/aHvZYoQNRTMrfs46pj64b9GrbaK.jpg
Horas Decisivas,The Finest Hours,"32 survivors, room for 12.",Craig Gillespie,2016,"Action, Drama, History, Thriller","coast guard, rescue mission, based on true story, survival, storm at sea, sinking ship, 1950s",https://image.tmdb.org/t/p/w500/6UG91TJ4DKI6FGdqXZfDBeRZHX8.jpg
As Peripécias do Ratinho Detetive,The Great Mouse Detective,London's crime-fighting ace on his most baffling case!,"Ron Clements, Burny Mattinson, Dave Michener, John Musker",1986,"Animation, Family, Adventure, Mystery","london, england, detective, queen, mouse, victorian england, cartoon mouse, 19th century",https://image.tmdb.org/t/p/w500/9uDr7vfjCFr39KGCcqrk44Cg7fQ.jpg
